frame_num,object_type,track_id,team_id,map_x,map_y
0,players,1,1.0,8.25841236114502,51.413726806640625
0,players,3,0.0,12.971844673156738,55.677494049072266
0,players,4,1.0,19.828096389770508,66.72337341308594
0,players,5,1.0,0.8338519930839539,44.05534362792969
0,players,6,0.0,,
0,players,7,0.0,17.71411895751953,28.741228103637695
0,players,8,0.0,6.809571743011475,58.266632080078125
0,players,9,0.0,3.0749917030334473,42.29246520996094
0,players,10,0.0,18.667722702026367,41.069366455078125
0,players,11,1.0,,
0,players,12,0.0,,
0,players,13,1.0,4.155205726623535,18.04488182067871
0,players,14,1.0,3.692314863204956,59.72101593017578
0,players,15,0.0,,
0,players,16,1.0,,
0,players,17,1.0,13.951472282409668,36.39087677001953
0,players,18,1.0,17.082185745239258,60.74304962158203
0,players,21,0.0,17.381145477294922,60.98383712768555
0,players,23,1.0,,
0,players,24,,,
1,players,1,1.0,8.257944107055664,51.41318893432617
1,players,3,0.0,12.97204875946045,55.6767463684082
1,players,4,1.0,19.828044891357422,66.72303771972656
1,players,5,1.0,0.8341896533966064,44.0576286315918
1,players,6,0.0,,
1,players,7,0.0,17.71371078491211,28.7398738861084
1,players,8,0.0,6.8093743324279785,58.26646423339844
1,players,9,0.0,3.074798107147217,42.29238510131836
1,players,10,0.0,18.66815757751465,41.0667610168457
1,players,11,1.0,,
1,players,12,0.0,,
1,players,13,1.0,4.1548333168029785,18.04437255859375
1,players,14,1.0,3.692199230194092,59.720252990722656
1,players,15,0.0,,
1,players,16,1.0,,
1,players,17,1.0,13.949766159057617,36.39634323120117
1,players,18,1.0,17.081562042236328,60.74542999267578
1,players,21,0.0,17.383398056030273,60.98098373413086
1,players,23,1.0,,
1,players,24,,,
2,players,6,0.0,,
2,players,1,1.0,8.413408279418945,51.52054977416992
2,players,4,1.0,19.756982803344727,66.8038330078125
2,players,5,1.0,0.8471800684928894,44.02436447143555
2,players,10,0.0,18.715761184692383,41.05870056152344
2,players,14,1.0,3.726126194000244,59.843997955322266
2,players,8,0.0,6.834929943084717,58.2842903137207
2,players,7,0.0,17.759498596191406,28.775638580322266
2,players,9,0.0,3.097959518432617,42.25484085083008
2,players,3,0.0,13.09578800201416,55.91152572631836
2,players,12,0.0,,
2,players,11,1.0,,
2,players,13,1.0,4.146460056304932,18.06635093688965
2,players,15,0.0,,
2,players,16,1.0,,
2,players,18,1.0,17.114866256713867,60.747230529785156
2,players,17,1.0,13.945240020751953,36.45085525512695
2,players,21,0.0,17.541589736938477,61.224491119384766
2,players,23,1.0,,
3,players,10,0.0,18.717506408691406,41.10651779174805
3,players,6,0.0,,
3,players,4,1.0,19.702760696411133,66.88793182373047
3,players,1,1.0,8.498573303222656,51.55941390991211
3,players,7,0.0,17.871780395507812,28.72158432006836
3,players,14,1.0,3.729165554046631,59.982303619384766
3,players,8,0.0,6.83933162689209,58.308250427246094
3,players,9,0.0,3.145571708679199,42.270320892333984
3,players,5,1.0,0.871801495552063,44.093544006347656
3,players,11,1.0,,
3,players,16,1.0,,
3,players,3,0.0,13.243250846862793,55.799190521240234
3,players,13,1.0,4.1413726806640625,18.178041458129883
3,players,15,0.0,,
3,players,18,1.0,17.14154624938965,60.75496292114258
3,players,12,0.0,,
3,players,17,1.0,13.943285942077637,36.4260368347168
3,players,21,0.0,17.637182235717773,61.13962173461914
3,players,23,1.0,,
4,players,10,0.0,18.729961395263672,41.247474670410156
4,players,1,1.0,8.558114051818848,51.55025863647461
4,players,6,0.0,,
4,players,14,1.0,3.725696325302124,60.1015739440918
4,players,7,0.0,17.939023971557617,28.753990173339844
4,players,3,0.0,13.381884574890137,55.829795837402344
4,players,4,1.0,19.584678649902344,66.93795013427734
4,players,8,0.0,6.847349643707275,58.30879592895508
4,players,11,1.0,,
4,players,5,1.0,0.897571325302124,44.10820007324219
4,players,9,0.0,3.1844165325164795,42.26962661743164
4,players,16,1.0,,
4,players,15,0.0,,
4,players,13,1.0,4.116090774536133,18.10709571838379
4,players,12,0.0,,
4,players,17,1.0,13.927857398986816,36.654205322265625
4,players,18,1.0,17.184608459472656,60.8957405090332
4,players,21,0.0,17.658489227294922,61.34953689575195
4,players,23,1.0,,
5,players,4,1.0,19.4137020111084,66.91490936279297
5,players,10,0.0,18.743541717529297,41.29063415527344
5,players,3,0.0,13.549029350280762,55.88524627685547
5,players,6,0.0,,
5,players,14,1.0,3.7158854007720947,60.293975830078125
5,players,11,1.0,,
5,players,5,1.0,0.9129408001899719,44.12830352783203
5,players,1,1.0,8.612578392028809,51.70705795288086
5,players,7,0.0,18.026996612548828,28.785375595092773
5,players,8,0.0,6.855504035949707,58.33071517944336
5,players,16,1.0,,
5,players,9,0.0,3.2147367000579834,42.26182556152344
5,players,15,0.0,,
5,players,28,0.0,,
5,players,13,1.0,4.081033229827881,18.10348892211914
5,players,12,0.0,,
5,players,18,1.0,17.43314552307129,61.04099655151367
5,players,17,1.0,13.91590690612793,36.78936767578125
5,players,21,0.0,17.676931381225586,61.124473571777344
5,players,23,1.0,,
6,players,4,1.0,19.220705032348633,66.966552734375
6,players,10,0.0,18.75341033935547,41.39609909057617
6,players,5,1.0,0.9319949746131897,44.195770263671875
6,players,1,1.0,8.677867889404297,51.92856979370117
6,players,15,0.0,,
6,players,14,1.0,3.7119243144989014,60.365447998046875
6,players,9,0.0,3.2799713611602783,42.2855339050293
6,players,11,1.0,,
6,players,3,0.0,13.680002212524414,55.9376220703125
6,players,16,1.0,,
6,players,28,0.0,,
6,players,8,0.0,6.855247497558594,58.33232116699219
6,players,7,0.0,18.07149314880371,28.785818099975586
6,players,6,0.0,,
6,players,12,0.0,,
6,players,13,1.0,4.08176326751709,18.126251220703125
6,players,17,1.0,13.947257041931152,36.730567932128906
6,players,21,0.0,17.789342880249023,61.40895462036133
6,players,18,1.0,17.58540916442871,61.030067443847656
6,players,23,1.0,,
7,players,4,1.0,19.025371551513672,67.2037582397461
7,players,5,1.0,0.9454811215400696,44.21098327636719
7,players,1,1.0,8.77310848236084,52.11100387573242
7,players,14,1.0,3.7075300216674805,60.40922927856445
7,players,15,0.0,,
7,players,16,1.0,,
7,players,9,0.0,3.3198952674865723,42.31454849243164
7,players,11,1.0,,
7,players,6,0.0,,
7,players,28,0.0,,
7,players,10,0.0,18.81833839416504,41.368900299072266
7,players,8,0.0,6.8532538414001465,58.329349517822266
7,players,3,0.0,13.776982307434082,56.03330612182617
7,players,7,0.0,18.13456153869629,28.86038589477539
7,players,12,0.0,,
7,players,13,1.0,4.092916488647461,18.107463836669922
7,players,17,1.0,13.959454536437988,36.702056884765625
7,players,18,1.0,17.498851776123047,61.45549011230469
7,players,23,1.0,,
8,players,16,1.0,,
8,players,3,0.0,13.887983322143555,56.16517639160156
8,players,6,0.0,,
8,players,14,1.0,3.6874351501464844,60.482513427734375
8,players,5,1.0,0.9584466218948364,44.22412872314453
8,players,15,0.0,,
8,players,11,1.0,,
8,players,1,1.0,8.84467887878418,52.21338653564453
8,players,7,0.0,18.150711059570312,29.122711181640625
8,players,4,1.0,18.90349006652832,67.30567932128906
8,players,9,0.0,3.33762788772583,42.48677444458008
8,players,8,0.0,6.859162330627441,58.30341720581055
8,players,28,0.0,,
8,players,10,0.0,18.86381721496582,41.384674072265625
8,players,18,1.0,17.622465133666992,61.625755310058594
8,players,12,0.0,,
8,players,13,1.0,4.093780040740967,18.098764419555664
8,players,17,1.0,13.968487739562988,36.65823745727539
8,players,29,1.0,,
8,players,23,1.0,,
9,players,3,0.0,14.056513786315918,56.57351303100586
9,players,4,1.0,18.723031997680664,67.41886901855469
9,players,5,1.0,0.9712828397750854,44.242576599121094
9,players,14,1.0,3.687126874923706,60.533199310302734
9,players,6,0.0,,
9,players,11,1.0,,
9,players,7,0.0,18.201730728149414,29.11764907836914
9,players,15,0.0,,
9,players,8,0.0,6.871757507324219,58.31513214111328
9,players,12,0.0,,
9,players,28,0.0,,
9,players,18,1.0,17.66087532043457,61.766090393066406
9,players,1,1.0,8.958674430847168,52.09612274169922
9,players,10,0.0,18.903419494628906,41.37691879272461
9,players,9,0.0,3.3646717071533203,42.46587371826172
9,players,16,1.0,,
9,players,13,1.0,4.107431411743164,18.14087677001953
9,players,17,1.0,13.973426818847656,36.67129898071289
9,players,29,1.0,,
10,players,4,1.0,18.55000114440918,67.54840087890625
10,players,11,1.0,,
10,players,6,0.0,,
10,players,5,1.0,0.9908944964408875,44.22714614868164
10,players,14,1.0,3.6737220287323,60.55522537231445
10,players,7,0.0,18.25928497314453,29.078582763671875
10,players,1,1.0,9.05587387084961,52.21415328979492
10,players,12,0.0,,
10,players,8,0.0,6.873111248016357,58.4046630859375
10,players,28,0.0,,
10,players,15,0.0,,
10,players,10,0.0,18.93919563293457,41.38237380981445
10,players,9,0.0,3.4057230949401855,42.509315490722656
10,players,13,1.0,4.111599922180176,18.170364379882812
10,players,3,0.0,14.201627731323242,56.50509262084961
10,players,17,1.0,13.969582557678223,36.692779541015625
10,players,29,1.0,,
10,players,16,1.0,,
10,players,18,1.0,17.73467254638672,61.708003997802734
11,players,6,0.0,,
11,players,11,1.0,,
11,players,8,0.0,6.880148410797119,58.44296646118164
11,players,14,1.0,3.6650078296661377,60.56737518310547
11,players,5,1.0,1.0084538459777832,44.22682571411133
11,players,7,0.0,18.27309799194336,29.2327823638916
11,players,4,1.0,18.379886627197266,67.4703369140625
11,players,1,1.0,9.181090354919434,52.24024963378906
11,players,12,0.0,,
11,players,10,0.0,18.963592529296875,41.45009994506836
11,players,28,0.0,,
11,players,9,0.0,3.440775156021118,42.542476654052734
11,players,3,0.0,14.499149322509766,56.82197189331055
11,players,16,1.0,,
11,players,15,0.0,,
11,players,13,1.0,4.11316442489624,18.319562911987305
11,players,17,1.0,13.971359252929688,36.70360565185547
11,players,29,1.0,,
11,players,21,0.0,18.023075103759766,62.06386947631836
11,players,18,1.0,17.925636291503906,61.756019592285156
12,players,6,0.0,,
12,players,8,0.0,6.885596752166748,58.59567642211914
12,players,14,1.0,3.6412792205810547,60.56831359863281
12,players,11,1.0,,
12,players,5,1.0,1.039626121520996,44.27311325073242
12,players,4,1.0,18.17880630493164,67.4715576171875
12,players,10,0.0,18.99163818359375,41.482486724853516
12,players,1,1.0,9.282669067382812,52.25151062011719
12,players,7,0.0,18.302169799804688,29.174036026000977
12,players,12,0.0,,
12,players,9,0.0,3.4683496952056885,42.72853088378906
12,players,3,0.0,14.587329864501953,56.9112434387207
12,players,16,1.0,,
12,players,28,0.0,,
12,players,15,0.0,,
12,players,13,1.0,4.11700963973999,18.340103149414062
12,players,29,1.0,,
12,players,17,1.0,13.956273078918457,36.79871368408203
12,players,21,0.0,18.16581916809082,62.10873031616211
13,players,4,1.0,18.05634880065918,67.52178955078125
13,players,8,0.0,6.897272109985352,58.82726287841797
13,players,6,0.0,,
13,players,14,1.0,3.6075570583343506,60.57522201538086
13,players,10,0.0,18.996105194091797,41.68183898925781
13,players,11,1.0,,
13,players,1,1.0,9.339824676513672,52.51999282836914
13,players,5,1.0,1.072128415107727,44.31558609008789
13,players,7,0.0,18.369333267211914,29.32394790649414
13,players,9,0.0,3.4852898120880127,42.757057189941406
13,players,28,0.0,,
13,players,3,0.0,14.706384658813477,56.969932556152344
13,players,16,1.0,,
13,players,12,0.0,,
13,players,15,0.0,,
13,players,13,1.0,4.113073348999023,18.419788360595703
13,players,29,1.0,,
13,players,17,1.0,13.977238655090332,36.65937423706055
13,players,21,0.0,18.18598175048828,62.22632598876953
14,players,8,0.0,6.87488317489624,58.94150924682617
14,players,7,0.0,18.434825897216797,29.332120895385742
14,players,1,1.0,9.385214805603027,52.75172424316406
14,players,6,0.0,,
14,players,3,0.0,14.878881454467773,56.98159408569336
14,players,5,1.0,1.0895224809646606,44.362030029296875
14,players,16,1.0,,
14,players,11,1.0,,
14,players,9,0.0,3.5120794773101807,42.58826446533203
14,players,12,0.0,,
14,players,14,1.0,3.575469493865967,60.545318603515625
14,players,28,0.0,,
14,players,15,0.0,,
14,players,10,0.0,19.031330108642578,41.899288177490234
14,players,4,1.0,17.954580307006836,67.45829010009766
14,players,13,1.0,4.116992950439453,18.457706451416016
14,players,29,1.0,,
14,players,17,1.0,14.170938491821289,35.27309799194336
14,players,21,0.0,18.25067901611328,62.47798538208008
14,players,33,1.0,18.778162002563477,61.536861419677734
14,players,18,0.0,18.448413848876953,61.940269470214844
15,players,1,1.0,9.490863800048828,52.795860290527344
15,players,8,0.0,6.899087905883789,58.9577751159668
15,players,16,1.0,,
15,players,3,0.0,14.94965934753418,57.017181396484375
15,players,5,1.0,1.1359225511550903,44.45692825317383
15,players,7,0.0,18.443702697753906,29.48361587524414
15,players,9,0.0,3.550792694091797,42.952335357666016
15,players,10,0.0,19.113710403442383,41.861083984375
15,players,11,1.0,,
15,players,28,0.0,,
15,players,14,1.0,3.5433897972106934,60.56241989135742
15,players,15,0.0,,
15,players,6,0.0,,
15,players,12,0.0,,
15,players,18,1.0,18.36932373046875,62.7344970703125
15,players,13,1.0,4.1234564781188965,18.680831909179688
15,players,4,1.0,17.789485931396484,67.3486328125
15,players,29,1.0,,
15,players,17,1.0,14.188794136047363,35.220733642578125
16,players,16,1.0,,
16,players,8,0.0,6.9102277755737305,58.992942810058594
16,players,3,0.0,14.995858192443848,57.22024154663086
16,players,1,1.0,9.558993339538574,53.05856704711914
16,players,10,0.0,19.147626876831055,41.96149826049805
16,players,5,1.0,1.1595573425292969,44.496803283691406
16,players,28,0.0,,
16,players,9,0.0,3.5749454498291016,42.9636116027832
16,players,11,1.0,,
16,players,7,0.0,18.518875122070312,29.487998962402344
16,players,14,1.0,3.498192310333252,60.57473373413086
16,players,6,0.0,,
16,players,15,0.0,,
16,players,18,1.0,18.456754684448242,62.77958297729492
16,players,4,1.0,17.590904235839844,67.2884292602539
16,players,13,1.0,4.12416410446167,18.924182891845703
16,players,12,0.0,,
16,players,29,1.0,,
16,players,17,1.0,13.982855796813965,36.79563522338867
17,players,3,0.0,15.052661895751953,57.613731384277344
17,players,16,1.0,,
17,players,8,0.0,6.930558681488037,58.98868942260742
17,players,1,1.0,9.60179328918457,53.02248001098633
17,players,28,0.0,,
17,players,5,1.0,1.1659884452819824,44.55662536621094
17,players,14,1.0,3.4417009353637695,60.541893005371094
17,players,10,0.0,19.1844539642334,41.97697830200195
17,players,9,0.0,3.5737035274505615,42.98274612426758
17,players,6,0.0,,
17,players,7,0.0,18.58677864074707,29.431968688964844
17,players,11,1.0,,
17,players,12,0.0,,
17,players,13,1.0,4.125312805175781,18.9290771484375
17,players,17,1.0,13.918482780456543,37.34592056274414
17,players,15,0.0,,
17,players,29,1.0,,
17,players,21,0.0,18.48503303527832,63.075408935546875
17,players,4,1.0,17.50442886352539,67.35363006591797
17,players,33,1.0,19.179975509643555,60.16804504394531
18,players,3,0.0,15.174144744873047,57.73589324951172
18,players,1,1.0,9.700068473815918,53.080039978027344
18,players,8,0.0,6.966818809509277,58.99179458618164
18,players,14,1.0,3.4158670902252197,60.57054901123047
18,players,5,1.0,1.17979896068573,44.55992889404297
18,players,28,0.0,,
18,players,12,0.0,,
18,players,6,0.0,,
18,players,16,1.0,,
18,players,10,0.0,19.198516845703125,42.0029182434082
18,players,11,1.0,,
18,players,7,0.0,18.629018783569336,29.490154266357422
18,players,13,1.0,4.133612632751465,18.968660354614258
18,players,9,0.0,3.6354987621307373,43.0118408203125
18,players,17,1.0,13.931327819824219,37.36685562133789
18,players,4,1.0,17.331787109375,67.36805725097656
18,players,21,0.0,18.498075485229492,63.08478546142578
18,players,29,1.0,,
18,players,15,0.0,,
18,players,33,1.0,19.249988555908203,60.305564880371094
19,players,8,0.0,7.012507915496826,58.98012161254883
19,players,1,1.0,9.817879676818848,53.12730407714844
19,players,3,0.0,15.266810417175293,57.921226501464844
19,players,12,0.0,,
19,players,14,1.0,3.382617235183716,60.69999313354492
19,players,5,1.0,1.2136867046356201,44.7226676940918
19,players,11,1.0,,
19,players,10,0.0,19.206058502197266,42.13515853881836
19,players,16,1.0,,
19,players,13,1.0,4.132771968841553,18.99351692199707
19,players,7,0.0,18.673566818237305,29.634544372558594
19,players,6,0.0,,
19,players,28,0.0,,
19,players,17,1.0,13.975979804992676,37.36154556274414
19,players,15,0.0,,
19,players,4,1.0,17.103586196899414,67.32423400878906
19,players,9,0.0,3.658078193664551,42.93608856201172
19,players,21,0.0,18.351703643798828,63.51986312866211
19,players,29,1.0,,
19,players,18,1.0,19.22844886779785,60.9539794921875
20,players,8,0.0,7.069188117980957,59.01683044433594
20,players,12,0.0,,
20,players,14,1.0,3.365745782852173,60.763790130615234
20,players,7,0.0,18.77355194091797,29.635778427124023
20,players,16,1.0,,
20,players,1,1.0,9.884230613708496,53.31019973754883
20,players,3,0.0,15.380722999572754,58.15353775024414
20,players,5,1.0,1.2188376188278198,44.75869369506836
20,players,11,1.0,,
20,players,15,0.0,,
20,players,6,0.0,,
20,players,28,0.0,,
20,players,13,1.0,4.133299827575684,18.967147827148438
20,players,9,0.0,3.702277183532715,43.04667663574219
20,players,10,0.0,19.19374656677246,42.37789535522461
20,players,17,1.0,13.995373725891113,37.36503982543945
20,players,4,1.0,16.903255462646484,67.28070068359375
20,players,18,1.0,19.265430450439453,61.00121307373047
20,players,21,0.0,18.351106643676758,63.87336730957031
20,players,29,1.0,,
21,players,8,0.0,7.104959964752197,59.003299713134766
21,players,7,0.0,18.84906768798828,29.67626190185547
21,players,14,1.0,3.3391125202178955,60.97421646118164
21,players,1,1.0,9.92396354675293,53.54712677001953
21,players,12,0.0,,
21,players,4,1.0,16.76593017578125,67.28929138183594
21,players,3,0.0,15.456343650817871,58.141475677490234
21,players,16,1.0,,
21,players,5,1.0,1.2070531845092773,44.66154098510742
21,players,10,0.0,19.216049194335938,42.550872802734375
21,players,11,1.0,,
21,players,15,0.0,,
21,players,28,0.0,,
21,players,13,1.0,4.132452487945557,18.935184478759766
21,players,6,0.0,,
21,players,9,0.0,3.7357051372528076,43.07838439941406
21,players,17,1.0,14.026140213012695,37.37815475463867
21,players,18,1.0,19.254573822021484,61.004615783691406
21,players,21,0.0,18.34152603149414,64.12667083740234
21,players,29,1.0,,
22,players,8,0.0,7.203840255737305,58.974815368652344
22,players,11,1.0,,
22,players,14,1.0,3.3084824085235596,61.09636688232422
22,players,1,1.0,9.992593765258789,53.62889099121094
22,players,7,0.0,18.855615615844727,29.822296142578125
22,players,12,0.0,,
22,players,4,1.0,16.6286678314209,67.23221588134766
22,players,10,0.0,19.207096099853516,42.79684829711914
22,players,5,1.0,1.2216875553131104,44.756858825683594
22,players,3,0.0,15.571379661560059,58.16573715209961
22,players,6,0.0,,
22,players,13,1.0,4.135541915893555,18.95903778076172
22,players,16,1.0,,
22,players,9,0.0,3.763795852661133,43.07634353637695
22,players,15,0.0,,
22,players,17,1.0,14.046064376831055,37.4031982421875
22,players,18,1.0,19.195716857910156,61.23145294189453
22,players,28,0.0,,
22,players,29,1.0,,
22,players,21,0.0,18.278499603271484,64.36038208007812
23,players,4,1.0,16.439163208007812,67.22579956054688
23,players,14,1.0,3.258101463317871,61.33206558227539
23,players,8,0.0,7.294241428375244,58.870826721191406
23,players,1,1.0,10.059873580932617,53.7457389831543
23,players,7,0.0,18.88914680480957,29.704593658447266
23,players,11,1.0,,
23,players,5,1.0,1.2455204725265503,44.791255950927734
23,players,10,0.0,19.197341918945312,42.981449127197266
23,players,9,0.0,3.7935779094696045,43.05290222167969
23,players,3,0.0,15.757431983947754,58.190486907958984
23,players,12,0.0,,
23,players,13,1.0,4.135844707489014,18.969520568847656
23,players,6,0.0,,
23,players,16,1.0,,
23,players,17,1.0,14.081825256347656,37.415069580078125
23,players,15,0.0,,
23,players,29,1.0,,
23,players,28,0.0,,
23,players,18,1.0,19.186195373535156,61.31913757324219
23,players,21,0.0,18.191389083862305,64.43585968017578
24,players,8,0.0,7.460674285888672,58.81641387939453
24,players,1,1.0,10.130215644836426,53.8994026184082
24,players,14,1.0,3.2315306663513184,61.38632583618164
24,players,5,1.0,1.2610316276550293,44.897216796875
24,players,10,0.0,19.252073287963867,42.91119384765625
24,players,4,1.0,16.21533203125,67.23340606689453
24,players,3,0.0,15.927444458007812,58.2969970703125
24,players,11,1.0,,
24,players,9,0.0,3.8483402729034424,43.13534927368164
24,players,7,0.0,18.881977081298828,29.93996238708496
24,players,16,1.0,,
24,players,13,1.0,4.135437965393066,19.03705406188965
24,players,6,0.0,,
24,players,17,1.0,14.114001274108887,37.3785400390625
24,players,21,0.0,18.243135452270508,64.51654052734375
24,players,29,1.0,,
24,players,28,0.0,,
24,players,15,0.0,,
24,players,18,1.0,19.115474700927734,61.73419952392578
24,players,12,0.0,,
25,players,8,0.0,7.56083869934082,58.8202018737793
25,players,14,1.0,3.2058823108673096,61.429359436035156
25,players,3,0.0,15.983372688293457,58.38713455200195
25,players,1,1.0,10.20023250579834,53.93852233886719
25,players,5,1.0,1.2759451866149902,44.93074417114258
25,players,11,1.0,,
25,players,9,0.0,3.88197660446167,43.159420013427734
25,players,6,0.0,,
25,players,7,0.0,18.92857551574707,29.904401779174805
25,players,18,1.0,19.036453247070312,62.04491424560547
25,players,12,0.0,,
25,players,10,0.0,19.297487258911133,42.88668441772461
25,players,16,1.0,,
25,players,4,1.0,15.905285835266113,67.19931030273438
25,players,13,1.0,4.137053489685059,19.229660034179688
25,players,17,1.0,14.148099899291992,37.321083068847656
25,players,15,0.0,,
25,players,21,0.0,18.3166561126709,64.53661346435547
25,players,29,1.0,,
25,players,28,0.0,,
25,players,20,1.0,14.962139129638672,30.270381927490234
26,players,3,0.0,16.037940979003906,58.509037017822266
26,players,14,1.0,3.196164131164551,61.51222229003906
26,players,6,0.0,,
26,players,4,1.0,15.677314758300781,67.18901062011719
26,players,8,0.0,7.693471431732178,58.83849334716797
26,players,7,0.0,18.96066665649414,29.9127140045166
26,players,5,1.0,1.2753832340240479,44.924530029296875
26,players,18,1.0,19.301700592041016,61.160980224609375
26,players,12,0.0,,
26,players,16,1.0,,
26,players,1,1.0,10.269762992858887,53.996551513671875
26,players,11,1.0,,
26,players,13,1.0,4.134338855743408,19.162208557128906
26,players,17,1.0,14.175849914550781,37.343536376953125
26,players,9,0.0,3.9212746620178223,43.22469711303711
26,players,21,0.0,18.2503719329834,64.76981353759766
26,players,15,0.0,,
26,players,10,0.0,19.355947494506836,42.8802375793457
26,players,29,1.0,,
26,players,28,0.0,,
27,players,3,0.0,16.087148666381836,58.65602111816406
27,players,14,1.0,3.171976327896118,61.50896453857422
27,players,18,1.0,19.36705207824707,60.98118591308594
27,players,4,1.0,15.573185920715332,67.18128967285156
27,players,8,0.0,7.75218391418457,58.68316650390625
27,players,16,1.0,,
27,players,7,0.0,19.000072479248047,29.981746673583984
27,players,5,1.0,1.2806557416915894,44.92745590209961
27,players,6,0.0,,
27,players,1,1.0,10.380216598510742,54.077884674072266
27,players,17,1.0,14.213205337524414,37.388710021972656
27,players,13,1.0,4.121884822845459,19.410728454589844
27,players,12,0.0,,
27,players,21,0.0,18.143997192382812,65.04143524169922
27,players,11,1.0,,
27,players,9,0.0,3.9807660579681396,43.22050094604492
27,players,28,0.0,,
27,players,15,0.0,,
27,players,10,0.0,19.38046646118164,42.87033462524414
27,players,29,1.0,,
28,players,18,1.0,19.347238540649414,60.98752212524414
28,players,8,0.0,7.761549472808838,58.771907806396484
28,players,4,1.0,15.449501037597656,67.06804656982422
28,players,14,1.0,3.1274232864379883,61.52760314941406
28,players,17,1.0,14.219860076904297,37.506874084472656
28,players,7,0.0,19.050418853759766,30.02178382873535
28,players,3,0.0,16.1408634185791,58.6046142578125
28,players,5,1.0,1.280465006828308,44.99135971069336
28,players,1,1.0,10.483585357666016,54.15557861328125
28,players,16,1.0,,
28,players,6,0.0,,
28,players,13,1.0,4.126526832580566,19.598657608032227
28,players,28,0.0,,
28,players,21,0.0,18.072721481323242,65.28108215332031
28,players,10,0.0,19.392351150512695,43.02841567993164
28,players,12,0.0,,
28,players,15,0.0,,
28,players,9,0.0,3.9971096515655518,43.39688491821289
28,players,11,1.0,,
28,players,29,1.0,,
29,players,18,1.0,19.33808708190918,60.913639068603516
29,players,3,0.0,16.171770095825195,58.62138366699219
29,players,8,0.0,7.811385631561279,58.665828704833984
29,players,17,1.0,14.229239463806152,37.597511291503906
29,players,4,1.0,15.324995994567871,66.91923522949219
29,players,14,1.0,3.072805643081665,61.454280853271484
29,players,7,0.0,19.061138153076172,30.126728057861328
29,players,6,0.0,,
29,players,5,1.0,1.2869035005569458,45.02272415161133
29,players,28,0.0,,
29,players,13,1.0,4.125248432159424,19.57551383972168
29,players,1,1.0,10.528863906860352,54.3256950378418
29,players,12,0.0,,
29,players,10,0.0,19.355661392211914,43.36247253417969
29,players,15,0.0,,
29,players,21,0.0,18.06460189819336,65.31969451904297
29,players,11,1.0,,
29,players,9,0.0,4.012249946594238,43.41987991333008
29,players,29,1.0,,
29,players,16,1.0,,
30,players,18,1.0,19.313047409057617,60.91669464111328
30,players,17,1.0,14.235954284667969,37.630001068115234
30,players,3,0.0,16.172977447509766,58.62929153442383
30,players,8,0.0,7.943414211273193,58.61595153808594
30,players,12,0.0,,
30,players,21,0.0,18.03760528564453,65.34911346435547
30,players,1,1.0,10.576982498168945,54.57845687866211
30,players,7,0.0,19.05103302001953,30.285572052001953
30,players,14,1.0,2.8907015323638916,61.4466552734375
30,players,13,1.0,4.129857063293457,19.5822811126709
30,players,11,1.0,,
30,players,5,1.0,1.2838536500930786,45.132667541503906
30,players,10,0.0,19.378877639770508,43.475120544433594
30,players,6,0.0,,
30,players,28,0.0,,
30,players,9,0.0,4.027846336364746,43.38359832763672
30,players,15,0.0,,
30,players,4,1.0,15.004585266113281,66.6968002319336
30,players,29,1.0,,
30,players,16,1.0,,
31,players,18,1.0,19.291454315185547,60.93907165527344
31,players,21,0.0,17.993452072143555,65.37411499023438
31,players,3,0.0,16.174043655395508,58.60698699951172
31,players,1,1.0,10.57164192199707,54.84638595581055
31,players,8,0.0,8.004891395568848,58.42087173461914
31,players,14,1.0,2.7790238857269287,61.445316314697266
31,players,17,1.0,14.255721092224121,37.61532974243164
31,players,12,0.0,,
31,players,13,1.0,4.134241104125977,19.567829132080078
31,players,10,0.0,19.32992172241211,43.789512634277344
31,players,9,0.0,4.041757106781006,43.37545394897461
31,players,5,1.0,1.2820686101913452,45.15361404418945
31,players,7,0.0,19.081836700439453,30.341487884521484
31,players,15,0.0,,
31,players,6,0.0,,
31,players,11,1.0,,
31,players,28,0.0,,
31,players,16,1.0,,
31,players,29,1.0,,
31,players,4,1.0,15.003278732299805,66.3702392578125
32,players,18,1.0,19.266496658325195,60.98259735107422
32,players,3,0.0,16.145721435546875,58.601497650146484
32,players,6,0.0,,
32,players,14,1.0,2.670705556869507,61.459068298339844
32,players,13,1.0,4.1319451332092285,19.57869529724121
32,players,8,0.0,8.04868221282959,58.43536376953125
32,players,5,1.0,1.2745997905731201,45.18434143066406
32,players,1,1.0,10.590354919433594,55.09064865112305
32,players,9,0.0,4.056214332580566,43.37943649291992
32,players,10,0.0,19.344545364379883,43.91542434692383
32,players,7,0.0,19.110502243041992,30.262615203857422
32,players,16,1.0,,
32,players,17,1.0,14.25930118560791,37.64594268798828
32,players,11,1.0,,
32,players,15,0.0,,
32,players,12,0.0,,
32,players,28,0.0,,
32,players,21,0.0,17.92587661743164,65.48918914794922
32,players,29,1.0,,
32,players,4,1.0,14.771157264709473,66.29660034179688
33,players,18,1.0,19.224048614501953,60.93881607055664
33,players,3,0.0,16.104597091674805,58.61782455444336
33,players,6,0.0,,
33,players,14,1.0,2.5905098915100098,61.42129135131836
33,players,13,1.0,4.132479190826416,19.554706573486328
33,players,5,1.0,1.2684675455093384,45.278961181640625
33,players,16,1.0,,
33,players,9,0.0,4.0887017250061035,43.555152893066406
33,players,7,0.0,19.11244010925293,30.454660415649414
33,players,1,1.0,10.6162748336792,55.1072883605957
33,players,10,0.0,19.361299514770508,43.95429611206055
33,players,8,1.0,8.070401191711426,58.50548553466797
33,players,15,0.0,,
33,players,12,0.0,,
33,players,11,1.0,,
33,players,29,1.0,,
33,players,28,0.0,,
33,players,17,1.0,14.35752010345459,37.64093780517578
33,players,21,0.0,17.68290138244629,65.68537902832031
33,players,4,1.0,14.527802467346191,66.51116180419922
34,players,18,1.0,19.188257217407227,60.9359130859375
34,players,6,0.0,,
34,players,3,0.0,16.09027671813965,58.479736328125
34,players,1,1.0,10.664898872375488,55.14479064941406
34,players,5,1.0,1.2488735914230347,45.21059036254883
34,players,14,1.0,2.5470809936523438,61.35544967651367
34,players,13,1.0,4.138620376586914,19.512332916259766
34,players,4,1.0,14.37043571472168,66.60538482666016
34,players,16,1.0,,
34,players,8,0.0,8.176542282104492,58.49256134033203
34,players,9,0.0,4.103649139404297,43.595237731933594
34,players,12,0.0,,
34,players,10,0.0,19.373165130615234,43.91605758666992
34,players,7,0.0,19.159862518310547,30.48150634765625
34,players,15,0.0,,
34,players,29,1.0,,
34,players,11,1.0,,
34,players,21,0.0,17.426355361938477,65.72975158691406
34,players,28,0.0,,
34,players,17,1.0,14.39462947845459,37.56663513183594
35,players,18,1.0,19.206010818481445,60.839263916015625
35,players,4,1.0,14.128240585327148,66.64350128173828
35,players,14,1.0,2.4710776805877686,61.451934814453125
35,players,5,1.0,1.2348333597183228,45.26509094238281
35,players,1,1.0,10.710295677185059,55.1992073059082
35,players,6,0.0,,
35,players,13,1.0,4.166477203369141,19.42864418029785
35,players,3,0.0,16.068206787109375,58.38036346435547
35,players,16,1.0,,
35,players,12,0.0,,
35,players,9,0.0,4.113536834716797,43.70263671875
35,players,10,0.0,19.365234375,43.94050598144531
35,players,15,0.0,,
35,players,7,0.0,19.16441535949707,30.589879989624023
35,players,8,0.0,8.288488388061523,58.3773078918457
35,players,11,1.0,,
35,players,29,1.0,,
35,players,21,0.0,17.368566513061523,65.7798080444336
35,players,17,1.0,14.424200057983398,37.520957946777344
35,players,28,0.0,,
36,players,18,1.0,19.20709228515625,60.635162353515625
36,players,5,1.0,1.232816457748413,45.310001373291016
36,players,14,1.0,2.380596160888672,61.676918029785156
36,players,3,0.0,16.024059295654297,58.33906173706055
36,players,1,1.0,10.74440860748291,55.3088493347168
36,players,13,1.0,4.1744160652160645,19.45750617980957
36,players,16,1.0,,
36,players,10,0.0,19.35900115966797,43.95584487915039
36,players,6,0.0,,
36,players,9,0.0,4.105633735656738,43.741371154785156
36,players,15,0.0,,
36,players,7,0.0,19.199644088745117,30.625104904174805
36,players,12,0.0,,
36,players,8,0.0,8.435249328613281,58.439781188964844
36,players,4,1.0,13.897927284240723,66.69606018066406
36,players,28,0.0,,
36,players,11,1.0,,
36,players,29,1.0,,
36,players,17,1.0,14.4542236328125,37.56230163574219
36,players,21,1.0,17.290769577026367,65.26224517822266
37,players,8,0.0,8.583075523376465,58.55209732055664
37,players,3,0.0,16.008441925048828,58.247928619384766
37,players,5,1.0,1.220719814300537,45.34455490112305
37,players,18,1.0,19.153722763061523,60.56273651123047
37,players,21,0.0,17.19236183166504,65.72145080566406
37,players,13,1.0,4.1825175285339355,19.532167434692383
37,players,4,1.0,13.682419776916504,66.66901397705078
37,players,16,1.0,,
37,players,1,1.0,10.745304107666016,55.60681915283203
37,players,7,0.0,19.21237564086914,30.635459899902344
37,players,10,0.0,19.2947998046875,44.13974380493164
37,players,14,1.0,2.2492291927337646,61.60932159423828
37,players,28,0.0,,
37,players,9,0.0,4.101667404174805,43.84403610229492
37,players,15,0.0,,
37,players,12,0.0,,
37,players,6,0.0,,
37,players,11,1.0,,
37,players,17,1.0,14.470818519592285,37.665348052978516
37,players,29,1.0,,
38,players,21,0.0,17.079885482788086,65.81141662597656
38,players,3,0.0,15.96215534210205,58.2391471862793
38,players,5,1.0,1.1903877258300781,45.32506561279297
38,players,8,0.0,8.690455436706543,58.67079544067383
38,players,1,1.0,10.762968063354492,55.74681091308594
38,players,4,1.0,13.446881294250488,66.60468292236328
38,players,13,1.0,4.191892147064209,19.525726318359375
38,players,16,1.0,,
38,players,14,1.0,2.1679530143737793,61.730010986328125
38,players,18,1.0,19.121797561645508,60.464534759521484
38,players,7,0.0,19.197141647338867,30.637189865112305
38,players,12,0.0,,
38,players,10,0.0,19.23282814025879,44.31683349609375
38,players,9,0.0,4.073707580566406,43.9918098449707
38,players,6,0.0,,
38,players,15,0.0,,
38,players,28,0.0,,
38,players,11,1.0,,
38,players,17,1.0,14.458294868469238,37.82649230957031
38,players,29,1.0,,
39,players,1,1.0,10.758685111999512,56.014739990234375
39,players,8,0.0,8.75214672088623,58.67161560058594
39,players,3,0.0,15.943046569824219,58.26063537597656
39,players,4,1.0,13.29841136932373,66.53804016113281
39,players,13,1.0,4.199347496032715,19.82791519165039
39,players,5,1.0,1.1559725999832153,45.232295989990234
39,players,12,0.0,,
39,players,16,1.0,,
39,players,7,0.0,19.202938079833984,30.645151138305664
39,players,14,1.0,2.0817670822143555,61.812381744384766
39,players,28,0.0,,
39,players,6,0.0,,
39,players,10,0.0,19.22620391845703,44.32267379760742
39,players,21,0.0,16.957630157470703,65.88513946533203
39,players,18,1.0,19.095523834228516,60.32051467895508
39,players,9,0.0,4.076977729797363,44.03934097290039
39,players,15,0.0,,
39,players,11,1.0,,
39,players,17,1.0,14.466330528259277,37.9296875
39,players,29,1.0,,
39,players,20,1.0,15.498969078063965,30.333208084106445
40,players,8,0.0,8.79155158996582,58.679298400878906
40,players,1,1.0,10.774216651916504,56.216922760009766
40,players,3,0.0,15.941149711608887,58.24259948730469
40,players,5,1.0,1.1237934827804565,45.34088134765625
40,players,21,1.0,16.785219192504883,66.0242919921875
40,players,6,0.0,,
40,players,4,1.0,13.167045593261719,66.40404510498047
40,players,28,0.0,,
40,players,13,1.0,4.250556468963623,19.736177444458008
40,players,12,0.0,,
40,players,7,0.0,19.208938598632812,30.821901321411133
40,players,14,1.0,2.0002658367156982,61.80922317504883
40,players,10,0.0,19.2070255279541,44.49009323120117
40,players,18,1.0,19.075042724609375,60.19332504272461
40,players,16,1.0,,
40,players,9,0.0,4.122771739959717,44.08993148803711
40,players,11,1.0,,
40,players,15,0.0,,
40,players,17,1.0,14.464459419250488,38.0125617980957
40,players,29,1.0,,
40,players,20,1.0,15.517560005187988,30.308807373046875
41,players,6,0.0,,
41,players,8,0.0,8.859705924987793,58.672950744628906
41,players,14,1.0,1.9286143779754639,61.91674041748047
41,players,4,1.0,13.005805015563965,66.2091064453125
41,players,5,1.0,1.090965986251831,45.30436706542969
41,players,3,0.0,15.93999195098877,58.200740814208984
41,players,1,1.0,10.800952911376953,56.44133377075195
41,players,13,1.0,4.304847240447998,19.596755981445312
41,players,11,1.0,,
41,players,10,0.0,19.17439842224121,44.65489196777344
41,players,28,0.0,,
41,players,9,0.0,4.137575149536133,44.037513732910156
41,players,16,1.0,,
41,players,18,1.0,19.06949234008789,60.14403533935547
41,players,15,0.0,,
41,players,12,0.0,,
41,players,17,1.0,14.523096084594727,38.14189147949219
41,players,7,0.0,19.26354217529297,30.78537368774414
41,players,29,1.0,,
41,players,21,1.0,16.380779266357422,65.96550750732422
42,players,14,1.0,1.9150556325912476,61.886356353759766
42,players,8,0.0,8.888429641723633,58.62312316894531
42,players,6,0.0,,
42,players,5,1.0,1.0828254222869873,45.27545166015625
42,players,3,0.0,15.928109169006348,58.13799285888672
42,players,9,0.0,4.17604923248291,44.05499267578125
42,players,11,1.0,,
42,players,13,1.0,4.392954349517822,19.70577049255371
42,players,12,0.0,,
42,players,1,1.0,10.887704849243164,56.415523529052734
42,players,10,0.0,19.18804168701172,44.760379791259766
42,players,18,1.0,19.057994842529297,60.112972259521484
42,players,4,1.0,12.81251049041748,66.20042419433594
42,players,16,1.0,,
42,players,29,1.0,,
42,players,15,0.0,,
42,players,21,0.0,16.304311752319336,65.94391632080078
42,players,28,0.0,,
42,players,17,1.0,14.553297996520996,38.11351013183594
42,players,7,0.0,19.30621337890625,30.92613983154297
42,players,20,1.0,15.708327293395996,30.339929580688477
43,players,8,0.0,8.919339179992676,58.585174560546875
43,players,6,0.0,,
43,players,14,1.0,1.8752520084381104,61.87995147705078
43,players,9,0.0,4.261714458465576,43.98588180541992
43,players,13,1.0,4.447859287261963,19.47710609436035
43,players,5,1.0,1.081179141998291,45.33317565917969
43,players,10,0.0,19.209077835083008,44.72642517089844
43,players,28,0.0,,
43,players,21,0.0,16.218204498291016,65.91039276123047
43,players,1,1.0,11.009784698486328,56.34166717529297
43,players,18,1.0,19.064254760742188,60.118839263916016
43,players,12,0.0,,
43,players,3,0.0,15.871901512145996,58.11241149902344
43,players,16,1.0,,
43,players,7,0.0,19.34482765197754,31.1602725982666
43,players,15,0.0,,
43,players,17,1.0,14.626322746276855,38.111854553222656
43,players,4,1.0,12.664304733276367,66.2027359008789
43,players,11,1.0,,
43,players,29,1.0,,
44,players,8,0.0,8.9371976852417,58.593345642089844
44,players,21,0.0,16.139495849609375,65.92853546142578
44,players,6,0.0,,
44,players,14,1.0,1.8649846315383911,61.8117790222168
44,players,10,0.0,19.245059967041016,44.74657440185547
44,players,13,1.0,4.551538467407227,19.459657669067383
44,players,1,1.0,11.132646560668945,56.311527252197266
44,players,5,1.0,1.0883342027664185,45.393096923828125
44,players,9,0.0,4.300201892852783,43.90800094604492
44,players,18,1.0,19.06167221069336,60.13490676879883
44,players,7,0.0,19.385900497436523,31.261154174804688
44,players,28,0.0,,
44,players,17,1.0,14.718489646911621,38.13161849975586
44,players,12,0.0,,
44,players,16,1.0,,
44,players,15,0.0,,
44,players,3,0.0,15.805038452148438,58.0633659362793
44,players,11,1.0,,
44,players,4,1.0,12.482672691345215,66.11251068115234
44,players,29,1.0,,
45,players,8,0.0,8.958466529846191,58.529335021972656
45,players,10,0.0,19.322553634643555,44.57065963745117
45,players,1,1.0,11.226265907287598,56.349090576171875
45,players,6,0.0,,
45,players,18,1.0,19.08186149597168,60.139854431152344
45,players,5,1.0,1.1102656126022339,45.32218933105469
45,players,14,1.0,1.819551944732666,61.86107635498047
45,players,15,0.0,,
45,players,3,0.0,15.742762565612793,58.00056838989258
45,players,9,0.0,4.379085540771484,43.903167724609375
45,players,12,0.0,,
45,players,11,1.0,,
45,players,4,1.0,12.33212661743164,66.03336334228516
45,players,7,0.0,19.42224884033203,31.39937400817871
45,players,17,1.0,14.726604461669922,38.14390182495117
45,players,28,0.0,,
45,players,21,0.0,16.121274948120117,65.84823608398438
45,players,13,1.0,4.623865127563477,19.492393493652344
45,players,16,1.0,,
45,players,29,1.0,,
45,players,20,1.0,15.900060653686523,31.5654296875
46,players,21,0.0,16.05213165283203,65.57959747314453
46,players,12,0.0,,
46,players,3,0.0,15.6760892868042,57.99342346191406
46,players,8,0.0,8.994462966918945,58.450138092041016
46,players,16,1.0,,
46,players,5,1.0,1.1407188177108765,45.20796203613281
46,players,14,1.0,1.7512449026107788,61.8178596496582
46,players,18,1.0,19.10250473022461,60.16096115112305
46,players,10,0.0,19.31073570251465,44.652198791503906
46,players,4,1.0,12.206621170043945,65.93973541259766
46,players,13,1.0,4.708462715148926,19.702016830444336
46,players,1,1.0,11.325164794921875,56.33808898925781
46,players,6,0.0,,
46,players,9,0.0,4.456699848175049,43.9403190612793
46,players,7,0.0,19.4953556060791,31.267610549926758
46,players,11,1.0,,
46,players,28,0.0,,
46,players,17,1.0,14.796001434326172,38.02806854248047
46,players,15,0.0,,
46,players,29,1.0,,
47,players,4,1.0,12.018186569213867,65.7269515991211
47,players,16,1.0,,
47,players,12,0.0,,
47,players,13,1.0,4.7772417068481445,19.651348114013672
47,players,3,1.0,15.580347061157227,58.135005950927734
47,players,8,0.0,9.009968757629395,58.41962814331055
47,players,5,1.0,1.16929292678833,45.27983093261719
47,players,6,0.0,,
47,players,21,0.0,15.9428129196167,65.55709075927734
47,players,10,0.0,19.273500442504883,44.873023986816406
47,players,1,1.0,11.386002540588379,56.52592086791992
47,players,9,0.0,4.4972243309021,43.98997497558594
47,players,15,0.0,,
47,players,7,0.0,19.53604507446289,31.4482421875
47,players,11,1.0,,
47,players,18,1.0,19.130422592163086,60.12296676635742
47,players,17,1.0,14.852054595947266,37.989501953125
47,players,28,0.0,,
47,players,29,1.0,,
47,players,14,1.0,1.6754112243652344,61.832279205322266
47,players,20,1.0,16.150188446044922,31.31749725341797
48,players,4,1.0,11.814126014709473,65.8706283569336
48,players,16,1.0,,
48,players,13,1.0,4.872232913970947,19.502521514892578
48,players,3,0.0,15.625161170959473,58.12318420410156
48,players,17,1.0,14.9440336227417,37.940128326416016
48,players,5,1.0,1.2212845087051392,45.27386474609375
48,players,8,0.0,8.973869323730469,58.40156555175781
48,players,15,0.0,,
48,players,10,0.0,19.287471771240234,44.9349479675293
48,players,9,0.0,4.571660041809082,44.017181396484375
48,players,7,0.0,19.657400131225586,31.33144187927246
48,players,12,0.0,,
48,players,6,0.0,,
48,players,1,1.0,11.460291862487793,56.576541900634766
48,players,11,1.0,,
48,players,18,1.0,19.166025161743164,60.05607986450195
48,players,21,0.0,15.810754776000977,65.47342681884766
48,players,29,1.0,,
48,players,14,1.0,1.5143500566482544,61.71441650390625
48,players,28,0.0,,
48,players,20,1.0,16.17905616760254,31.70952606201172
49,players,3,0.0,15.624598503112793,58.204986572265625
49,players,6,0.0,,
49,players,10,0.0,19.28133773803711,45.0566291809082
49,players,1,1.0,11.5105619430542,56.86113739013672
49,players,17,1.0,15.051393508911133,37.985721588134766
49,players,5,1.0,1.2421824932098389,45.30353927612305
49,players,9,0.0,4.6226348876953125,43.96319580078125
49,players,16,1.0,,
49,players,13,1.0,4.9415740966796875,19.415008544921875
49,players,14,1.0,1.4588868618011475,61.6544303894043
49,players,7,0.0,19.713077545166016,31.333009719848633
49,players,18,1.0,19.228008270263672,59.899314880371094
49,players,15,0.0,,
49,players,11,1.0,,
49,players,4,1.0,11.629124641418457,65.84698486328125
49,players,8,0.0,8.824508666992188,58.4185791015625
49,players,29,1.0,,
49,players,12,0.0,,
49,players,21,0.0,15.471905708312988,65.37805938720703
49,players,28,0.0,,
50,players,1,1.0,11.5453519821167,57.107757568359375
50,players,10,0.0,19.287689208984375,45.08631896972656
50,players,6,0.0,,
50,players,3,0.0,15.641357421875,58.20423889160156
50,players,16,1.0,,
50,players,21,0.0,15.334872245788574,65.40538024902344
50,players,18,1.0,19.257137298583984,59.84162521362305
50,players,4,1.0,11.453241348266602,65.88520050048828
50,players,12,0.0,,
50,players,5,1.0,1.2744991779327393,45.36625289916992
50,players,7,0.0,19.756715774536133,31.34670066833496
50,players,17,1.0,15.069189071655273,37.99033737182617
50,players,9,0.0,4.6805009841918945,43.94226837158203
50,players,28,0.0,,
50,players,14,1.0,1.3971315622329712,61.59419631958008
50,players,13,1.0,5.023599624633789,19.452762603759766
50,players,11,1.0,,
50,players,15,0.0,,
50,players,29,1.0,,
50,players,8,0.0,8.844932556152344,58.44167709350586
51,players,6,0.0,,
51,players,21,0.0,15.315526962280273,65.27311706542969
51,players,1,1.0,11.602313995361328,56.997013092041016
51,players,16,1.0,,
51,players,18,1.0,19.288406372070312,59.719810485839844
51,players,3,0.0,15.6246919631958,58.235801696777344
51,players,10,0.0,19.305002212524414,45.06166458129883
51,players,9,0.0,4.699186325073242,44.06362533569336
51,players,12,0.0,,
51,players,5,1.0,1.2882356643676758,45.32046890258789
51,players,28,0.0,,
51,players,11,1.0,,
51,players,4,1.0,11.225503921508789,65.880615234375
51,players,13,1.0,5.104396343231201,19.38773536682129
51,players,17,1.0,15.11655330657959,38.0298957824707
51,players,15,0.0,,
51,players,14,1.0,1.3242765665054321,61.7411994934082
51,players,7,0.0,19.792295455932617,31.339780807495117
51,players,8,0.0,8.854011535644531,58.30182647705078
51,players,29,1.0,,
52,players,21,0.0,15.213935852050781,65.24026489257812
52,players,6,0.0,,
52,players,1,1.0,11.678421020507812,56.98463439941406
52,players,4,1.0,11.23288345336914,65.8811264038086
52,players,9,0.0,4.758481502532959,43.94697189331055
52,players,3,0.0,15.601625442504883,58.235633850097656
52,players,5,1.0,1.3225600719451904,45.32792282104492
52,players,11,1.0,,
52,players,14,1.0,1.2343261241912842,61.71076202392578
52,players,10,0.0,19.308921813964844,45.08189392089844
52,players,16,1.0,,
52,players,13,1.0,5.1418657302856445,19.302852630615234
52,players,12,0.0,,
52,players,28,0.0,,
52,players,15,0.0,,
52,players,18,1.0,19.3289852142334,59.56435775756836
52,players,17,1.0,15.119179725646973,38.17103958129883
52,players,8,0.0,8.808597564697266,58.37594985961914
52,players,29,1.0,,
52,players,7,0.0,19.865421295166016,31.269798278808594
53,players,6,0.0,,
53,players,4,1.0,11.145444869995117,65.69312286376953
53,players,1,1.0,11.750482559204102,56.99040222167969
53,players,21,0.0,15.08444881439209,65.06620025634766
53,players,9,0.0,4.822668075561523,43.92386245727539
53,players,3,0.0,15.588865280151367,58.24485397338867
53,players,15,0.0,,
53,players,14,1.0,1.1836044788360596,61.72405242919922
53,players,11,1.0,,
53,players,5,1.0,1.322019338607788,45.332191467285156
53,players,13,1.0,5.227036476135254,19.29111099243164
53,players,10,0.0,19.37165641784668,44.98731994628906
53,players,16,1.0,,
53,players,28,0.0,,
53,players,12,0.0,,
53,players,18,1.0,19.357872009277344,59.35002136230469
53,players,17,1.0,15.171931266784668,38.182342529296875
53,players,8,0.0,8.750142097473145,58.301979064941406
53,players,7,0.0,19.937389373779297,31.240995407104492
53,players,29,1.0,,
54,players,4,1.0,11.065774917602539,65.4687271118164
54,players,1,1.0,11.820301055908203,56.95588302612305
54,players,21,0.0,14.967827796936035,64.8628921508789
54,players,14,1.0,1.1460072994232178,61.71165466308594
54,players,3,0.0,15.593936920166016,58.20457458496094
54,players,9,0.0,4.893123626708984,43.96211242675781
54,players,10,0.0,19.386571884155273,44.99810028076172
54,players,6,1.0,,
54,players,15,0.0,,
54,players,8,0.0,8.699440956115723,58.51871871948242
54,players,7,0.0,19.99336814880371,31.308618545532227
54,players,18,1.0,19.391374588012695,59.21298599243164
54,players,5,1.0,1.337579607963562,45.26295471191406
54,players,17,1.0,15.222622871398926,38.19536209106445
54,players,28,0.0,,
54,players,16,1.0,,
54,players,12,0.0,,
54,players,11,1.0,,
54,players,13,1.0,5.333430290222168,19.281217575073242
54,players,29,1.0,,
55,players,14,1.0,1.1530513763427734,61.785247802734375
55,players,1,1.0,11.917734146118164,56.96762466430664
55,players,8,0.0,8.684544563293457,58.70573806762695
55,players,21,0.0,14.822915077209473,65.01582336425781
55,players,4,1.0,10.96007251739502,65.41580963134766
55,players,3,0.0,15.555274963378906,58.18165969848633
55,players,10,0.0,19.41992950439453,45.00105667114258
55,players,13,1.0,5.417751789093018,19.24755859375
55,players,17,1.0,15.292181968688965,38.1573371887207
55,players,9,0.0,4.944910049438477,43.96819305419922
55,players,15,0.0,,
55,players,7,0.0,20.07575798034668,31.29823875427246
55,players,28,0.0,,
55,players,18,1.0,19.48146629333496,58.979366302490234
55,players,12,0.0,,
55,players,5,1.0,1.3269950151443481,45.20416259765625
55,players,11,1.0,,
55,players,16,1.0,,
55,players,29,1.0,,
55,players,6,1.0,,
56,players,14,1.0,1.1493587493896484,61.738792419433594
56,players,8,0.0,8.685885429382324,58.87162780761719
56,players,21,0.0,14.706804275512695,65.00067138671875
56,players,1,1.0,12.003665924072266,57.00783920288086
56,players,3,0.0,15.538647651672363,58.158145904541016
56,players,13,1.0,5.486120223999023,19.14845848083496
56,players,4,1.0,10.874990463256836,65.40155792236328
56,players,10,0.0,19.424243927001953,45.043243408203125
56,players,17,1.0,15.34139347076416,38.187416076660156
56,players,9,0.0,4.9831342697143555,44.08511734008789
56,players,28,0.0,,
56,players,15,0.0,,
56,players,7,0.0,20.107040405273438,31.38774299621582
56,players,12,0.0,,
56,players,18,1.0,19.538183212280273,58.862789154052734
56,players,11,1.0,,
56,players,29,1.0,,
56,players,16,1.0,,
56,players,5,1.0,1.2869980335235596,45.17867660522461
56,players,6,0.0,,
57,players,14,1.0,1.1453455686569214,61.690773010253906
57,players,8,0.0,8.501296043395996,58.95025634765625
57,players,21,0.0,14.602343559265137,64.94815063476562
57,players,15,0.0,,
57,players,3,0.0,15.537668228149414,58.17214584350586
57,players,4,1.0,10.731097221374512,65.39391326904297
57,players,12,0.0,,
57,players,9,0.0,5.0380659103393555,44.06544876098633
57,players,10,0.0,19.414936065673828,45.083370208740234
57,players,1,1.0,12.088648796081543,57.01436233520508
57,players,7,0.0,20.179811477661133,31.454553604125977
57,players,13,1.0,5.605241298675537,19.04427719116211
57,players,11,1.0,,
57,players,16,1.0,,
57,players,6,0.0,,
57,players,17,1.0,15.372355461120605,38.242454528808594
57,players,18,1.0,19.56842803955078,58.76997375488281
57,players,29,1.0,,
57,players,28,0.0,,
57,players,5,1.0,1.2661422491073608,44.916412353515625
57,players,20,1.0,16.88270378112793,31.4537353515625
58,players,8,0.0,8.406107902526855,58.89954376220703
58,players,4,1.0,10.630406379699707,65.33785247802734
58,players,5,1.0,1.2360705137252808,45.01465606689453
58,players,14,1.0,1.0952353477478027,61.62495040893555
58,players,3,0.0,15.561939239501953,58.11008834838867
58,players,21,0.0,14.487709045410156,64.93639373779297
58,players,12,0.0,,
58,players,7,0.0,20.255643844604492,31.39622688293457
58,players,6,0.0,,
58,players,15,0.0,,
58,players,9,0.0,5.071432590484619,44.05464172363281
58,players,1,1.0,12.167655944824219,57.030452728271484
58,players,10,0.0,19.41608428955078,45.10256576538086
58,players,17,1.0,15.43855094909668,38.23107147216797
58,players,16,1.0,,
58,players,13,1.0,5.695758819580078,19.051925659179688
58,players,11,1.0,,
58,players,18,1.0,19.60175323486328,58.73297119140625
58,players,29,1.0,,
58,players,28,0.0,,
59,players,4,1.0,10.547819137573242,65.3316650390625
59,players,8,0.0,8.294842720031738,58.86143493652344
59,players,7,0.0,20.346094131469727,31.304452896118164
59,players,6,0.0,,
59,players,5,1.0,1.2724013328552246,45.059226989746094
59,players,17,1.0,15.536480903625488,38.23489761352539
59,players,12,0.0,,
59,players,16,1.0,,
59,players,14,1.0,0.9548413157463074,61.55299377441406
59,players,3,0.0,15.557670593261719,58.09433364868164
59,players,11,1.0,,
59,players,1,1.0,12.237196922302246,57.088829040527344
59,players,9,0.0,5.104342460632324,44.01467514038086
59,players,10,0.0,19.40928840637207,45.1005744934082
59,players,15,0.0,,
59,players,13,1.0,5.797478675842285,19.050567626953125
59,players,18,1.0,19.599884033203125,58.778343200683594
59,players,28,0.0,,
59,players,29,1.0,,
60,players,4,1.0,10.43443775177002,65.2743911743164
60,players,3,0.0,15.548828125,58.14484405517578
60,players,6,0.0,,
60,players,1,1.0,12.312097549438477,57.2308464050293
60,players,7,0.0,20.427288055419922,31.347074508666992
60,players,8,0.0,8.263639450073242,58.79119873046875
60,players,5,1.0,1.2912027835845947,44.930641174316406
60,players,21,0.0,14.2927827835083,64.7778091430664
60,players,13,1.0,5.898674964904785,18.868637084960938
60,players,9,0.0,5.157966613769531,43.96906661987305
60,players,12,0.0,,
60,players,17,1.0,15.60321044921875,38.201175689697266
60,players,16,1.0,,
60,players,28,0.0,,
60,players,11,1.0,,
60,players,14,1.0,0.8540679216384888,61.53810501098633
60,players,10,0.0,19.353557586669922,45.111045837402344
60,players,18,1.0,19.63573455810547,58.75855255126953
60,players,15,0.0,,
60,players,29,1.0,,
61,players,4,1.0,10.349658966064453,65.23395538330078
61,players,3,0.0,15.561660766601562,58.09599304199219
61,players,6,0.0,,
61,players,21,0.0,14.13072395324707,64.70037078857422
61,players,1,1.0,12.385858535766602,57.300010681152344
61,players,12,0.0,,
61,players,7,0.0,20.458616256713867,31.42074203491211
61,players,5,1.0,1.3085540533065796,44.94468307495117
61,players,15,0.0,,
61,players,11,1.0,,
61,players,28,0.0,,
61,players,17,1.0,15.681804656982422,38.11111831665039
61,players,14,1.0,0.8205474615097046,61.56116485595703
61,players,18,1.0,19.63411521911621,58.83732604980469
61,players,16,1.0,,
61,players,10,0.0,19.337135314941406,45.04678726196289
61,players,9,0.0,5.180947303771973,43.910247802734375
61,players,8,0.0,8.222397804260254,58.78092575073242
61,players,29,1.0,,
61,players,13,1.0,6.024540901184082,18.713693618774414
62,players,3,0.0,15.580366134643555,58.082279205322266
62,players,4,1.0,10.269776344299316,65.26731872558594
62,players,21,0.0,14.053121566772461,64.60597229003906
62,players,1,1.0,12.46834659576416,57.40681076049805
62,players,11,1.0,,
62,players,6,0.0,,
62,players,18,1.0,19.693912506103516,58.76083755493164
62,players,13,1.0,6.146303653717041,18.684389114379883
62,players,5,1.0,1.310141682624817,44.848243713378906
62,players,10,0.0,19.356590270996094,45.17325973510742
62,players,28,0.0,,
62,players,17,1.0,15.749679565429688,38.081642150878906
62,players,15,0.0,,
62,players,14,1.0,0.7656549215316772,61.492183685302734
62,players,16,1.0,,
62,players,9,0.0,5.220704555511475,43.87563705444336
62,players,8,0.0,8.2236909866333,58.818267822265625
62,players,12,0.0,,
62,players,7,0.0,20.504352569580078,31.311185836791992
62,players,29,1.0,,
62,players,20,1.0,17.317312240600586,31.24538230895996
63,players,4,1.0,10.215373992919922,65.3045654296875
63,players,3,0.0,15.58980655670166,58.1647834777832
63,players,6,0.0,,
63,players,21,0.0,13.950155258178711,64.5911865234375
63,players,18,1.0,19.696083068847656,58.7974853515625
63,players,15,0.0,,
63,players,11,1.0,,
63,players,10,0.0,19.422008514404297,45.09416580200195
63,players,12,0.0,,
63,players,16,1.0,,
63,players,17,1.0,15.822317123413086,38.084415435791016
63,players,8,0.0,8.059677124023438,58.839515686035156
63,players,1,1.0,12.520261764526367,57.418601989746094
63,players,9,0.0,5.291923522949219,43.878578186035156
63,players,14,1.0,0.660500705242157,61.5547981262207
63,players,5,1.0,1.2888516187667847,44.818519592285156
63,players,28,0.0,,
63,players,7,0.0,20.557353973388672,31.292030334472656
63,players,13,1.0,6.216280460357666,18.633848190307617
64,players,4,1.0,10.182379722595215,65.30313873291016
64,players,3,0.0,15.615645408630371,58.137718200683594
64,players,8,0.0,8.018461227416992,58.92668914794922
64,players,1,1.0,12.579989433288574,57.515892028808594
64,players,18,1.0,19.76152229309082,58.74837112426758
64,players,21,0.0,13.850861549377441,64.62763977050781
64,players,11,1.0,,
64,players,17,1.0,15.91723346710205,38.0086555480957
64,players,10,0.0,19.4626522064209,45.03614044189453
64,players,6,0.0,,
64,players,14,1.0,0.6072688698768616,61.50800323486328
64,players,12,0.0,,
64,players,7,0.0,20.574724197387695,31.306089401245117
64,players,16,1.0,,
64,players,9,0.0,5.37056303024292,43.85609436035156
64,players,5,1.0,1.2511557340621948,44.83238220214844
64,players,15,0.0,,
64,players,28,0.0,,
64,players,13,1.0,6.3409857749938965,18.355228424072266
64,players,29,1.0,,
64,players,20,1.0,17.421327590942383,31.4503173828125
65,players,18,1.0,19.871376037597656,58.538734436035156
65,players,1,1.0,12.644441604614258,57.4788703918457
65,players,3,0.0,15.624631881713867,58.18775177001953
65,players,10,0.0,19.51334571838379,45.111480712890625
65,players,17,1.0,15.954999923706055,38.1173095703125
65,players,12,0.0,,
65,players,4,1.0,10.043609619140625,65.34442138671875
65,players,7,0.0,20.587961196899414,31.536054611206055
65,players,11,1.0,,
65,players,15,0.0,,
65,players,14,1.0,0.5732057690620422,61.609676361083984
65,players,8,1.0,7.684238910675049,58.91872024536133
65,players,21,0.0,13.797809600830078,64.57146453857422
65,players,5,1.0,1.2021626234054565,44.89597702026367
65,players,16,1.0,,
65,players,13,1.0,6.432814121246338,18.372678756713867
65,players,28,0.0,,
65,players,9,0.0,5.45991325378418,43.89723587036133
65,players,6,0.0,,
65,players,29,1.0,,
66,players,14,1.0,0.517512321472168,61.67947006225586
66,players,12,0.0,,
66,players,10,0.0,19.526962280273438,45.11493682861328
66,players,3,0.0,15.629321098327637,58.09821319580078
66,players,1,1.0,12.683120727539062,57.485599517822266
66,players,4,1.0,9.987196922302246,65.25855255126953
66,players,18,1.0,19.977100372314453,58.29095458984375
66,players,8,0.0,7.655359268188477,58.960365295410156
66,players,9,0.0,5.538029670715332,43.92158126831055
66,players,17,1.0,16.029817581176758,38.165042877197266
66,players,16,1.0,,
66,players,7,0.0,20.652788162231445,31.416149139404297
66,players,11,1.0,,
66,players,15,0.0,,
66,players,5,1.0,1.1372908353805542,44.75846862792969
66,players,13,1.0,6.538696765899658,18.31220817565918
66,players,21,0.0,13.789969444274902,64.54891967773438
66,players,6,0.0,,
66,players,28,0.0,,
66,players,29,1.0,,
67,players,14,1.0,0.4762665629386902,61.62888717651367
67,players,4,1.0,9.947696685791016,65.22357177734375
67,players,12,0.0,,
67,players,3,0.0,15.651305198669434,57.98942947387695
67,players,16,1.0,,
67,players,8,0.0,7.662594318389893,58.92121505737305
67,players,17,1.0,16.142282485961914,38.10799026489258
67,players,10,0.0,19.51038360595703,45.20782470703125
67,players,28,0.0,,
67,players,1,1.0,12.712891578674316,57.533260345458984
67,players,9,0.0,5.584725379943848,43.83452606201172
67,players,5,1.0,1.0925787687301636,44.6789436340332
67,players,11,1.0,,
67,players,15,0.0,,
67,players,7,0.0,20.695404052734375,31.605751037597656
67,players,6,0.0,,
67,players,21,0.0,13.76608943939209,64.47373962402344
67,players,13,1.0,6.670345783233643,18.124860763549805
67,players,18,1.0,20.126022338867188,57.88762283325195
67,players,29,1.0,,
68,players,14,1.0,0.4865391254425049,61.5877571105957
68,players,4,1.0,9.87615966796875,65.15740966796875
68,players,8,0.0,7.597280025482178,58.898895263671875
68,players,12,0.0,,
68,players,3,0.0,15.653120994567871,57.926910400390625
68,players,9,0.0,5.622917175292969,43.86946487426758
68,players,28,0.0,,
68,players,16,1.0,,
68,players,17,1.0,16.178586959838867,38.12282943725586
68,players,18,1.0,20.21058464050293,57.74595260620117
68,players,5,1.0,1.1203341484069824,44.545379638671875
68,players,10,0.0,19.446231842041016,45.145362854003906
68,players,6,0.0,,
68,players,1,1.0,12.718603134155273,57.496429443359375
68,players,7,0.0,20.761802673339844,31.658449172973633
68,players,15,0.0,,
68,players,11,1.0,,
68,players,21,1.0,13.635557174682617,64.39905548095703
68,players,29,1.0,,
68,players,13,1.0,6.782236576080322,18.09841537475586
69,players,4,1.0,9.804743766784668,65.21279907226562
69,players,14,1.0,0.5180966258049011,61.622623443603516
69,players,8,0.0,7.560903072357178,59.04444885253906
69,players,7,0.0,20.863637924194336,31.615314483642578
69,players,5,1.0,1.191786766052246,44.553955078125
69,players,6,0.0,,
69,players,28,0.0,,
69,players,12,0.0,,
69,players,17,1.0,16.22726058959961,38.018253326416016
69,players,3,0.0,15.670480728149414,57.88154602050781
69,players,1,1.0,12.735188484191895,57.532196044921875
69,players,18,1.0,20.25250816345215,57.81587219238281
69,players,16,1.0,,
69,players,9,0.0,5.629785537719727,43.82463073730469
69,players,11,1.0,,
69,players,13,1.0,6.887633800506592,18.106420516967773
69,players,10,0.0,19.395103454589844,45.14827346801758
69,players,15,0.0,,
69,players,21,1.0,13.60827922821045,64.25550079345703
69,players,29,1.0,,
70,players,4,1.0,9.72216510772705,65.31550598144531
70,players,6,0.0,,
70,players,14,1.0,0.5125700235366821,61.58768081665039
70,players,5,1.0,1.1931382417678833,44.507381439208984
70,players,7,0.0,20.950971603393555,31.710649490356445
70,players,8,0.0,7.494649887084961,59.2264289855957
70,players,1,1.0,12.677336692810059,57.499080657958984
70,players,17,1.0,16.250598907470703,37.933685302734375
70,players,16,1.0,,
70,players,3,0.0,15.669074058532715,57.930091857910156
70,players,28,0.0,,
70,players,21,1.0,13.585079193115234,64.16990661621094
70,players,12,0.0,,
70,players,13,1.0,7.051168918609619,18.123855590820312
70,players,15,0.0,,
70,players,11,1.0,,
70,players,10,0.0,19.358118057250977,45.095787048339844
70,players,9,0.0,5.655715465545654,43.7911376953125
70,players,18,1.0,20.318952560424805,57.77263259887695
70,players,29,1.0,,
71,players,14,1.0,0.47210267186164856,61.57972717285156
71,players,6,0.0,,
71,players,4,1.0,9.660324096679688,65.40618896484375
71,players,5,1.0,1.2103443145751953,44.506649017333984
71,players,1,1.0,12.686841011047363,57.4811897277832
71,players,3,0.0,15.726627349853516,57.87964630126953
71,players,21,1.0,13.56044864654541,64.24124145507812
71,players,10,0.0,19.421741485595703,45.04494094848633
71,players,7,0.0,21.03621482849121,31.779218673706055
71,players,13,1.0,7.168154716491699,18.015962600708008
71,players,28,0.0,,
71,players,11,1.0,,
71,players,18,1.0,20.40273666381836,57.68414306640625
71,players,16,1.0,,
71,players,12,0.0,,
71,players,15,0.0,,
71,players,8,0.0,7.1577677726745605,59.27074432373047
71,players,17,1.0,16.27680015563965,37.963443756103516
71,players,9,0.0,5.599508762359619,43.751338958740234
71,players,29,1.0,,
72,players,3,0.0,15.743988990783691,57.921817779541016
72,players,14,1.0,0.41252660751342773,61.53568649291992
72,players,5,1.0,1.2068067789077759,44.38822937011719
72,players,4,1.0,9.613974571228027,65.43214416503906
72,players,1,1.0,12.746586799621582,57.525901794433594
72,players,12,0.0,,
72,players,10,0.0,19.497699737548828,44.97777557373047
72,players,13,1.0,7.308737277984619,17.987659454345703
72,players,7,0.0,21.14727020263672,31.782712936401367
72,players,21,1.0,13.535257339477539,64.30348205566406
72,players,8,0.0,7.041884422302246,59.400367736816406
72,players,15,0.0,,
72,players,28,0.0,,
72,players,18,1.0,20.47146987915039,57.63825988769531
72,players,11,1.0,,
72,players,6,1.0,,
72,players,9,1.0,5.512566566467285,43.76911926269531
72,players,17,1.0,16.277965545654297,37.97571563720703
72,players,16,1.0,,
72,players,29,1.0,,
73,players,3,0.0,15.809891700744629,57.937278747558594
73,players,10,0.0,19.566640853881836,44.868934631347656
73,players,1,1.0,12.822978973388672,57.510555267333984
73,players,5,1.0,1.2076056003570557,44.38239669799805
73,players,4,1.0,9.52502155303955,65.40015411376953
73,players,12,0.0,,
73,players,7,0.0,21.185344696044922,31.89554786682129
73,players,14,1.0,0.301080584526062,61.45834732055664
73,players,18,1.0,20.540964126586914,57.555809020996094
73,players,21,1.0,13.562055587768555,64.3292465209961
73,players,8,0.0,6.925264835357666,59.361751556396484
73,players,15,0.0,,
73,players,6,0.0,,
73,players,28,0.0,,
73,players,9,0.0,5.574978351593018,43.81547927856445
73,players,17,1.0,16.352394104003906,37.814388275146484
73,players,13,1.0,7.447432041168213,17.998836517333984
73,players,16,1.0,,
73,players,11,1.0,,
73,players,29,1.0,,
74,players,18,1.0,20.737804412841797,57.184593200683594
74,players,3,0.0,15.861438751220703,57.941471099853516
74,players,1,1.0,12.861425399780273,57.63005447387695
74,players,10,0.0,19.605499267578125,44.82249450683594
74,players,16,1.0,,
74,players,12,0.0,,
74,players,5,1.0,1.189224123954773,44.269073486328125
74,players,4,1.0,9.475428581237793,65.40802001953125
74,players,13,1.0,7.568907737731934,17.994407653808594
74,players,21,1.0,13.561970710754395,64.30781555175781
74,players,7,0.0,21.241308212280273,31.860502243041992
74,players,14,1.0,0.18614469468593597,61.370582580566406
74,players,15,0.0,,
74,players,8,0.0,6.897999286651611,59.363975524902344
74,players,11,1.0,,
74,players,9,0.0,5.635120868682861,43.71979522705078
74,players,17,1.0,16.44548225402832,37.800209045410156
74,players,6,0.0,,
74,players,28,0.0,,
74,players,20,1.0,18.11643409729004,32.01425552368164
74,players,29,1.0,,
75,players,3,0.0,15.912028312683105,57.97104263305664
75,players,1,1.0,12.941557884216309,57.61628341674805
75,players,12,0.0,,
75,players,18,1.0,20.836139678955078,57.092918395996094
75,players,10,0.0,19.65443992614746,44.72832107543945
75,players,5,1.0,1.1766908168792725,44.14979934692383
75,players,16,1.0,,
75,players,4,1.0,9.39313793182373,65.38096618652344
75,players,21,1.0,13.565869331359863,64.25338745117188
75,players,13,1.0,7.715609073638916,17.884376525878906
75,players,11,1.0,,
75,players,28,0.0,,
75,players,14,1.0,0.17086747288703918,61.26613998413086
75,players,15,0.0,,
75,players,6,0.0,,
75,players,9,0.0,5.7137298583984375,43.805484771728516
75,players,7,0.0,21.257265090942383,31.85226821899414
75,players,17,1.0,16.496826171875,37.71757125854492
75,players,8,0.0,6.8341498374938965,59.405155181884766
75,players,29,1.0,,
76,players,3,0.0,15.957755088806152,58.01762390136719
76,players,1,1.0,12.988720893859863,57.652320861816406
76,players,12,0.0,,
76,players,5,1.0,1.1707648038864136,44.125816345214844
76,players,28,0.0,,
76,players,21,0.0,13.5866060256958,64.28495788574219
76,players,16,1.0,,
76,players,18,1.0,20.93769645690918,57.05388641357422
76,players,4,1.0,9.39813232421875,65.42083740234375
76,players,10,0.0,19.664306640625,44.61686706542969
76,players,8,0.0,6.846865177154541,59.36693572998047
76,players,11,1.0,,
76,players,13,1.0,7.889651298522949,17.73191261291504
76,players,14,1.0,0.15593060851097107,61.20571517944336
76,players,6,0.0,23.319263458251953,59.97957992553711
76,players,15,0.0,,
76,players,9,0.0,5.832916736602783,43.74104309082031
76,players,17,1.0,16.505464553833008,38.03118896484375
76,players,7,0.0,21.27882194519043,31.94157600402832
76,players,29,1.0,,
77,players,3,0.0,15.985337257385254,57.86384201049805
77,players,8,0.0,6.7718634605407715,59.34865951538086
77,players,21,0.0,13.59291934967041,64.37910461425781
77,players,18,1.0,20.9644832611084,57.088584899902344
77,players,16,1.0,,
77,players,12,0.0,,
77,players,1,1.0,13.018122673034668,57.674407958984375
77,players,5,1.0,1.2074711322784424,44.12556838989258
77,players,11,1.0,,
77,players,28,0.0,,
77,players,4,1.0,9.359614372253418,65.56124114990234
77,players,14,1.0,0.09065815806388855,61.1328125
77,players,13,1.0,8.036569595336914,17.901174545288086
77,players,6,0.0,,
77,players,10,0.0,19.568349838256836,44.755821228027344
77,players,9,0.0,5.8623270988464355,43.87724304199219
77,players,7,0.0,21.37594223022461,31.948556900024414
77,players,17,1.0,16.5175838470459,38.173728942871094
77,players,15,0.0,,
77,players,29,1.0,,
78,players,4,1.0,9.281289100646973,65.67897033691406
78,players,21,0.0,13.676024436950684,64.26806640625
78,players,18,1.0,20.99427032470703,57.09770584106445
78,players,16,1.0,,
78,players,3,0.0,15.958984375,57.861202239990234
78,players,6,0.0,,
78,players,1,1.0,13.011459350585938,57.668922424316406
78,players,12,0.0,,
78,players,28,0.0,,
78,players,5,1.0,1.2686853408813477,44.129127502441406
78,players,14,1.0,0.0662330687046051,61.085609436035156
78,players,13,1.0,8.227046012878418,17.63701820373535
78,players,8,0.0,6.643732070922852,59.354732513427734
78,players,11,1.0,,
78,players,10,0.0,19.549205780029297,44.769100189208984
78,players,7,0.0,21.516111373901367,31.716815948486328
78,players,15,0.0,,
78,players,9,0.0,5.810078144073486,43.95984649658203
78,players,17,1.0,16.49896812438965,38.01412582397461
78,players,29,1.0,,
79,players,4,1.0,9.250772476196289,65.66834259033203
79,players,18,1.0,21.059011459350586,57.113338470458984
79,players,21,0.0,13.798501968383789,64.04109191894531
79,players,6,0.0,,
79,players,13,1.0,8.40030574798584,17.558738708496094
79,players,3,0.0,15.901580810546875,57.866661071777344
79,players,1,1.0,12.990358352661133,57.669857025146484
79,players,10,0.0,19.593894958496094,44.82057571411133
79,players,11,1.0,,
79,players,7,0.0,21.615522384643555,31.68760871887207
79,players,5,1.0,1.2980520725250244,43.883026123046875
79,players,14,1.0,0.04372549429535866,61.09122848510742
79,players,12,0.0,,
79,players,16,1.0,,
79,players,28,0.0,,
79,players,9,0.0,5.827845573425293,43.85710525512695
79,players,8,0.0,6.319133758544922,59.326454162597656
79,players,15,0.0,,
79,players,17,1.0,16.55596351623535,38.18655014038086
79,players,29,1.0,,
80,players,6,0.0,,
80,players,4,1.0,9.225874900817871,65.79573059082031
80,players,18,1.0,21.16716194152832,57.0958137512207
80,players,10,0.0,19.694143295288086,44.60117721557617
80,players,1,1.0,13.041220664978027,57.59128189086914
80,players,7,0.0,21.71570587158203,31.782384872436523
80,players,16,1.0,,
80,players,3,0.0,15.858808517456055,57.86815643310547
80,players,5,1.0,1.303707242012024,43.80541229248047
80,players,14,1.0,0.014950416050851345,61.061981201171875
80,players,13,1.0,8.568058013916016,17.638572692871094
80,players,12,0.0,,
80,players,21,0.0,13.886429786682129,63.94999313354492
80,players,17,1.0,16.59149742126465,38.256526947021484
80,players,11,1.0,,
80,players,9,0.0,5.831757545471191,43.90639114379883
80,players,8,0.0,6.218968868255615,59.3714714050293
80,players,15,0.0,,
80,players,29,1.0,,
80,players,28,0.0,,
80,players,20,1.0,18.481966018676758,31.92130470275879
81,players,6,0.0,,
81,players,14,1.0,0.02005511149764061,61.02467727661133
81,players,4,1.0,9.234199523925781,65.82046508789062
81,players,10,0.0,19.764991760253906,44.544368743896484
81,players,21,0.0,13.98887825012207,63.838680267333984
81,players,16,1.0,,
81,players,1,1.0,13.117042541503906,57.556888580322266
81,players,13,1.0,8.723136901855469,17.458038330078125
81,players,18,1.0,21.273681640625,57.016265869140625
81,players,3,0.0,15.88369083404541,57.817264556884766
81,players,7,0.0,21.784215927124023,31.889379501342773
81,players,8,0.0,6.302730083465576,59.36370086669922
81,players,12,0.0,,
81,players,5,1.0,1.33510160446167,43.76402282714844
81,players,9,0.0,5.915835380554199,43.71103286743164
81,players,17,1.0,16.683490753173828,38.09745788574219
81,players,11,1.0,,
81,players,15,0.0,,
81,players,29,1.0,,
81,players,20,1.0,18.53409767150879,32.0952262878418
81,players,28,0.0,,
82,players,14,1.0,0.021714063361287117,60.785037994384766
82,players,6,0.0,,
82,players,8,0.0,6.135788917541504,59.114845275878906
82,players,3,0.0,15.890682220458984,57.66177749633789
82,players,10,0.0,19.75522804260254,44.25724411010742
82,players,9,0.0,5.884247779846191,43.440513610839844
82,players,1,1.0,13.13077449798584,57.41200256347656
82,players,21,0.0,14.01484203338623,63.63275909423828
82,players,13,1.0,8.839072227478027,17.026599884033203
82,players,4,1.0,9.136795043945312,65.58033752441406
82,players,5,1.0,1.2993136644363403,43.420467376708984
82,players,16,1.0,,
82,players,18,1.0,21.33107566833496,56.69994354248047
82,players,7,0.0,21.774934768676758,31.647443771362305
82,players,12,0.0,,
82,players,15,0.0,,
82,players,17,1.0,16.763673782348633,37.51301574707031
82,players,29,1.0,,
82,players,11,1.0,,
82,players,28,0.0,,
82,players,20,1.0,18.52869987487793,31.7420711517334
83,players,8,0.0,6.162875652313232,59.147647857666016
83,players,14,1.0,0.09910693764686584,60.59934997558594
83,players,1,1.0,13.223938941955566,57.38337326049805
83,players,6,0.0,,
83,players,3,0.0,15.975462913513184,57.704444885253906
83,players,16,1.0,,
83,players,10,0.0,19.790367126464844,44.26383590698242
83,players,13,1.0,9.070789337158203,17.416757583618164
83,players,5,1.0,1.3370274305343628,43.46723937988281
83,players,18,1.0,21.523487091064453,56.36491012573242
83,players,9,0.0,6.056303024291992,43.30900573730469
83,players,21,0.0,14.147533416748047,63.3319091796875
83,players,4,1.0,9.144806861877441,65.4902572631836
83,players,12,0.0,,
83,players,7,0.0,21.85630989074707,31.740842819213867
83,players,15,0.0,,
83,players,28,0.0,,
83,players,29,1.0,,
83,players,17,1.0,16.824861526489258,37.66796112060547
83,players,11,1.0,,
84,players,3,0.0,16.06395149230957,57.49075698852539
84,players,8,0.0,6.1844987869262695,58.8176383972168
84,players,1,1.0,13.32859992980957,57.24784469604492
84,players,14,1.0,0.1599847972393036,60.512447357177734
84,players,16,1.0,,
84,players,12,0.0,,
84,players,6,0.0,,
84,players,13,1.0,9.310998916625977,17.471511840820312
84,players,4,1.0,9.151009559631348,65.4554214477539
84,players,10,0.0,19.78127670288086,44.25234603881836
84,players,5,1.0,1.374619722366333,43.32672119140625
84,players,9,0.0,6.140702247619629,43.31172180175781
84,players,21,0.0,14.223078727722168,63.33195495605469
84,players,18,1.0,21.665176391601562,56.23033905029297
84,players,7,0.0,21.821699142456055,31.770183563232422
84,players,28,0.0,,
84,players,17,1.0,16.8772029876709,37.756248474121094
84,players,15,0.0,,
84,players,11,1.0,,
84,players,29,1.0,,
85,players,3,0.0,16.15719985961914,57.2137451171875
85,players,14,1.0,0.1510278731584549,60.298011779785156
85,players,8,0.0,6.108372211456299,58.56608963012695
85,players,1,1.0,13.387251853942871,57.07337188720703
85,players,10,0.0,19.668182373046875,44.22477340698242
85,players,12,0.0,,
85,players,16,1.0,,
85,players,5,1.0,1.4764987230300903,43.107818603515625
85,players,13,1.0,9.531533241271973,17.529672622680664
85,players,4,1.0,9.209432601928711,65.30671691894531
85,players,6,0.0,,
85,players,29,1.0,,
85,players,28,0.0,,
85,players,18,1.0,21.775449752807617,56.057777404785156
85,players,9,0.0,6.183172702789307,43.10215377807617
85,players,21,0.0,14.329370498657227,63.181358337402344
85,players,7,0.0,21.86051368713379,31.681509017944336
85,players,15,0.0,,
85,players,17,1.0,16.946260452270508,37.74923324584961
85,players,11,1.0,,
86,players,14,1.0,0.15022052824497223,60.1326789855957
86,players,1,1.0,13.443666458129883,56.92723083496094
86,players,3,0.0,16.23650360107422,57.05031967163086
86,players,16,1.0,,
86,players,12,0.0,,
86,players,5,1.0,1.639814019203186,43.06637191772461
86,players,6,0.0,,
86,players,21,0.0,14.443245887756348,63.1231689453125
86,players,18,1.0,21.83191680908203,55.8959846496582
86,players,28,0.0,,
86,players,4,1.0,9.235593795776367,65.2771224975586
86,players,10,0.0,19.63418197631836,44.202213287353516
86,players,8,0.0,5.942841529846191,58.39293670654297
86,players,13,1.0,9.779928207397461,17.604846954345703
86,players,7,0.0,21.922229766845703,31.674278259277344
86,players,29,1.0,,
86,players,9,0.0,6.188962936401367,43.19966506958008
86,players,15,0.0,,
86,players,11,1.0,,
86,players,17,1.0,16.795095443725586,37.920806884765625
87,players,4,1.0,9.263314247131348,65.15677642822266
87,players,14,1.0,0.14293506741523743,60.01422882080078
87,players,5,1.0,1.8145290613174438,43.02894592285156
87,players,1,1.0,13.503405570983887,56.85619354248047
87,players,3,0.0,16.2850284576416,57.057865142822266
87,players,13,1.0,10.019352912902832,17.763492584228516
87,players,16,1.0,,
87,players,18,1.0,21.90715789794922,55.8946533203125
87,players,7,0.0,22.032114028930664,31.83319854736328
87,players,6,0.0,,
87,players,12,0.0,,
87,players,21,0.0,14.556588172912598,63.05586242675781
87,players,10,0.0,19.69988441467285,44.185298919677734
87,players,9,0.0,6.233078956604004,43.10588073730469
87,players,28,0.0,,
87,players,11,1.0,,
87,players,8,0.0,5.78630256652832,58.368324279785156
87,players,15,0.0,,
87,players,29,1.0,,
87,players,17,1.0,16.91707420349121,38.08633041381836
88,players,5,1.0,1.95109224319458,42.896610260009766
88,players,14,1.0,0.12273221462965012,59.960205078125
88,players,4,1.0,9.308436393737793,65.07637023925781
88,players,3,0.0,16.303524017333984,56.971412658691406
88,players,13,1.0,10.286201477050781,17.815467834472656
88,players,6,0.0,,
88,players,1,1.0,13.533761978149414,56.79166793823242
88,players,7,0.0,22.10300064086914,31.999645233154297
88,players,16,1.0,,
88,players,9,0.0,6.340224742889404,42.95655822753906
88,players,18,1.0,22.01651954650879,55.807334899902344
88,players,21,0.0,14.693438529968262,62.9229621887207
88,players,10,0.0,19.797788619995117,43.96635055541992
88,players,11,1.0,,
88,players,12,0.0,,
88,players,8,0.0,5.750648498535156,58.35896682739258
88,players,28,0.0,,
88,players,15,0.0,,
88,players,17,1.0,16.99956703186035,38.03281784057617
88,players,29,1.0,,
89,players,14,1.0,0.21677160263061523,59.85590362548828
89,players,4,1.0,9.347914695739746,65.08267974853516
89,players,5,1.0,2.0433671474456787,42.710750579833984
89,players,6,0.0,,
89,players,9,0.0,6.519392013549805,42.91795349121094
89,players,3,0.0,16.341838836669922,56.880828857421875
89,players,7,0.0,22.19158363342285,32.083892822265625
89,players,18,1.0,22.108844757080078,55.75959014892578
89,players,1,1.0,13.591775894165039,56.73976135253906
89,players,10,0.0,19.94017791748047,43.77381134033203
89,players,21,0.0,14.803858757019043,62.906612396240234
89,players,11,1.0,,
89,players,8,1.0,5.723737716674805,58.21746826171875
89,players,13,1.0,10.545376777648926,17.797039031982422
89,players,15,0.0,,
89,players,28,0.0,,
89,players,17,1.0,17.026769638061523,38.08549499511719
89,players,29,1.0,,
89,players,12,0.0,,
89,players,16,1.0,,
90,players,4,1.0,9.41541576385498,64.99529266357422
90,players,6,0.0,,
90,players,14,1.0,0.29643335938453674,59.387733459472656
90,players,10,0.0,20.028921127319336,43.56233596801758
90,players,7,0.0,22.304119110107422,32.04700469970703
90,players,5,1.0,2.232438325881958,42.61528396606445
90,players,18,1.0,22.258441925048828,55.52910614013672
90,players,21,0.0,14.946514129638672,62.77206802368164
90,players,3,0.0,16.346879959106445,56.835906982421875
90,players,17,1.0,17.124841690063477,37.98193359375
90,players,11,1.0,,
90,players,9,0.0,6.637136459350586,42.875911712646484
90,players,1,1.0,13.699737548828125,56.63913345336914
90,players,8,0.0,5.858979225158691,58.10739517211914
90,players,13,1.0,10.80424690246582,17.748964309692383
90,players,15,0.0,,
90,players,12,0.0,,
90,players,28,0.0,,
90,players,29,1.0,,
90,players,16,1.0,,
91,players,8,0.0,5.796875,57.939842224121094
91,players,6,0.0,,
91,players,4,1.0,9.437234878540039,64.9240493774414
91,players,10,0.0,20.0212459564209,43.59031677246094
91,players,14,1.0,0.39125069975852966,59.253753662109375
91,players,21,0.0,15.049078941345215,62.728416442871094
91,players,5,1.0,2.3555362224578857,42.4759407043457
91,players,17,1.0,17.278705596923828,37.8395881652832
91,players,18,1.0,22.316665649414062,55.517822265625
91,players,1,1.0,13.800477027893066,56.489967346191406
91,players,3,0.0,16.429323196411133,56.70146942138672
91,players,9,0.0,6.7193121910095215,42.978599548339844
91,players,13,1.0,11.029314041137695,18.090835571289062
91,players,7,0.0,22.37308120727539,32.033023834228516
91,players,11,1.0,,
91,players,12,0.0,,
91,players,16,1.0,,
91,players,28,0.0,,
91,players,15,0.0,,
91,players,29,1.0,,
92,players,14,1.0,0.48330050706863403,59.0725212097168
92,players,8,0.0,5.890340328216553,57.577117919921875
92,players,5,1.0,2.468623399734497,42.441898345947266
92,players,6,0.0,,
92,players,10,0.0,20.050024032592773,43.61467361450195
92,players,1,1.0,13.940908432006836,56.42445373535156
92,players,21,0.0,15.28319263458252,62.33265686035156
92,players,4,1.0,9.499509811401367,64.8058853149414
92,players,17,1.0,17.392257690429688,37.87349319458008
92,players,18,1.0,22.508819580078125,55.24786376953125
92,players,3,0.0,16.50872802734375,56.721275329589844
92,players,9,0.0,6.813676357269287,42.88494110107422
92,players,13,1.0,11.311105728149414,18.13836669921875
92,players,7,0.0,22.396343231201172,32.18893814086914
92,players,11,1.0,,
92,players,28,0.0,,
92,players,12,0.0,,
92,players,16,1.0,,
92,players,15,0.0,,
92,players,29,1.0,,
92,players,71,1.0,,
93,players,14,1.0,0.5752413272857666,59.0764274597168
93,players,8,0.0,5.910203456878662,57.235904693603516
93,players,1,1.0,14.013429641723633,56.33218002319336
93,players,21,0.0,15.442081451416016,62.12684631347656
93,players,6,0.0,,
93,players,18,1.0,22.69593620300293,54.96870040893555
93,players,17,1.0,17.455934524536133,38.15751266479492
93,players,4,1.0,9.537331581115723,64.79077911376953
93,players,12,0.0,,
93,players,5,1.0,2.5980091094970703,42.3782844543457
93,players,3,0.0,16.6121883392334,56.64931869506836
93,players,7,0.0,22.425512313842773,32.34782409667969
93,players,9,0.0,6.896872520446777,42.797977447509766
93,players,11,1.0,,
93,players,16,1.0,,
93,players,28,0.0,,
93,players,10,0.0,20.028352737426758,43.71869659423828
93,players,29,1.0,,
93,players,15,0.0,,
93,players,13,1.0,11.56291389465332,18.445655822753906
94,players,6,0.0,,
94,players,1,1.0,14.105384826660156,56.20733642578125
94,players,14,1.0,0.5949898362159729,59.036354064941406
94,players,12,0.0,,
94,players,18,1.0,22.835586547851562,54.76447296142578
94,players,7,0.0,22.50776481628418,32.41328811645508
94,players,3,0.0,16.712284088134766,56.434261322021484
94,players,17,1.0,17.518817901611328,38.20609664916992
94,players,8,0.0,5.910670280456543,57.10149002075195
94,players,28,0.0,,
94,players,4,1.0,9.592278480529785,64.81524658203125
94,players,9,0.0,6.918641567230225,42.676631927490234
94,players,21,0.0,15.601405143737793,62.0197639465332
94,players,5,1.0,2.7860753536224365,42.19930648803711
94,players,13,1.0,11.824942588806152,18.558652877807617
94,players,10,0.0,20.04420280456543,43.50680923461914
94,players,16,1.0,,
94,players,29,1.0,,
94,players,11,1.0,,
94,players,15,0.0,,
94,players,71,1.0,,
95,players,3,0.0,16.80420684814453,56.16111755371094
95,players,1,1.0,14.252884864807129,56.014034271240234
95,players,12,0.0,,
95,players,4,1.0,9.679679870605469,64.80449676513672
95,players,14,1.0,0.618296205997467,58.83524703979492
95,players,5,1.0,2.9913549423217773,41.99361801147461
95,players,18,1.0,22.95510482788086,54.700687408447266
95,players,6,0.0,,
95,players,10,0.0,20.118850708007812,43.46467971801758
95,players,7,0.0,22.657726287841797,32.362979888916016
95,players,8,0.0,5.844803810119629,56.93048095703125
95,players,21,0.0,15.777772903442383,61.955650329589844
95,players,9,0.0,7.128798961639404,42.565006256103516
95,players,17,1.0,17.619382858276367,38.269073486328125
95,players,28,0.0,,
95,players,16,1.0,,
95,players,13,1.0,12.100373268127441,18.532001495361328
95,players,29,1.0,,
95,players,20,1.0,19.364788055419922,32.33424377441406
95,players,15,0.0,,
95,players,71,1.0,,
95,players,11,1.0,,
96,players,3,0.0,16.862468719482422,56.16642761230469
96,players,1,1.0,14.343611717224121,55.8730354309082
96,players,4,1.0,9.723328590393066,64.7205581665039
96,players,14,1.0,0.6609620451927185,58.69546890258789
96,players,7,0.0,22.848888397216797,32.22844314575195
96,players,18,1.0,23.02815055847168,54.70658493041992
96,players,8,0.0,5.875189304351807,56.90647888183594
96,players,10,0.0,20.2301025390625,43.454490661621094
96,players,5,1.0,3.194241762161255,42.02629852294922
96,players,21,0.0,15.944458961486816,61.8365478515625
96,players,12,0.0,,
96,players,13,1.0,12.409112930297852,18.71429443359375
96,players,16,1.0,,
96,players,9,0.0,7.25851583480835,42.590118408203125
96,players,6,0.0,,
96,players,28,0.0,,
96,players,29,1.0,,
96,players,11,1.0,,
96,players,15,0.0,,
96,players,17,1.0,17.691871643066406,38.26558303833008
96,players,20,1.0,19.44908332824707,32.44292068481445
97,players,21,0.0,16.137258529663086,61.75187683105469
97,players,1,1.0,14.385138511657715,55.82332229614258
97,players,3,0.0,16.90141487121582,56.11820983886719
97,players,4,1.0,9.822004318237305,64.64991760253906
97,players,7,0.0,23.0222110748291,32.06563186645508
97,players,8,0.0,5.997974872589111,56.705936431884766
97,players,14,1.0,0.8173369765281677,58.46051788330078
97,players,10,0.0,20.4393367767334,42.88549041748047
97,players,18,1.0,23.1580753326416,54.62971496582031
97,players,5,1.0,3.376002073287964,41.64769744873047
97,players,17,1.0,17.78948211669922,38.303443908691406
97,players,12,0.0,,
97,players,9,0.0,7.4287638664245605,42.33077621459961
97,players,16,1.0,,
97,players,6,0.0,,
97,players,13,1.0,12.714385032653809,18.71466636657715
97,players,28,0.0,,
97,players,15,0.0,,
97,players,29,1.0,,
97,players,11,1.0,,
97,players,20,1.0,19.63878059387207,32.23728561401367
98,players,3,0.0,16.895116806030273,56.001304626464844
98,players,5,1.0,3.4812777042388916,41.469268798828125
98,players,4,1.0,9.873872756958008,64.65011596679688
98,players,14,1.0,0.9037529826164246,58.19081115722656
98,players,21,0.0,16.244638442993164,61.69322967529297
98,players,8,0.0,6.027010917663574,56.66372299194336
98,players,7,0.0,23.059934616088867,32.24604797363281
98,players,10,0.0,20.377492904663086,43.08731460571289
98,players,16,1.0,,
98,players,1,1.0,14.40392780303955,55.77084732055664
98,players,6,0.0,,
98,players,28,0.0,,
98,players,9,0.0,7.5059494972229,42.34812545776367
98,players,17,1.0,17.738723754882812,38.40153503417969
98,players,12,0.0,,
98,players,18,1.0,23.189083099365234,54.65715026855469
98,players,13,1.0,12.87954330444336,19.137409210205078
98,players,29,1.0,,
98,players,11,1.0,,
98,players,15,0.0,,
99,players,3,0.0,16.919687271118164,55.91334533691406
99,players,14,1.0,0.9738844633102417,57.8524169921875
99,players,21,0.0,16.417905807495117,61.578094482421875
99,players,6,0.0,,
99,players,1,1.0,14.471781730651855,55.68071365356445
99,players,13,1.0,13.176002502441406,18.919740676879883
99,players,4,1.0,9.95752239227295,64.5478515625
99,players,5,1.0,3.6282830238342285,41.34666061401367
99,players,10,0.0,20.427871704101562,42.958133697509766
99,players,7,0.0,23.098636627197266,32.27578353881836
99,players,9,0.0,7.55662202835083,42.243858337402344
99,players,17,1.0,17.832599639892578,38.41231918334961
99,players,18,1.0,23.281490325927734,54.59955596923828
99,players,8,0.0,6.098761081695557,56.40452194213867
99,players,11,1.0,,
99,players,28,0.0,,
99,players,16,1.0,,
99,players,29,1.0,,
99,players,15,0.0,,
99,players,12,0.0,,
99,players,20,1.0,19.74549674987793,32.38294219970703
100,players,3,0.0,16.898096084594727,55.94810104370117
100,players,6,0.0,,
100,players,21,0.0,16.565786361694336,61.54731369018555
100,players,14,1.0,1.0282037258148193,57.75736999511719
100,players,8,0.0,6.137907981872559,56.087554931640625
100,players,10,0.0,20.393325805664062,43.10098648071289
100,players,1,1.0,14.600241661071777,55.481624603271484
100,players,18,1.0,,
100,players,11,1.0,,
100,players,13,1.0,13.410113334655762,19.06204605102539
100,players,4,1.0,9.994382858276367,64.3682632446289
100,players,7,0.0,23.107683181762695,32.24501037597656
100,players,17,1.0,17.951618194580078,38.30893325805664
100,players,5,1.0,3.776118516921997,41.25816345214844
100,players,16,1.0,,
100,players,28,0.0,,
100,players,29,1.0,,
100,players,9,0.0,7.649411201477051,42.24819564819336
100,players,12,0.0,,
100,players,15,0.0,,
100,players,20,1.0,19.884714126586914,32.0918083190918
101,players,1,1.0,14.733404159545898,55.35810470581055
101,players,14,1.0,1.0831531286239624,57.602725982666016
101,players,8,0.0,6.144138813018799,55.83747100830078
101,players,6,0.0,,
101,players,3,0.0,17.007421493530273,55.82790756225586
101,players,10,0.0,20.376070022583008,43.12030029296875
101,players,11,1.0,,
101,players,4,1.0,10.0538911819458,64.26261138916016
101,players,21,0.0,16.734560012817383,61.42629623413086
101,players,18,1.0,,
101,players,17,1.0,18.121997833251953,38.0138053894043
101,players,7,0.0,23.128671646118164,32.28401565551758
101,players,5,1.0,3.9117751121520996,41.2917594909668
101,players,28,0.0,,
101,players,9,0.0,7.710339069366455,42.148441314697266
101,players,16,1.0,,
101,players,12,0.0,,
101,players,13,1.0,13.638978958129883,19.329763412475586
101,players,29,1.0,,
101,players,15,0.0,,
102,players,14,1.0,1.196756362915039,57.546321868896484
102,players,6,0.0,,
102,players,21,0.0,16.889873504638672,61.4453010559082
102,players,11,1.0,,
102,players,1,1.0,14.887362480163574,55.187923431396484
102,players,4,1.0,10.167366027832031,64.18388366699219
102,players,3,0.0,17.152307510375977,55.67350769042969
102,players,17,1.0,18.25201988220215,38.02281188964844
102,players,18,1.0,,
102,players,5,1.0,4.085629463195801,41.314903259277344
102,players,10,0.0,20.415882110595703,43.13646697998047
102,players,13,1.0,13.964975357055664,19.085464477539062
102,players,8,0.0,6.0857110023498535,55.5571403503418
102,players,7,0.0,23.20661163330078,32.43479537963867
102,players,29,1.0,,
102,players,9,0.0,7.823983192443848,42.16695785522461
102,players,16,1.0,,
102,players,28,0.0,,
102,players,12,0.0,,
102,players,15,0.0,,
103,players,4,1.0,10.283090591430664,64.06814575195312
103,players,14,1.0,1.2938222885131836,57.46681213378906
103,players,11,1.0,,
103,players,21,0.0,17.064682006835938,61.31087112426758
103,players,3,0.0,17.288637161254883,55.50602340698242
103,players,1,1.0,15.008872985839844,55.05158996582031
103,players,13,1.0,14.196885108947754,19.4432315826416
103,players,6,0.0,,
103,players,10,0.0,20.434383392333984,43.089080810546875
103,players,12,0.0,,
103,players,18,1.0,,
103,players,5,1.0,4.306737422943115,41.08317184448242
103,players,9,0.0,7.93491268157959,42.055145263671875
103,players,7,0.0,,
103,players,16,1.0,,
103,players,28,0.0,,
103,players,29,1.0,,
103,players,8,0.0,6.053648471832275,55.46829605102539
103,players,17,1.0,18.31275749206543,38.14874267578125
103,players,15,0.0,,
103,players,20,1.0,20.018712997436523,32.53529357910156
104,players,4,1.0,10.355140686035156,63.97227478027344
104,players,14,1.0,1.372064471244812,57.32614517211914
104,players,11,1.0,,
104,players,5,1.0,4.510490894317627,40.8636360168457
104,players,7,0.0,,
104,players,1,1.0,15.117517471313477,54.966705322265625
104,players,3,0.0,17.411216735839844,55.29654312133789
104,players,12,0.0,,
104,players,13,1.0,14.472250938415527,19.42935562133789
104,players,10,0.0,20.520841598510742,43.063663482666016
104,players,18,1.0,,
104,players,17,1.0,18.453142166137695,38.023460388183594
104,players,8,0.0,6.188703536987305,55.30659484863281
104,players,21,0.0,17.226348876953125,61.24706268310547
104,players,9,0.0,8.120658874511719,41.98496627807617
104,players,6,0.0,,
104,players,28,0.0,,
104,players,29,1.0,,
104,players,16,1.0,,
104,players,15,0.0,,
105,players,4,1.0,10.48097038269043,63.914527893066406
105,players,3,0.0,17.541988372802734,55.10070037841797
105,players,18,1.0,,
105,players,14,1.0,1.5217832326889038,57.159183502197266
105,players,12,0.0,,
105,players,1,1.0,15.237590789794922,54.845420837402344
105,players,8,0.0,6.257569789886475,55.19176483154297
105,players,5,1.0,4.741282939910889,40.77532958984375
105,players,21,0.0,17.427576065063477,61.08994674682617
105,players,7,0.0,,
105,players,10,0.0,20.686206817626953,42.76087951660156
105,players,13,1.0,14.761015892028809,19.626340866088867
105,players,9,0.0,8.278127670288086,42.07363510131836
105,players,17,1.0,18.541683197021484,38.243797302246094
105,players,28,0.0,,
105,players,16,1.0,,
105,players,29,1.0,,
105,players,11,1.0,,
105,players,15,0.0,,
105,players,6,0.0,,
105,players,20,1.0,20.138500213623047,32.81980514526367
106,players,4,1.0,10.60091495513916,63.76640319824219
106,players,1,1.0,15.37288761138916,54.74816131591797
106,players,5,1.0,4.945083141326904,40.57021713256836
106,players,12,0.0,,
106,players,16,1.0,,
106,players,3,0.0,17.675830841064453,54.97820281982422
106,players,21,0.0,17.63988494873047,60.92999267578125
106,players,7,0.0,,
106,players,9,0.0,8.401632308959961,41.933921813964844
106,players,18,1.0,,
106,players,8,0.0,6.312810897827148,55.0257453918457
106,players,14,1.0,1.644518494606018,56.962623596191406
106,players,28,0.0,,
106,players,10,0.0,20.843738555908203,42.532249450683594
106,players,11,1.0,,
106,players,17,1.0,18.625347137451172,38.230316162109375
106,players,6,0.0,,
106,players,13,1.0,15.021472930908203,19.71724510192871
106,players,29,1.0,,
106,players,15,0.0,,
107,players,5,1.0,5.180362701416016,40.50450134277344
107,players,4,1.0,10.748726844787598,63.701656341552734
107,players,21,0.0,17.87253189086914,60.775672912597656
107,players,3,0.0,17.770889282226562,54.91244888305664
107,players,14,1.0,1.7657815217971802,56.62331008911133
107,players,8,0.0,6.422056674957275,54.73588943481445
107,players,1,1.0,15.467562675476074,54.760772705078125
107,players,9,0.0,8.561814308166504,41.98530578613281
107,players,12,0.0,,
107,players,10,0.0,20.97144317626953,42.47544479370117
107,players,28,0.0,,
107,players,18,1.0,,
107,players,16,1.0,,
107,players,7,0.0,,
107,players,13,1.0,15.339356422424316,19.810226440429688
107,players,6,0.0,,
107,players,11,1.0,,
107,players,15,0.0,,
107,players,29,1.0,,
107,players,17,1.0,18.696863174438477,38.34194564819336
107,players,20,1.0,20.477649688720703,32.819793701171875
108,players,21,0.0,18.06662368774414,60.674198150634766
108,players,17,1.0,18.853281021118164,38.282997131347656
108,players,6,0.0,,
108,players,5,1.0,5.415757656097412,40.463260650634766
108,players,18,1.0,,
108,players,14,1.0,1.912861704826355,56.190982818603516
108,players,8,0.0,6.572269916534424,54.432003021240234
108,players,28,0.0,,
108,players,10,0.0,21.044506072998047,42.37037658691406
108,players,3,0.0,17.835783004760742,54.96010971069336
108,players,4,1.0,10.88117790222168,63.60785675048828
108,players,12,0.0,,
108,players,1,1.0,15.632353782653809,54.61702346801758
108,players,15,0.0,,
108,players,9,0.0,8.732316017150879,41.764163970947266
108,players,11,1.0,,
108,players,16,1.0,,
108,players,13,1.0,15.628838539123535,19.895545959472656
108,players,7,0.0,,
108,players,29,1.0,,
109,players,21,0.0,18.265653610229492,60.62382125854492
109,players,8,0.0,6.678851127624512,54.21739196777344
109,players,5,1.0,5.63233757019043,40.46350860595703
109,players,18,1.0,,
109,players,3,0.0,17.92119026184082,54.910064697265625
109,players,14,1.0,2.0490562915802,55.87665939331055
109,players,6,0.0,,
109,players,13,1.0,15.98599910736084,20.170978546142578
109,players,1,1.0,15.788925170898438,54.61728286743164
109,players,4,1.0,11.015913963317871,63.577880859375
109,players,7,0.0,,
109,players,10,0.0,21.154727935791016,42.55104446411133
109,players,17,1.0,19.06800651550293,38.18783187866211
109,players,9,0.0,8.9039945602417,41.75471115112305
109,players,11,1.0,,
109,players,12,0.0,,
109,players,15,0.0,,
109,players,28,0.0,,
109,players,29,1.0,,
109,players,16,1.0,,
109,players,20,1.0,20.902576446533203,32.3975944519043
110,players,8,0.0,6.8069586753845215,53.89405822753906
110,players,21,0.0,18.471399307250977,60.54987716674805
110,players,1,1.0,15.956459999084473,54.4788818359375
110,players,14,1.0,2.195768356323242,55.574119567871094
110,players,5,1.0,5.849590301513672,40.11271286010742
110,players,17,1.0,19.26083755493164,38.195411682128906
110,players,18,1.0,,
110,players,4,1.0,11.13245677947998,63.47297668457031
110,players,13,1.0,16.281646728515625,20.29343032836914
110,players,3,0.0,18.039979934692383,54.769039154052734
110,players,12,0.0,,
110,players,7,0.0,,
110,players,9,0.0,9.048836708068848,41.73194122314453
110,players,10,0.0,21.18360137939453,42.59262466430664
110,players,6,0.0,,
110,players,11,1.0,,
110,players,29,1.0,,
110,players,28,0.0,,
110,players,15,0.0,,
110,players,16,1.0,,
111,players,1,1.0,16.129365921020508,54.41138458251953
111,players,3,0.0,18.215850830078125,54.72035217285156
111,players,13,1.0,16.591249465942383,20.46601676940918
111,players,18,1.0,,
111,players,17,1.0,19.373910903930664,38.42489242553711
111,players,21,0.0,18.672706604003906,60.54891586303711
111,players,6,0.0,,
111,players,14,1.0,2.3633692264556885,55.53438949584961
111,players,9,0.0,9.27395248413086,41.63077163696289
111,players,5,1.0,6.038990497589111,40.32924270629883
111,players,11,1.0,,
111,players,15,0.0,,
111,players,4,1.0,11.255374908447266,63.45635986328125
111,players,10,0.0,21.249202728271484,42.6480598449707
111,players,7,0.0,,
111,players,12,0.0,,
111,players,28,0.0,,
111,players,8,0.0,6.837149620056152,53.820953369140625
111,players,29,1.0,,
111,players,16,1.0,,
112,players,9,0.0,9.479459762573242,41.627830505371094
112,players,3,0.0,18.38325309753418,54.54368209838867
112,players,1,1.0,16.308300018310547,54.1636848449707
112,players,17,1.0,19.513866424560547,38.45409393310547
112,players,21,0.0,18.814098358154297,60.59838104248047
112,players,18,1.0,,
112,players,28,0.0,,
112,players,11,1.0,,
112,players,4,1.0,11.396355628967285,63.35776138305664
112,players,13,1.0,16.851579666137695,20.60468864440918
112,players,29,1.0,,
112,players,6,0.0,,
112,players,7,0.0,,
112,players,14,1.0,2.531280279159546,55.56229019165039
112,players,8,0.0,6.8817524909973145,53.65949249267578
112,players,5,1.0,6.303032398223877,40.357662200927734
112,players,16,1.0,,
112,players,15,0.0,,
112,players,10,0.0,21.359394073486328,42.53227996826172
112,players,12,0.0,,
113,players,1,1.0,16.456424713134766,53.97788619995117
113,players,11,1.0,,
113,players,21,0.0,19.022945404052734,60.46293640136719
113,players,9,0.0,9.666557312011719,41.32476806640625
113,players,12,0.0,,
113,players,28,0.0,,
113,players,17,1.0,19.60095977783203,38.56009292602539
113,players,4,1.0,11.500731468200684,63.381229400634766
113,players,18,1.0,,
113,players,3,0.0,18.51744270324707,54.4582405090332
113,players,6,0.0,,
113,players,8,0.0,7.019192695617676,53.57362747192383
113,players,7,0.0,,
113,players,10,0.0,21.521747589111328,42.44278335571289
113,players,14,1.0,2.7465639114379883,55.48432540893555
113,players,5,1.0,6.557206630706787,40.174217224121094
113,players,13,1.0,17.140655517578125,20.551000595092773
113,players,15,0.0,,
113,players,29,1.0,,
113,players,16,1.0,,
114,players,4,1.0,11.613292694091797,63.22153091430664
114,players,28,0.0,,
114,players,11,1.0,,
114,players,9,0.0,9.815971374511719,41.29399871826172
114,players,3,0.0,18.632732391357422,54.34918975830078
114,players,12,0.0,,
114,players,21,0.0,19.184757232666016,60.46321487426758
114,players,1,1.0,16.583080291748047,53.948204040527344
114,players,5,1.0,6.778199195861816,40.003517150878906
114,players,17,1.0,19.726869583129883,38.52415084838867
114,players,8,0.0,7.075995445251465,53.537593841552734
114,players,18,1.0,,
114,players,7,0.0,,
114,players,10,0.0,21.699787139892578,42.193565368652344
114,players,13,1.0,17.325090408325195,20.766876220703125
114,players,14,1.0,2.91172456741333,55.26797103881836
114,players,6,0.0,,
114,players,16,1.0,,
114,players,29,1.0,,
114,players,15,0.0,,
115,players,4,1.0,11.781155586242676,63.189701080322266
115,players,9,0.0,10.044479370117188,41.34169387817383
115,players,3,0.0,18.78460121154785,54.220054626464844
115,players,14,1.0,3.117187976837158,55.22630310058594
115,players,1,1.0,16.72601318359375,53.90233612060547
115,players,21,0.0,19.406084060668945,60.369842529296875
115,players,12,0.0,,
115,players,28,0.0,,
115,players,5,1.0,7.0512213706970215,39.895233154296875
115,players,18,1.0,,
115,players,11,1.0,,
115,players,8,0.0,7.2840704917907715,53.38467025756836
115,players,13,1.0,17.646638870239258,20.776859283447266
115,players,10,0.0,21.859399795532227,41.94929504394531
115,players,17,1.0,19.860816955566406,38.62601089477539
115,players,29,1.0,,
115,players,7,0.0,,
115,players,16,1.0,,
115,players,15,0.0,,
115,players,6,0.0,,
116,players,4,1.0,11.928105354309082,63.07687759399414
116,players,3,0.0,18.899892807006836,54.195560455322266
116,players,21,0.0,19.62738037109375,60.200843811035156
116,players,12,0.0,,
116,players,8,0.0,7.409070014953613,53.298004150390625
116,players,1,1.0,16.818748474121094,53.86790466308594
116,players,10,0.0,22.043766021728516,41.48370361328125
116,players,5,1.0,7.272271633148193,39.815608978271484
116,players,18,1.0,,
116,players,14,1.0,3.29135799407959,54.87930679321289
116,players,9,0.0,10.2017183303833,41.24732971191406
116,players,28,0.0,,
116,players,7,0.0,,
116,players,13,1.0,17.923566818237305,20.910079956054688
116,players,29,1.0,,
116,players,11,1.0,,
116,players,15,0.0,,
116,players,17,1.0,19.944286346435547,38.71394729614258
116,players,6,0.0,,
116,players,20,1.0,21.718172073364258,33.19331741333008
116,players,16,1.0,,
117,players,12,0.0,,
117,players,21,0.0,19.807373046875,60.07596206665039
117,players,4,1.0,12.108357429504395,62.99089431762695
117,players,1,1.0,16.943775177001953,53.75923156738281
117,players,3,0.0,19.010984420776367,54.09322738647461
117,players,14,1.0,3.4769692420959473,54.305423736572266
117,players,8,0.0,7.538689613342285,53.12373733520508
117,players,10,0.0,22.147722244262695,41.44694900512695
117,players,17,1.0,20.066713333129883,38.69047927856445
117,players,9,0.0,10.367094039916992,41.188636779785156
117,players,28,0.0,,
117,players,18,1.0,,
117,players,13,1.0,18.16034698486328,21.060197830200195
117,players,29,1.0,,
117,players,5,1.0,7.482344150543213,39.738861083984375
117,players,11,1.0,,
117,players,6,0.0,,
117,players,15,0.0,,
117,players,16,1.0,,
118,players,12,0.0,,
118,players,4,1.0,12.268272399902344,62.94977951049805
118,players,21,0.0,20.067794799804688,59.832984924316406
118,players,3,0.0,19.109792709350586,54.01902770996094
118,players,8,0.0,7.579616069793701,52.99817657470703
118,players,6,0.0,,
118,players,14,1.0,3.6985244750976562,53.845863342285156
118,players,1,1.0,17.112607955932617,53.68501281738281
118,players,17,1.0,20.267065048217773,38.74131393432617
118,players,28,0.0,,
118,players,9,0.0,10.539773941040039,41.19208908081055
118,players,5,1.0,7.725525379180908,39.75986099243164
118,players,11,1.0,,
118,players,18,1.0,,
118,players,15,0.0,,
118,players,10,0.0,22.2036190032959,41.60499954223633
118,players,16,1.0,,
118,players,29,1.0,,
118,players,13,1.0,18.452247619628906,21.13960838317871
118,players,20,1.0,22.145723342895508,32.687660217285156
119,players,4,1.0,12.41677188873291,62.89461898803711
119,players,1,1.0,17.3241024017334,53.43815612792969
119,players,8,0.0,7.7064738273620605,52.82737350463867
119,players,3,0.0,19.170711517333984,54.034950256347656
119,players,17,1.0,20.528535842895508,38.437870025634766
119,players,12,0.0,,
119,players,21,0.0,20.279495239257812,59.74162673950195
119,players,14,1.0,3.96053147315979,53.363739013671875
119,players,7,0.0,,
119,players,5,1.0,7.918946743011475,39.54856491088867
119,players,28,0.0,,
119,players,13,1.0,18.747316360473633,21.247831344604492
119,players,6,0.0,,
119,players,29,1.0,,
119,players,18,1.0,,
119,players,11,1.0,,
119,players,15,0.0,,
119,players,9,0.0,10.768704414367676,40.99699783325195
119,players,16,1.0,,
119,players,10,0.0,22.254533767700195,41.71615982055664
119,players,86,1.0,,
119,players,20,1.0,22.39388656616211,32.46408462524414
120,players,8,0.0,7.820042610168457,52.99285125732422
120,players,1,1.0,17.47179412841797,53.36796951293945
120,players,4,1.0,12.545270919799805,62.79884338378906
120,players,21,0.0,20.44501304626465,59.77509689331055
120,players,9,0.0,10.97130298614502,41.03376770019531
120,players,14,1.0,4.158215522766113,53.22103500366211
120,players,17,1.0,20.61871910095215,38.6531867980957
120,players,3,0.0,19.28034782409668,54.02935028076172
120,players,7,0.0,,
120,players,5,1.0,8.16036319732666,39.45454025268555
120,players,10,0.0,22.336191177368164,41.833003997802734
120,players,13,1.0,18.98911476135254,21.508033752441406
120,players,6,0.0,,
120,players,15,0.0,,
120,players,29,1.0,,
120,players,18,1.0,,
120,players,11,1.0,,
120,players,86,1.0,,
120,players,28,0.0,,
120,players,16,1.0,,
120,players,12,0.0,,
120,players,20,1.0,22.378429412841797,32.80660629272461
121,players,1,1.0,17.613040924072266,53.27079772949219
121,players,9,0.0,11.185368537902832,40.99751281738281
121,players,21,0.0,20.61526870727539,59.80311584472656
121,players,17,1.0,20.773998260498047,38.629295349121094
121,players,3,0.0,19.44972038269043,53.88231658935547
121,players,4,1.0,12.679102897644043,62.69329071044922
121,players,7,0.0,,
121,players,14,1.0,4.345363616943359,53.189544677734375
121,players,5,1.0,8.396475791931152,39.4371223449707
121,players,10,0.0,22.434415817260742,41.89421463012695
121,players,13,1.0,19.28276824951172,21.508216857910156
121,players,11,1.0,,
121,players,8,0.0,7.994142532348633,52.87930679321289
121,players,6,0.0,,
121,players,18,1.0,,
121,players,86,1.0,,
121,players,15,0.0,,
121,players,28,0.0,,
121,players,16,1.0,,
121,players,12,0.0,,
122,players,3,0.0,19.60034942626953,53.681846618652344
122,players,1,1.0,17.78775405883789,53.06077194213867
122,players,11,1.0,,
122,players,7,0.0,,
122,players,4,1.0,12.802779197692871,62.64070510864258
122,players,21,0.0,20.837690353393555,59.65933609008789
122,players,17,1.0,20.906179428100586,38.69083023071289
122,players,9,0.0,11.333035469055176,40.94062805175781
122,players,14,1.0,4.552811622619629,53.126014709472656
122,players,8,0.0,8.066490173339844,52.69113540649414
122,players,10,0.0,22.620861053466797,41.73753356933594
122,players,13,1.0,19.58104705810547,21.418317794799805
122,players,12,0.0,,
122,players,6,0.0,,
122,players,5,1.0,8.658003807067871,39.40125274658203
122,players,15,0.0,,
122,players,18,1.0,,
122,players,28,0.0,,
122,players,16,1.0,,
122,players,86,1.0,,
123,players,1,1.0,17.885540008544922,52.97520446777344
123,players,21,0.0,20.991281509399414,59.618648529052734
123,players,9,0.0,11.474305152893066,40.904666900634766
123,players,28,0.0,,
123,players,3,0.0,19.72285270690918,53.606380462646484
123,players,14,1.0,4.700156211853027,52.85337448120117
123,players,10,0.0,22.761112213134766,41.50716018676758
123,players,8,0.0,8.112175941467285,52.48741149902344
123,players,4,1.0,12.930509567260742,62.5313606262207
123,players,11,1.0,,
123,players,5,1.0,8.832754135131836,39.40170669555664
123,players,12,0.0,,
123,players,13,1.0,19.742591857910156,21.654966354370117
123,players,17,1.0,20.971200942993164,38.60041046142578
123,players,29,1.0,,
123,players,15,0.0,,
123,players,7,0.0,,
123,players,20,1.0,22.486665725708008,33.683326721191406
123,players,6,0.0,,
123,players,86,1.0,,
123,players,16,1.0,,
123,players,18,1.0,,
124,players,3,0.0,19.890365600585938,53.3463020324707
124,players,21,0.0,21.156686782836914,59.61558151245117
124,players,5,1.0,9.044756889343262,39.49876403808594
124,players,28,0.0,,
124,players,10,0.0,22.889814376831055,41.41121292114258
124,players,12,0.0,,
124,players,1,1.0,18.000186920166016,52.99116516113281
124,players,9,0.0,11.692665100097656,40.90346145629883
124,players,8,0.0,8.24158763885498,52.303619384765625
124,players,29,1.0,,
124,players,4,1.0,13.093905448913574,62.41381072998047
124,players,11,1.0,,
124,players,13,1.0,19.974809646606445,21.721315383911133
124,players,17,1.0,21.14204216003418,38.705081939697266
124,players,18,1.0,,
124,players,14,1.0,4.8838300704956055,52.8381233215332
124,players,15,0.0,,
124,players,7,0.0,,
124,players,20,1.0,22.660083770751953,33.685245513916016
124,players,86,1.0,,
124,players,16,1.0,,
125,players,3,0.0,20.008237838745117,53.305091857910156
125,players,12,0.0,,
125,players,4,1.0,13.204925537109375,62.36396789550781
125,players,8,0.0,8.385273933410645,52.055782318115234
125,players,28,0.0,,
125,players,1,1.0,18.128101348876953,52.84878158569336
125,players,14,1.0,4.987620830535889,52.57167053222656
125,players,21,0.0,21.34105682373047,59.56578063964844
125,players,13,1.0,20.187129974365234,21.7329044342041
125,players,5,1.0,9.249279022216797,39.52579879760742
125,players,9,0.0,11.80673885345459,40.981361389160156
125,players,29,1.0,,
125,players,7,0.0,,
125,players,15,0.0,,
125,players,11,1.0,,
125,players,10,0.0,22.98697853088379,41.30451202392578
125,players,20,1.0,22.786354064941406,33.71547317504883
125,players,18,1.0,,
125,players,17,1.0,21.232135772705078,38.691810607910156
125,players,86,1.0,,
125,players,16,1.0,,
126,players,21,0.0,21.49532127380371,59.521507263183594
126,players,4,1.0,13.318754196166992,62.23273468017578
126,players,12,0.0,,
126,players,3,0.0,20.101104736328125,53.1562614440918
126,players,8,0.0,8.478362083435059,51.89241409301758
126,players,5,1.0,9.463936805725098,39.415409088134766
126,players,1,1.0,18.253589630126953,52.793174743652344
126,players,13,1.0,20.328889846801758,21.843902587890625
126,players,28,0.0,,
126,players,10,0.0,23.16783905029297,41.08356475830078
126,players,15,0.0,,
126,players,7,0.0,,
126,players,17,1.0,21.29930305480957,38.644798278808594
126,players,14,1.0,5.222907066345215,52.37260818481445
126,players,9,0.0,11.932807922363281,40.96677017211914
126,players,11,1.0,,
126,players,29,1.0,,
126,players,6,0.0,,
126,players,18,1.0,,
126,players,20,1.0,22.989791870117188,33.48889923095703
126,players,86,1.0,,
127,players,4,1.0,13.433674812316895,62.22114944458008
127,players,8,0.0,8.562877655029297,51.63676071166992
127,players,21,0.0,21.637868881225586,59.539302825927734
127,players,5,1.0,9.649348258972168,39.41631317138672
127,players,3,0.0,20.142656326293945,53.20902633666992
127,players,9,0.0,12.12193489074707,40.951133728027344
127,players,12,0.0,,
127,players,17,1.0,21.431455612182617,38.54278564453125
127,players,29,1.0,,
127,players,14,1.0,5.374776840209961,52.32138442993164
127,players,10,0.0,23.082077026367188,41.44687271118164
127,players,7,0.0,,
127,players,15,0.0,,
127,players,28,0.0,,
127,players,11,1.0,,
127,players,13,1.0,20.49391746520996,21.948410034179688
127,players,1,1.0,18.376684188842773,52.695030212402344
127,players,6,0.0,,
127,players,86,1.0,,
127,players,18,1.0,,
128,players,4,1.0,13.554316520690918,62.13267135620117
128,players,8,0.0,8.63941478729248,51.53889083862305
128,players,21,0.0,21.816112518310547,59.478702545166016
128,players,3,0.0,20.22014617919922,53.117618560791016
128,players,14,1.0,5.566349983215332,51.97770309448242
128,players,9,0.0,12.3221435546875,40.82722473144531
128,players,17,1.0,21.558446884155273,38.698490142822266
128,players,1,1.0,18.541826248168945,52.51389694213867
128,players,7,0.0,,
128,players,12,0.0,,
128,players,10,0.0,23.136966705322266,41.633811950683594
128,players,15,0.0,,
128,players,29,1.0,,
128,players,18,0.0,,
128,players,13,1.0,20.677509307861328,22.17207908630371
128,players,11,1.0,,
128,players,5,1.0,9.819738388061523,39.43802261352539
128,players,86,1.0,,
129,players,21,0.0,22.011564254760742,59.47029113769531
129,players,4,1.0,13.708662033081055,62.17841339111328
129,players,1,1.0,18.64919090270996,52.62664031982422
129,players,17,1.0,21.693655014038086,38.74543380737305
129,players,8,0.0,8.733687400817871,51.641048431396484
129,players,14,1.0,5.734503746032715,51.91304016113281
129,players,13,1.0,20.881013870239258,22.354978561401367
129,players,5,1.0,9.988210678100586,39.4942626953125
129,players,7,0.0,,
129,players,18,0.0,,
129,players,29,1.0,,
129,players,10,0.0,23.185028076171875,41.86249542236328
129,players,12,0.0,,
129,players,15,0.0,,
129,players,11,1.0,,
129,players,9,0.0,12.500961303710938,40.85038375854492
129,players,3,0.0,20.36386489868164,53.10698699951172
129,players,86,1.0,,
130,players,21,0.0,22.193584442138672,59.584327697753906
130,players,17,1.0,21.754547119140625,39.1038818359375
130,players,18,0.0,,
130,players,4,1.0,13.846381187438965,62.18607711791992
130,players,14,1.0,5.851285934448242,52.01262664794922
130,players,1,1.0,18.79107666015625,52.66609191894531
130,players,3,0.0,20.466630935668945,53.31414794921875
130,players,5,1.0,10.148751258850098,39.691986083984375
130,players,8,0.0,8.840524673461914,51.695255279541016
130,players,7,0.0,,
130,players,10,0.0,,
130,players,13,1.0,21.1243896484375,22.424272537231445
130,players,12,0.0,,
130,players,9,0.0,12.629900932312012,40.790374755859375
130,players,11,1.0,,
130,players,86,1.0,,
130,players,16,1.0,,
130,players,20,1.0,,
130,players,28,0.0,,
130,players,15,0.0,,
131,players,1,1.0,18.922786712646484,52.50596618652344
131,players,4,1.0,13.932331085205078,62.22874450683594
131,players,14,1.0,5.913247108459473,51.926841735839844
131,players,9,0.0,12.802687644958496,40.510616302490234
131,players,18,0.0,,
131,players,5,1.0,10.295685768127441,39.63069534301758
131,players,21,0.0,22.37515640258789,59.51818084716797
131,players,8,0.0,8.848578453063965,51.640899658203125
131,players,10,0.0,,
131,players,17,1.0,21.9114990234375,39.01201629638672
131,players,3,0.0,20.599098205566406,53.26044845581055
131,players,13,1.0,21.327701568603516,22.295454025268555
131,players,28,0.0,,
131,players,7,0.0,,
131,players,86,1.0,,
131,players,29,1.0,,
131,players,11,1.0,,
131,players,15,0.0,,
131,players,16,1.0,,
131,players,12,0.0,,
131,players,20,1.0,,
132,players,1,1.0,19.030710220336914,52.4089241027832
132,players,21,0.0,22.533672332763672,59.44326400756836
132,players,4,1.0,14.023945808410645,62.09322738647461
132,players,10,0.0,,
132,players,9,0.0,12.921360969543457,40.514183044433594
132,players,14,1.0,5.986932754516602,51.749420166015625
132,players,28,0.0,,
132,players,18,0.0,,
132,players,3,0.0,20.7037296295166,53.216514587402344
132,players,17,1.0,22.11256217956543,38.65438461303711
132,players,12,0.0,,
132,players,7,0.0,,
132,players,8,0.0,8.876797676086426,51.67738723754883
132,players,15,0.0,,
132,players,11,1.0,,
132,players,29,1.0,,
132,players,86,1.0,,
132,players,20,1.0,,
132,players,16,1.0,,
132,players,13,1.0,21.50377655029297,22.2226619720459
132,players,5,1.0,10.413928031921387,39.601680755615234
133,players,3,0.0,20.80796241760254,53.046356201171875
133,players,1,1.0,19.104461669921875,52.362850189208984
133,players,8,0.0,8.943696975708008,51.63706588745117
133,players,28,0.0,,
133,players,21,0.0,22.679655075073242,59.4864387512207
133,players,14,1.0,6.0452141761779785,51.70363998413086
133,players,18,0.0,,
133,players,9,0.0,12.9833402633667,40.54103469848633
133,players,12,0.0,,
133,players,17,1.0,22.179698944091797,38.5905876159668
133,players,10,0.0,,
133,players,7,0.0,,
133,players,4,1.0,14.109330177307129,62.127037048339844
133,players,11,1.0,,
133,players,15,0.0,,
133,players,86,1.0,,
133,players,29,1.0,,
133,players,13,1.0,21.553638458251953,22.477476119995117
133,players,5,1.0,10.528648376464844,39.44089889526367
133,players,16,1.0,,
133,players,20,1.0,,
134,players,3,0.0,20.896757125854492,52.90662384033203
134,players,28,0.0,,
134,players,5,1.0,10.641388893127441,39.27703094482422
134,players,21,0.0,22.797395706176758,59.51337814331055
134,players,14,1.0,6.113702297210693,51.5894775390625
134,players,8,0.0,9.050322532653809,51.410736083984375
134,players,4,1.0,14.162964820861816,62.15959930419922
134,players,12,0.0,,
134,players,9,0.0,13.0773286819458,40.56379699707031
134,players,18,0.0,,
134,players,17,1.0,22.172941207885742,38.80318069458008
134,players,7,0.0,,
134,players,1,1.0,19.121734619140625,52.39252853393555
134,players,15,0.0,,
134,players,10,0.0,,
134,players,29,1.0,,
134,players,13,1.0,21.627111434936523,22.483171463012695
134,players,86,1.0,,
134,players,16,1.0,,
134,players,11,1.0,,
135,players,3,0.0,20.94367027282715,52.87244415283203
135,players,1,1.0,19.200725555419922,52.37866973876953
135,players,5,1.0,10.75139331817627,39.21398162841797
135,players,4,1.0,14.216367721557617,62.225914001464844
135,players,8,0.0,9.108729362487793,51.26637268066406
135,players,21,0.0,22.915119171142578,59.588077545166016
135,players,14,1.0,6.169128894805908,51.48763656616211
135,players,18,0.0,,
135,players,13,1.0,21.772079467773438,22.51227378845215
135,players,12,0.0,,
135,players,17,1.0,22.165719985961914,39.00440216064453
135,players,15,0.0,,
135,players,10,0.0,,
135,players,7,0.0,,
135,players,9,0.0,13.168580055236816,40.36360168457031
135,players,28,0.0,,
135,players,16,1.0,,
135,players,29,1.0,,
135,players,86,1.0,,
136,players,5,1.0,10.828794479370117,39.33052062988281
136,players,8,0.0,9.13795280456543,51.21526336669922
136,players,3,0.0,20.973928451538086,52.92747497558594
136,players,1,1.0,19.274799346923828,52.42481231689453
136,players,14,1.0,6.237489700317383,51.64613723754883
136,players,21,0.0,23.022737503051758,59.62360763549805
136,players,18,0.0,,
136,players,4,1.0,14.273269653320312,62.22934341430664
136,players,15,0.0,,
136,players,7,0.0,,
136,players,12,0.0,,
136,players,9,0.0,13.247804641723633,40.37917709350586
136,players,13,1.0,21.91661262512207,22.363433837890625
136,players,29,1.0,,
136,players,17,1.0,22.235919952392578,39.079219818115234
136,players,86,1.0,,
136,players,16,1.0,,
136,players,10,0.0,,
136,players,11,1.0,,
136,players,28,0.0,,
137,players,5,1.0,10.896174430847168,39.298614501953125
137,players,8,0.0,9.188031196594238,50.90302276611328
137,players,14,1.0,6.302049160003662,51.611907958984375
137,players,3,0.0,21.00417709350586,52.96079635620117
137,players,4,1.0,14.312021255493164,62.20384216308594
137,players,1,1.0,19.378795623779297,52.23554229736328
137,players,21,0.0,23.105199813842773,59.69300842285156
137,players,7,0.0,,
137,players,18,0.0,,
137,players,15,0.0,,
137,players,12,0.0,,
137,players,29,1.0,,
137,players,10,0.0,,
137,players,17,1.0,22.396968841552734,38.77085876464844
137,players,13,1.0,22.075525283813477,22.11708641052246
137,players,9,0.0,13.333741188049316,40.362083435058594
137,players,16,1.0,,
137,players,28,0.0,,
137,players,11,1.0,,
137,players,86,1.0,,
137,players,20,1.0,,
138,players,4,1.0,14.318633079528809,62.190067291259766
138,players,14,1.0,6.354866027832031,51.53386306762695
138,players,21,0.0,23.221282958984375,59.67692184448242
138,players,8,0.0,9.231554985046387,50.777626037597656
138,players,1,1.0,19.471601486206055,52.047828674316406
138,players,5,1.0,10.947248458862305,39.34153366088867
138,players,7,0.0,,
138,players,3,0.0,21.000593185424805,52.94178771972656
138,players,10,0.0,,
138,players,9,0.0,13.41612434387207,40.28437042236328
138,players,15,0.0,,
138,players,17,1.0,22.471158981323242,38.57346725463867
138,players,13,1.0,22.179967880249023,21.913455963134766
138,players,12,0.0,,
138,players,16,1.0,,
138,players,28,0.0,,
138,players,11,1.0,,
138,players,29,1.0,,
138,players,86,1.0,,
138,players,18,1.0,,
139,players,4,1.0,14.342456817626953,62.193233489990234
139,players,1,1.0,19.54432487487793,51.89250183105469
139,players,9,0.0,13.554670333862305,39.78926467895508
139,players,14,1.0,6.363163471221924,51.481224060058594
139,players,8,0.0,9.26374340057373,50.87128829956055
139,players,10,0.0,,
139,players,15,0.0,,
139,players,3,0.0,21.031898498535156,52.92573547363281
139,players,21,0.0,23.28502082824707,59.72150421142578
139,players,7,0.0,,
139,players,17,1.0,22.48206901550293,38.706825256347656
139,players,16,1.0,,
139,players,13,1.0,22.276046752929688,21.693695068359375
139,players,5,1.0,11.02559757232666,39.128334045410156
139,players,28,0.0,,
139,players,12,0.0,,
139,players,29,1.0,,
139,players,11,1.0,,
139,players,103,0.0,,
139,players,86,1.0,,
139,players,18,1.0,,
139,players,20,1.0,,
140,players,4,1.0,14.40328311920166,62.2080078125
140,players,9,0.0,13.620375633239746,39.74989700317383
140,players,21,0.0,,
140,players,8,0.0,9.257491111755371,50.945133209228516
140,players,1,1.0,19.620960235595703,51.751502990722656
140,players,10,0.0,,
140,players,14,1.0,6.368584632873535,51.364925384521484
140,players,3,0.0,21.10000228881836,52.89777374267578
140,players,7,0.0,,
140,players,16,1.0,,
140,players,15,0.0,,
140,players,17,1.0,22.49410629272461,38.736473083496094
140,players,28,0.0,,
140,players,13,1.0,22.332935333251953,21.631502151489258
140,players,5,1.0,11.093277931213379,39.17411804199219
140,players,12,0.0,,
140,players,11,1.0,,
140,players,103,0.0,,
140,players,86,1.0,,
140,players,18,1.0,,
140,players,29,1.0,,
141,players,4,1.0,14.455483436584473,62.165687561035156
141,players,8,0.0,9.289850234985352,50.66044616699219
141,players,9,0.0,13.687995910644531,39.70198059082031
141,players,3,0.0,21.138675689697266,52.84971618652344
141,players,21,0.0,,
141,players,1,1.0,19.60967254638672,51.82172393798828
141,players,10,0.0,,
141,players,17,1.0,22.527807235717773,38.816383361816406
141,players,28,0.0,,
141,players,14,1.0,6.383773326873779,51.33244705200195
141,players,29,1.0,,
141,players,12,0.0,,
141,players,15,0.0,,
141,players,7,0.0,,
141,players,5,1.0,11.185453414916992,39.056941986083984
141,players,16,1.0,,
141,players,11,1.0,,
141,players,86,1.0,,
141,players,18,1.0,,
141,players,103,0.0,,
142,players,4,1.0,14.506431579589844,62.223182678222656
142,players,9,0.0,13.751992225646973,39.681983947753906
142,players,10,0.0,,
142,players,3,0.0,21.236270904541016,52.71687316894531
142,players,21,0.0,,
142,players,1,1.0,19.63715171813965,51.8624267578125
142,players,8,0.0,9.27779483795166,50.745826721191406
142,players,28,0.0,,
142,players,14,1.0,6.400574684143066,51.440433502197266
142,players,5,1.0,11.25411605834961,39.13028335571289
142,players,12,0.0,,
142,players,29,1.0,,
142,players,15,0.0,,
142,players,7,0.0,,
142,players,17,1.0,22.5907039642334,38.69898986816406
142,players,86,1.0,,
142,players,103,0.0,,
142,players,18,1.0,,
142,players,11,1.0,,
142,players,16,1.0,,
143,players,4,1.0,14.563505172729492,62.182247161865234
143,players,5,1.0,11.327308654785156,39.058387756347656
143,players,3,0.0,21.282283782958984,52.64051055908203
143,players,9,0.0,13.80880355834961,39.846527099609375
143,players,21,0.0,,
143,players,8,0.0,9.327731132507324,50.61711502075195
143,players,14,1.0,6.445713520050049,51.29328155517578
143,players,10,0.0,,
143,players,1,1.0,19.676280975341797,51.79001998901367
143,players,28,0.0,,
143,players,7,0.0,,
143,players,15,0.0,,
143,players,12,0.0,,
143,players,86,1.0,,
143,players,103,0.0,,
143,players,29,1.0,,
143,players,18,1.0,,
143,players,11,1.0,,
143,players,16,1.0,,
143,players,17,1.0,22.59368324279785,38.72875213623047
144,players,3,0.0,21.32048988342285,52.513824462890625
144,players,5,1.0,11.400503158569336,38.98727798461914
144,players,8,0.0,9.35200309753418,50.56958770751953
144,players,14,1.0,6.481075763702393,51.2445068359375
144,players,4,1.0,14.623322486877441,62.13420486450195
144,players,1,1.0,19.709686279296875,51.758914947509766
144,players,21,0.0,,
144,players,9,0.0,13.883115768432617,39.744754791259766
144,players,10,0.0,,
144,players,28,0.0,,
144,players,7,0.0,,
144,players,15,0.0,,
144,players,12,0.0,,
144,players,86,1.0,,
144,players,103,0.0,,
144,players,29,1.0,,
144,players,18,1.0,,
144,players,13,1.0,22.6468505859375,21.16646957397461
144,players,11,1.0,,
145,players,4,1.0,14.669839859008789,62.146453857421875
145,players,8,0.0,9.423786163330078,50.046791076660156
145,players,3,0.0,21.376972198486328,52.44731903076172
145,players,14,1.0,6.518630504608154,51.3010368347168
145,players,1,1.0,19.745576858520508,51.77353286743164
145,players,15,0.0,,
145,players,5,1.0,11.46129035949707,38.86183547973633
145,players,7,0.0,,
145,players,21,0.0,,
145,players,10,0.0,,
145,players,28,0.0,,
145,players,86,1.0,,
145,players,18,1.0,,
145,players,103,0.0,,
145,players,12,0.0,,
145,players,13,1.0,22.656509399414062,21.18157958984375
145,players,106,1.0,,
145,players,29,1.0,,
145,players,9,0.0,13.957632064819336,39.7039909362793
145,players,11,1.0,,
146,players,8,0.0,9.469964027404785,49.82814025878906
146,players,4,1.0,14.707918167114258,62.0952033996582
146,players,7,0.0,,
146,players,21,0.0,,
146,players,1,1.0,19.840206146240234,51.57075881958008
146,players,5,1.0,11.507104873657227,38.85207748413086
146,players,14,1.0,6.544917583465576,51.30714797973633
146,players,15,0.0,,
146,players,3,0.0,21.384706497192383,52.43998336791992
146,players,86,1.0,,
146,players,13,1.0,22.70249366760254,21.073257446289062
146,players,10,0.0,,
146,players,28,0.0,,
146,players,18,1.0,,
146,players,103,0.0,,
146,players,12,0.0,,
146,players,29,1.0,,
146,players,11,1.0,,
146,players,106,1.0,,
146,players,17,1.0,22.672428131103516,38.47471237182617
147,players,7,0.0,,
147,players,8,0.0,9.503406524658203,49.6348991394043
147,players,1,1.0,19.88010597229004,51.502525329589844
147,players,21,0.0,,
147,players,5,1.0,11.536773681640625,38.88290023803711
147,players,3,0.0,21.344823837280273,52.380470275878906
147,players,4,1.0,14.7268705368042,62.12666702270508
147,players,15,0.0,,
147,players,14,1.0,6.541547775268555,51.29347610473633
147,players,29,1.0,,
147,players,10,0.0,,
147,players,28,0.0,,
147,players,86,1.0,,
147,players,13,1.0,22.72873878479004,21.014423370361328
147,players,9,0.0,14.122599601745605,39.38707733154297
147,players,103,0.0,,
147,players,18,1.0,,
147,players,17,1.0,22.69759178161621,38.52580642700195
147,players,11,1.0,,
147,players,106,1.0,,
147,players,12,0.0,,
148,players,1,1.0,19.922163009643555,51.3059196472168
148,players,8,0.0,9.512136459350586,49.68810272216797
148,players,21,0.0,,
148,players,5,1.0,11.587523460388184,38.906333923339844
148,players,4,1.0,14.752727508544922,62.124900817871094
148,players,14,1.0,6.57933235168457,51.389488220214844
148,players,3,0.0,21.362939834594727,52.33617401123047
148,players,7,0.0,,
148,players,9,0.0,14.17504596710205,39.37026596069336
148,players,10,0.0,,
148,players,15,0.0,,
148,players,28,0.0,,
148,players,86,1.0,,
148,players,29,1.0,,
148,players,11,1.0,,
148,players,103,0.0,,
148,players,18,1.0,,
148,players,17,1.0,22.748376846313477,38.46367263793945
148,players,13,1.0,22.76780891418457,20.829818725585938
148,players,12,0.0,,
148,players,106,1.0,,
149,players,21,0.0,,
149,players,1,1.0,19.947399139404297,51.23618698120117
149,players,8,0.0,9.54645824432373,49.63489532470703
149,players,3,0.0,21.3569278717041,52.39913558959961
149,players,4,1.0,14.761219024658203,62.135009765625
149,players,14,1.0,6.58060359954834,51.3726806640625
149,players,9,0.0,14.274015426635742,39.048728942871094
149,players,5,1.0,11.625362396240234,38.92656326293945
149,players,10,0.0,,
149,players,15,0.0,,
149,players,86,1.0,,
149,players,28,0.0,,
149,players,7,0.0,,
149,players,17,1.0,22.777175903320312,38.33509063720703
149,players,103,0.0,,
149,players,11,1.0,,
149,players,16,1.0,,
149,players,18,1.0,,
149,players,29,1.0,,
149,players,12,0.0,,
149,players,106,1.0,,
150,players,21,0.0,,
150,players,8,0.0,9.545741081237793,49.64706039428711
150,players,4,1.0,14.761698722839355,62.12207794189453
150,players,3,0.0,21.40186882019043,52.31950378417969
150,players,1,1.0,19.988862991333008,51.1564826965332
150,players,28,0.0,,
150,players,10,0.0,,
150,players,9,0.0,14.3181791305542,39.12413024902344
150,players,14,1.0,6.609262466430664,51.36663055419922
150,players,5,1.0,11.679937362670898,38.85130310058594
150,players,15,0.0,,
150,players,16,1.0,,
150,players,7,0.0,,
150,players,86,1.0,,
150,players,103,0.0,,
150,players,17,1.0,22.779335021972656,38.333011627197266
150,players,11,1.0,,
150,players,18,1.0,,
150,players,29,1.0,,
150,players,12,0.0,,
151,players,21,0.0,,
151,players,8,0.0,9.550459861755371,49.63546371459961
151,players,3,0.0,21.428264617919922,52.29413604736328
151,players,1,1.0,19.99657440185547,51.072689056396484
151,players,4,1.0,14.765097618103027,62.13882827758789
151,players,28,0.0,,
151,players,14,1.0,6.609032154083252,51.34223937988281
151,players,9,0.0,14.350075721740723,39.12346649169922
151,players,15,0.0,,
151,players,16,1.0,,
151,players,10,0.0,,
151,players,7,0.0,,
151,players,103,0.0,,
151,players,5,1.0,11.729727745056152,38.84107971191406
151,players,12,0.0,,
151,players,29,1.0,,
151,players,11,1.0,,
151,players,18,1.0,,
151,players,17,1.0,22.779516220092773,38.36568832397461
151,players,86,1.0,,
152,players,3,0.0,21.439891815185547,52.24805450439453
152,players,1,1.0,19.94344711303711,51.11421585083008
152,players,14,1.0,6.566250801086426,51.23647689819336
152,players,16,1.0,,
152,players,21,0.0,,
152,players,28,0.0,,
152,players,4,1.0,14.786477088928223,62.13470458984375
152,players,15,0.0,,
152,players,9,0.0,14.40129566192627,39.10625457763672
152,players,8,0.0,9.564051628112793,49.656776428222656
152,players,7,0.0,,
152,players,29,1.0,,
152,players,103,0.0,,
152,players,10,0.0,,
152,players,18,1.0,,
152,players,12,0.0,,
152,players,11,1.0,,
152,players,5,1.0,11.75706672668457,38.885250091552734
152,players,86,1.0,,
152,players,17,1.0,22.754436492919922,38.41227722167969
153,players,14,1.0,6.56857967376709,51.238887786865234
153,players,15,0.0,,
153,players,16,1.0,,
153,players,3,0.0,21.491588592529297,51.99848175048828
153,players,21,0.0,,
153,players,1,1.0,19.9346923828125,51.089881896972656
153,players,9,0.0,14.479109764099121,38.907188415527344
153,players,7,0.0,,
153,players,28,0.0,,
153,players,4,1.0,14.802573204040527,62.09428787231445
153,players,8,0.0,9.592827796936035,49.594322204589844
153,players,29,1.0,,
153,players,10,0.0,,
153,players,18,1.0,,
153,players,12,0.0,,
153,players,103,0.0,,
153,players,11,1.0,,
153,players,17,1.0,22.705352783203125,38.352508544921875
153,players,5,1.0,11.786698341369629,38.85923385620117
153,players,86,1.0,,
153,players,111,1.0,22.784528732299805,20.596696853637695
154,players,15,0.0,,
154,players,7,0.0,,
154,players,14,1.0,6.537929058074951,51.173683166503906
154,players,3,0.0,21.5073184967041,51.917457580566406
154,players,1,1.0,19.932422637939453,51.05583572387695
154,players,4,1.0,14.805721282958984,62.11442184448242
154,players,21,0.0,,
154,players,29,1.0,,
154,players,8,0.0,9.618204116821289,49.37637710571289
154,players,28,0.0,,
154,players,18,1.0,,
154,players,9,0.0,14.50805377960205,38.81473159790039
154,players,16,1.0,,
154,players,17,1.0,22.678564071655273,38.370018005371094
154,players,103,0.0,,
154,players,10,0.0,,
154,players,12,0.0,,
154,players,11,1.0,,
154,players,86,1.0,,
154,players,111,1.0,22.753259658813477,20.603206634521484
154,players,5,1.0,11.821303367614746,38.69347381591797
155,players,15,0.0,,
155,players,7,0.0,,
155,players,8,0.0,9.608617782592773,49.28832244873047
155,players,3,0.0,21.54884147644043,51.784664154052734
155,players,14,1.0,6.541123390197754,51.160369873046875
155,players,28,0.0,,
155,players,4,1.0,14.819289207458496,62.061256408691406
155,players,1,1.0,19.958873748779297,50.906959533691406
155,players,21,0.0,,
155,players,29,1.0,,
155,players,9,0.0,14.590630531311035,38.652713775634766
155,players,18,1.0,,
155,players,103,0.0,,
155,players,17,1.0,22.709293365478516,38.2276496887207
155,players,12,0.0,,
155,players,10,0.0,,
155,players,16,1.0,,
155,players,111,1.0,22.67509651184082,20.564577102661133
155,players,86,1.0,,
155,players,11,1.0,,
156,players,7,0.0,,
156,players,28,0.0,,
156,players,15,0.0,,
156,players,14,1.0,6.5371222496032715,51.1488151550293
156,players,3,0.0,21.463634490966797,51.77995300292969
156,players,8,0.0,9.631197929382324,49.181556701660156
156,players,21,0.0,,
156,players,4,1.0,14.841644287109375,62.05143737792969
156,players,1,1.0,19.978225708007812,50.798988342285156
156,players,103,0.0,,
156,players,17,1.0,22.734485626220703,38.145694732666016
156,players,29,1.0,,
156,players,12,0.0,,
156,players,10,0.0,,
156,players,9,0.0,14.631162643432617,38.57611083984375
156,players,18,1.0,,
156,players,111,1.0,22.642780303955078,20.555471420288086
156,players,86,1.0,,
156,players,11,1.0,,
156,players,5,1.0,11.897872924804688,38.585548400878906
157,players,8,0.0,9.685876846313477,48.84459686279297
157,players,15,0.0,,
157,players,21,0.0,,
157,players,3,0.0,21.43697166442871,51.746620178222656
157,players,28,0.0,,
157,players,4,1.0,14.872079849243164,61.97364044189453
157,players,14,1.0,6.517579078674316,51.290462493896484
157,players,1,1.0,20.022138595581055,50.567325592041016
157,players,17,1.0,22.768747329711914,37.95520782470703
157,players,12,0.0,,
157,players,7,0.0,,
157,players,103,0.0,,
157,players,9,0.0,14.696525573730469,38.398746490478516
157,players,10,0.0,,
157,players,111,1.0,22.562788009643555,20.530860900878906
157,players,29,1.0,,
157,players,11,1.0,,
157,players,86,1.0,,
157,players,18,1.0,,
158,players,14,1.0,6.519193172454834,51.23786544799805
158,players,8,0.0,9.704360961914062,48.738224029541016
158,players,21,0.0,,
158,players,28,0.0,,
158,players,15,0.0,,
158,players,3,0.0,21.480222702026367,51.61012268066406
158,players,17,1.0,22.7651309967041,37.94007873535156
158,players,103,0.0,,
158,players,12,0.0,,
158,players,4,1.0,14.890275001525879,61.958614349365234
158,players,1,1.0,20.035301208496094,50.4570426940918
158,players,111,1.0,22.452634811401367,20.795406341552734
158,players,9,0.0,14.769606590270996,38.08160400390625
158,players,10,0.0,,
158,players,11,1.0,,
158,players,86,1.0,,
158,players,29,1.0,,
158,players,18,1.0,,
159,players,14,1.0,6.470581531524658,51.235595703125
159,players,8,0.0,9.710105895996094,48.7370719909668
159,players,21,0.0,,
159,players,28,0.0,,
159,players,103,0.0,,
159,players,12,0.0,,
159,players,1,1.0,20.04844856262207,50.289791107177734
159,players,3,0.0,21.447824478149414,51.65317916870117
159,players,4,1.0,14.8894681930542,61.941959381103516
159,players,17,1.0,22.76393699645996,37.86219787597656
159,players,111,1.0,22.483095169067383,20.402700424194336
159,players,15,0.0,,
159,players,10,0.0,,
159,players,9,0.0,14.77595329284668,38.15552520751953
159,players,11,1.0,,
159,players,86,1.0,,
159,players,29,1.0,,
159,players,18,1.0,,
160,players,14,1.0,6.484500408172607,51.220130920410156
160,players,8,0.0,9.691604614257812,48.735252380371094
160,players,28,0.0,,
160,players,21,0.0,,
160,players,12,0.0,,
160,players,1,1.0,20.021377563476562,50.26833724975586
160,players,103,0.0,,
160,players,4,1.0,14.895008087158203,61.94655227661133
160,players,111,1.0,22.470693588256836,20.264997482299805
160,players,15,0.0,,
160,players,10,0.0,,
160,players,17,1.0,22.722679138183594,37.840389251708984
160,players,3,0.0,21.476795196533203,51.51321792602539
160,players,9,0.0,14.802763938903809,38.17185974121094
160,players,11,1.0,,
160,players,29,1.0,,
160,players,86,1.0,,
160,players,18,1.0,,
161,players,14,1.0,6.497808456420898,51.26682662963867
161,players,21,0.0,,
161,players,28,0.0,,
161,players,8,0.0,9.712285041809082,48.73479461669922
161,players,12,0.0,,
161,players,3,0.0,21.467782974243164,51.49551010131836
161,players,1,1.0,19.99684715270996,50.301719665527344
161,players,103,0.0,,
161,players,4,1.0,14.90593147277832,61.95830535888672
161,players,10,0.0,,
161,players,111,1.0,22.45641326904297,20.144384384155273
161,players,15,0.0,,
161,players,17,1.0,22.681133270263672,37.809173583984375
161,players,16,1.0,,
161,players,9,0.0,14.841961860656738,38.0529899597168
161,players,11,1.0,,
161,players,18,1.0,,
161,players,29,1.0,,
161,players,86,1.0,,
161,players,7,0.0,,
162,players,14,1.0,6.522731304168701,51.29183578491211
162,players,3,0.0,21.51641082763672,51.241920471191406
162,players,21,0.0,,
162,players,1,1.0,19.96257209777832,50.30363845825195
162,players,4,1.0,14.909857749938965,61.96249008178711
162,players,8,0.0,9.728507995605469,48.73594284057617
162,players,15,0.0,,
162,players,103,0.0,,
162,players,10,0.0,,
162,players,9,0.0,14.89853572845459,37.94871139526367
162,players,111,1.0,22.450895309448242,20.07204246520996
162,players,7,0.0,,
162,players,28,0.0,,
162,players,17,1.0,22.64826011657715,37.7043342590332
162,players,18,1.0,,
162,players,12,0.0,,
162,players,16,1.0,,
162,players,29,1.0,,
162,players,86,1.0,,
162,players,11,1.0,,
163,players,14,1.0,6.537466526031494,51.28097915649414
163,players,15,0.0,,
163,players,1,1.0,19.965848922729492,50.22254943847656
163,players,3,0.0,21.554590225219727,51.047119140625
163,players,21,0.0,,
163,players,4,1.0,14.8973388671875,61.98340606689453
163,players,9,0.0,14.917932510375977,37.99058532714844
163,players,111,1.0,22.381826400756836,20.070817947387695
163,players,103,0.0,,
163,players,7,0.0,,
163,players,18,1.0,,
163,players,16,1.0,,
163,players,17,1.0,22.6525936126709,37.51947784423828
163,players,12,0.0,,
163,players,10,0.0,,
163,players,5,1.0,11.994505882263184,38.37206268310547
163,players,29,1.0,,
163,players,11,1.0,,
163,players,28,0.0,,
163,players,86,1.0,,
163,players,8,0.0,9.772590637207031,48.488285064697266
164,players,14,1.0,6.530925750732422,51.26060104370117
164,players,15,0.0,,
164,players,3,0.0,21.534530639648438,51.012489318847656
164,players,1,1.0,19.96079444885254,50.16737747192383
164,players,4,1.0,14.873798370361328,61.94826889038086
164,players,21,0.0,,
164,players,16,1.0,,
164,players,18,1.0,,
164,players,103,0.0,,
164,players,9,0.0,14.976611137390137,37.66728210449219
164,players,7,0.0,,
164,players,12,0.0,,
164,players,5,1.0,11.98486614227295,38.38311004638672
164,players,11,1.0,,
164,players,17,1.0,22.65740394592285,37.41986846923828
164,players,111,1.0,22.283245086669922,20.134862899780273
164,players,29,1.0,,
164,players,28,0.0,,
164,players,8,0.0,9.79400634765625,48.394283294677734
164,players,86,1.0,,
165,players,15,0.0,,
165,players,16,1.0,,
165,players,1,1.0,19.985031127929688,49.95588684082031
165,players,14,1.0,6.49735689163208,51.24668884277344
165,players,21,0.0,,
165,players,4,1.0,14.8911714553833,61.85973358154297
165,players,3,0.0,21.544967651367188,50.73640823364258
165,players,18,1.0,,
165,players,103,0.0,,
165,players,8,0.0,9.829099655151367,48.22367858886719
165,players,11,1.0,,
165,players,9,0.0,14.990631103515625,37.74945068359375
165,players,17,1.0,22.649221420288086,37.42646789550781
165,players,5,1.0,12.00041675567627,38.28776931762695
165,players,12,0.0,,
165,players,7,0.0,,
165,players,29,1.0,,
165,players,28,0.0,,
165,players,86,1.0,,
165,players,111,1.0,22.170085906982422,20.179065704345703
166,players,15,0.0,,
166,players,16,1.0,,
166,players,1,1.0,20.01125144958496,49.694480895996094
166,players,4,1.0,14.85925006866455,61.85404586791992
166,players,21,0.0,,
166,players,14,1.0,6.482440948486328,51.23063278198242
166,players,12,0.0,,
166,players,11,1.0,,
166,players,8,0.0,9.852280616760254,48.135826110839844
166,players,17,1.0,22.608530044555664,37.43563461303711
166,players,3,0.0,21.51910400390625,50.64933395385742
166,players,18,1.0,,
166,players,5,1.0,12.006775856018066,38.283607482910156
166,players,103,0.0,,
166,players,29,1.0,,
166,players,9,0.0,15.050699234008789,37.578834533691406
166,players,7,0.0,,
166,players,28,0.0,,
166,players,111,1.0,22.08818817138672,20.210378646850586
166,players,10,0.0,,
166,players,86,,,
167,players,16,1.0,,
167,players,21,0.0,,
167,players,4,1.0,14.85269832611084,61.868324279785156
167,players,14,1.0,6.409668445587158,51.23143005371094
167,players,1,1.0,20.02932357788086,49.541194915771484
167,players,3,0.0,21.580232620239258,50.29576110839844
167,players,8,0.0,9.871231079101562,48.01796340942383
167,players,11,1.0,,
167,players,28,0.0,,
167,players,17,1.0,22.576810836791992,37.265506744384766
167,players,12,0.0,,
167,players,18,1.0,,
167,players,5,1.0,12.017170906066895,38.312049865722656
167,players,29,1.0,,
167,players,103,0.0,,
167,players,10,0.0,,
167,players,9,0.0,15.128917694091797,37.18178939819336
167,players,15,0.0,,
167,players,111,1.0,21.984235763549805,20.195695877075195
167,players,7,0.0,,
167,players,86,,,
168,players,4,1.0,14.829997062683105,61.88801956176758
168,players,14,1.0,6.379975318908691,51.24592208862305
168,players,28,0.0,,
168,players,21,0.0,,
168,players,1,1.0,20.023405075073242,49.40650939941406
168,players,11,1.0,,
168,players,10,0.0,,
168,players,111,1.0,21.945545196533203,20.045467376708984
168,players,17,1.0,22.51803970336914,37.25822448730469
168,players,103,0.0,,
168,players,16,1.0,,
168,players,18,1.0,,
168,players,3,0.0,21.500410079956055,50.29448699951172
168,players,9,0.0,15.143771171569824,37.0819091796875
168,players,8,0.0,9.888570785522461,47.92904281616211
168,players,29,1.0,,
168,players,12,0.0,,
168,players,86,1.0,,
168,players,5,1.0,12.019981384277344,38.190792083740234
168,players,7,0.0,,
169,players,14,1.0,6.333569049835205,51.244956970214844
169,players,28,0.0,,
169,players,4,1.0,14.823155403137207,61.85028839111328
169,players,21,0.0,,
169,players,1,1.0,19.943967819213867,49.354576110839844
169,players,103,0.0,,
169,players,10,0.0,,
169,players,111,1.0,21.91083526611328,19.59326934814453
169,players,11,1.0,,
169,players,17,1.0,22.4429931640625,37.2251091003418
169,players,18,1.0,,
169,players,8,0.0,9.874127388000488,47.946102142333984
169,players,12,0.0,,
169,players,29,1.0,,
169,players,9,0.0,15.140623092651367,37.09191131591797
169,players,16,1.0,,
169,players,3,0.0,21.377094268798828,50.59406280517578
169,players,86,1.0,,
169,players,7,0.0,,
170,players,4,1.0,14.821986198425293,61.828636169433594
170,players,28,0.0,,
170,players,14,1.0,6.3008131980896,51.21683120727539
170,players,21,0.0,,
170,players,10,0.0,,
170,players,103,0.0,,
170,players,11,1.0,,
170,players,111,1.0,21.840045928955078,19.551313400268555
170,players,1,1.0,19.88490867614746,49.333988189697266
170,players,8,0.0,9.890355110168457,47.87527847290039
170,players,18,1.0,,
170,players,12,0.0,,
170,players,9,0.0,15.1192626953125,37.015865325927734
170,players,17,1.0,22.412490844726562,37.14252471923828
170,players,29,1.0,,
170,players,3,0.0,21.35649299621582,50.446258544921875
170,players,16,1.0,,
170,players,7,0.0,,
170,players,15,0.0,,
170,players,86,1.0,,
171,players,4,1.0,14.821877479553223,61.81285858154297
171,players,14,1.0,6.294197082519531,51.20672607421875
171,players,21,0.0,,
171,players,103,0.0,,
171,players,28,0.0,,
171,players,10,0.0,,
171,players,8,0.0,9.8989896774292,47.876502990722656
171,players,111,1.0,21.787006378173828,19.455448150634766
171,players,1,1.0,19.83820343017578,49.363609313964844
171,players,18,1.0,,
171,players,11,1.0,,
171,players,9,0.0,15.112895011901855,37.03156280517578
171,players,12,0.0,,
171,players,17,1.0,22.32913589477539,37.13526153564453
171,players,15,0.0,,
171,players,7,0.0,,
171,players,29,1.0,,
171,players,3,0.0,21.361469268798828,50.316734313964844
171,players,16,1.0,,
171,players,86,1.0,,
172,players,103,0.0,,
172,players,3,0.0,21.381044387817383,50.12762451171875
172,players,4,1.0,14.81752872467041,61.786312103271484
172,players,14,1.0,6.269617557525635,51.2052001953125
172,players,21,0.0,,
172,players,8,0.0,9.922780990600586,47.906707763671875
172,players,1,1.0,19.828371047973633,49.27985763549805
172,players,18,1.0,,
172,players,10,0.0,,
172,players,28,0.0,,
172,players,9,0.0,15.133560180664062,36.93354415893555
172,players,17,1.0,22.241600036621094,37.174407958984375
172,players,11,1.0,,
172,players,12,0.0,,
172,players,111,1.0,21.704343795776367,19.224308013916016
172,players,15,0.0,,
172,players,29,1.0,,
172,players,7,0.0,,
172,players,16,1.0,,
172,players,86,1.0,,
173,players,3,0.0,21.340709686279297,50.04792404174805
173,players,103,0.0,,
173,players,4,1.0,14.807540893554688,61.77203369140625
173,players,14,1.0,6.253938674926758,51.26048278808594
173,players,21,0.0,,
173,players,18,1.0,,
173,players,1,1.0,19.82513999938965,49.15909957885742
173,players,9,0.0,15.144462585449219,36.83268737792969
173,players,17,1.0,22.185142517089844,37.164695739746094
173,players,12,0.0,,
173,players,8,0.0,9.940706253051758,47.684974670410156
173,players,16,1.0,,
173,players,15,0.0,,
173,players,10,0.0,,
173,players,7,0.0,,
173,players,28,0.0,,
173,players,11,1.0,,
173,players,5,1.0,11.881462097167969,38.07549285888672
173,players,29,1.0,,
173,players,111,1.0,21.591245651245117,19.499065399169922
173,players,86,,,
174,players,3,0.0,21.31550407409668,50.02898025512695
174,players,18,1.0,,
174,players,14,1.0,6.232071399688721,51.188438415527344
174,players,4,1.0,14.76623821258545,61.739349365234375
174,players,103,0.0,,
174,players,21,0.0,,
174,players,1,1.0,19.808320999145508,48.9981803894043
174,players,9,0.0,15.125438690185547,36.86367416381836
174,players,17,1.0,22.186010360717773,37.00923156738281
174,players,15,0.0,,
174,players,8,0.0,9.935742378234863,47.62697219848633
174,players,10,0.0,,
174,players,16,1.0,,
174,players,7,0.0,,
174,players,11,1.0,,
174,players,12,0.0,,
174,players,5,1.0,11.867401123046875,38.00111770629883
174,players,29,1.0,,
174,players,86,,,
175,players,3,0.0,21.25851058959961,50.06190490722656
175,players,18,1.0,,
175,players,1,1.0,19.819629669189453,48.75770568847656
175,players,21,0.0,,
175,players,103,0.0,,
175,players,4,1.0,14.745573997497559,61.7217903137207
175,players,9,0.0,15.14958667755127,36.64272689819336
175,players,14,1.0,6.228482723236084,51.08483123779297
175,players,17,1.0,22.192981719970703,36.81789016723633
175,players,8,0.0,9.968482971191406,47.44535446166992
175,players,15,0.0,,
175,players,10,0.0,,
175,players,16,1.0,,
175,players,11,1.0,,
175,players,111,1.0,21.294719696044922,19.574235916137695
175,players,12,0.0,,
175,players,5,1.0,11.853890419006348,37.99745178222656
175,players,29,1.0,,
175,players,7,0.0,,
175,players,86,1.0,,
175,players,28,0.0,,
176,players,18,1.0,,
176,players,3,0.0,21.217729568481445,50.06174850463867
176,players,1,1.0,19.818679809570312,48.56327819824219
176,players,4,1.0,14.732087135314941,61.70517349243164
176,players,111,1.0,21.232954025268555,19.390396118164062
176,players,21,0.0,,
176,players,17,1.0,22.156814575195312,36.7374267578125
176,players,103,0.0,,
176,players,10,0.0,,
176,players,8,0.0,9.988987922668457,47.33045959472656
176,players,15,0.0,,
176,players,5,1.0,11.835453033447266,37.94407272338867
176,players,12,0.0,,
176,players,11,1.0,,
176,players,14,1.0,6.2226176261901855,51.065284729003906
176,players,9,0.0,15.152585983276367,36.38304901123047
176,players,16,1.0,,
176,players,28,0.0,,
176,players,29,1.0,,
176,players,86,1.0,,
176,players,7,0.0,,
177,players,11,1.0,,
177,players,18,1.0,,
177,players,4,1.0,14.711494445800781,61.73918533325195
177,players,3,0.0,21.177974700927734,50.00776290893555
177,players,111,1.0,21.208948135375977,19.328754425048828
177,players,21,0.0,,
177,players,1,1.0,19.790939331054688,48.497371673583984
177,players,17,1.0,22.09950065612793,36.69658660888672
177,players,10,0.0,,
177,players,9,0.0,15.148005485534668,36.439693450927734
177,players,103,0.0,,
177,players,28,0.0,,
177,players,5,1.0,11.831761360168457,37.93780517578125
177,players,15,0.0,,
177,players,8,0.0,9.994000434875488,47.288612365722656
177,players,12,0.0,,
177,players,16,1.0,,
177,players,14,1.0,6.193786144256592,51.05026626586914
177,players,29,1.0,,
177,players,86,1.0,,
178,players,18,1.0,,
178,players,3,0.0,21.16205596923828,49.946353912353516
178,players,4,1.0,14.684571266174316,61.725303649902344
178,players,11,1.0,,
178,players,21,0.0,,
178,players,111,1.0,21.159849166870117,18.991920471191406
178,players,14,1.0,6.170928478240967,51.084449768066406
178,players,5,1.0,11.816184043884277,37.89828109741211
178,players,10,0.0,,
178,players,9,0.0,15.12954044342041,36.4046516418457
178,players,28,0.0,,
178,players,8,0.0,10.022859573364258,46.966793060302734
178,players,15,0.0,,
178,players,12,0.0,,
178,players,1,1.0,19.76947784423828,48.36850357055664
178,players,103,0.0,,
178,players,7,0.0,,
178,players,29,1.0,,
178,players,16,1.0,,
178,players,17,1.0,22.058609008789062,36.669734954833984
178,players,86,1.0,,
179,players,18,1.0,,
179,players,4,1.0,14.670369148254395,61.732173919677734
179,players,103,0.0,,
179,players,3,0.0,21.134185791015625,49.928428649902344
179,players,21,0.0,,
179,players,14,1.0,6.142069339752197,51.10850143432617
179,players,11,1.0,,
179,players,111,1.0,21.119115829467773,18.903078079223633
179,players,9,0.0,15.115982055664062,36.41852569580078
179,players,7,0.0,,
179,players,5,1.0,11.804234504699707,37.87251281738281
179,players,10,0.0,,
179,players,8,0.0,10.017662048339844,46.898155212402344
179,players,1,1.0,19.715879440307617,48.36715316772461
179,players,28,0.0,,
179,players,12,0.0,,
179,players,15,0.0,,
179,players,29,1.0,,
179,players,16,1.0,,
179,players,86,1.0,,
179,players,17,1.0,22.000633239746094,36.528411865234375
180,players,103,0.0,,
180,players,18,1.0,,
180,players,4,1.0,14.645617485046387,61.70523452758789
180,players,14,1.0,6.117180824279785,51.04545593261719
180,players,21,0.0,,
180,players,10,0.0,,
180,players,28,0.0,,
180,players,3,0.0,21.119930267333984,49.86943435668945
180,players,11,1.0,,
180,players,5,1.0,11.796131134033203,37.77864456176758
180,players,8,0.0,10.024343490600586,46.866539001464844
180,players,1,1.0,19.682716369628906,48.30613327026367
180,players,9,0.0,15.120733261108398,36.24009323120117
180,players,7,0.0,,
180,players,12,0.0,,
180,players,111,1.0,20.96457290649414,18.85108757019043
180,players,15,0.0,,
180,players,29,1.0,,
180,players,17,1.0,21.94661521911621,36.54191207885742
180,players,86,1.0,,
181,players,103,0.0,,
181,players,4,1.0,14.627089500427246,61.692806243896484
181,players,9,0.0,15.114173889160156,36.24598693847656
181,players,14,1.0,6.101065158843994,51.11214065551758
181,players,1,1.0,19.66579246520996,48.20752716064453
181,players,10,0.0,,
181,players,21,0.0,,
181,players,18,1.0,,
181,players,28,0.0,,
181,players,5,1.0,11.785245895385742,37.785423278808594
181,players,17,1.0,21.918415069580078,36.467952728271484
181,players,11,1.0,,
181,players,8,0.0,10.031635284423828,46.82826614379883
181,players,3,0.0,21.12379264831543,49.59980392456055
181,players,7,0.0,,
181,players,12,0.0,,
181,players,111,1.0,20.84528923034668,18.995927810668945
181,players,29,1.0,,
181,players,15,0.0,,
181,players,86,1.0,,
182,players,103,0.0,,
182,players,1,1.0,19.666584014892578,48.03909683227539
182,players,14,1.0,6.075525760650635,51.15845489501953
182,players,4,1.0,14.590719223022461,61.667449951171875
182,players,11,1.0,,
182,players,9,0.0,15.110539436340332,36.328697204589844
182,players,8,0.0,10.047088623046875,46.76050567626953
182,players,17,1.0,21.8695125579834,36.34813690185547
182,players,5,1.0,11.75855541229248,37.67665481567383
182,players,12,0.0,,
182,players,21,0.0,,
182,players,111,1.0,20.66466522216797,19.230989456176758
182,players,28,0.0,,
182,players,7,0.0,,
182,players,3,0.0,21.140933990478516,49.3828239440918
182,players,18,1.0,,
182,players,15,0.0,,
182,players,29,1.0,,
182,players,86,1.0,,
182,players,10,0.0,23.26412582397461,37.28590774536133
182,players,16,1.0,,
183,players,1,1.0,19.632776260375977,47.97224807739258
183,players,111,1.0,20.553760528564453,19.191282272338867
183,players,8,0.0,10.041348457336426,46.775428771972656
183,players,14,1.0,6.03415584564209,51.232418060302734
183,players,4,1.0,14.568276405334473,61.70085525512695
183,players,103,0.0,,
183,players,17,1.0,21.853031158447266,36.1724967956543
183,players,5,1.0,11.716790199279785,37.52024841308594
183,players,11,1.0,,
183,players,9,0.0,15.057706832885742,36.250972747802734
183,players,12,0.0,,
183,players,21,0.0,,
183,players,3,0.0,21.14580535888672,49.1996955871582
183,players,29,1.0,,
183,players,18,1.0,,
183,players,28,0.0,,
183,players,15,0.0,,
183,players,7,0.0,,
183,players,86,1.0,,
184,players,1,1.0,19.65957260131836,47.689998626708984
184,players,111,1.0,20.472429275512695,18.982492446899414
184,players,21,0.0,,
184,players,8,0.0,10.070220947265625,46.68677520751953
184,players,14,1.0,6.031834125518799,51.29658126831055
184,players,3,0.0,21.111900329589844,49.183475494384766
184,players,4,1.0,14.555890083312988,61.72135925292969
184,players,17,1.0,21.786373138427734,36.22832489013672
184,players,103,0.0,,
184,players,9,0.0,15.099854469299316,36.0439453125
184,players,18,1.0,,
184,players,5,1.0,11.680980682373047,37.49211502075195
184,players,12,0.0,,
184,players,11,1.0,,
184,players,29,1.0,,
184,players,28,0.0,,
184,players,15,1.0,,
184,players,7,0.0,,
184,players,86,1.0,,
184,players,16,1.0,,
185,players,1,1.0,19.671192169189453,47.49274826049805
185,players,3,0.0,21.073638916015625,49.173526763916016
185,players,21,0.0,,
185,players,18,1.0,,
185,players,14,1.0,6.044736385345459,51.307228088378906
185,players,8,0.0,10.093709945678711,46.661869049072266
185,players,17,1.0,21.753511428833008,36.17095947265625
185,players,111,1.0,20.391149520874023,18.94429588317871
185,players,4,1.0,14.552437782287598,61.62727355957031
185,players,15,1.0,,
185,players,9,0.0,15.118026733398438,35.92036819458008
185,players,5,1.0,11.662006378173828,37.43439483642578
185,players,12,0.0,,
185,players,29,1.0,,
185,players,103,0.0,,
185,players,28,0.0,,
185,players,7,0.0,,
185,players,86,1.0,,
185,players,10,0.0,23.165620803833008,36.88816833496094
185,players,16,1.0,,
185,players,11,1.0,,
186,players,1,1.0,19.635116577148438,47.366600036621094
186,players,17,1.0,21.712196350097656,36.1300163269043
186,players,21,0.0,,
186,players,8,0.0,10.103580474853516,46.53245544433594
186,players,10,0.0,23.11918067932129,36.76484298706055
186,players,18,1.0,,
186,players,3,0.0,21.024946212768555,49.143341064453125
186,players,4,1.0,14.527615547180176,61.600440979003906
186,players,15,1.0,,
186,players,14,1.0,6.064162254333496,51.319950103759766
186,players,111,1.0,20.360029220581055,18.7148380279541
186,players,5,1.0,11.622138977050781,37.40947341918945
186,players,9,0.0,15.046859741210938,36.154232025146484
186,players,7,0.0,,
186,players,11,1.0,,
186,players,12,0.0,,
186,players,28,0.0,,
186,players,103,0.0,,
186,players,29,1.0,,
186,players,86,1.0,,
186,players,16,1.0,,
187,players,1,1.0,19.583776473999023,47.27951431274414
187,players,8,0.0,10.134454727172852,46.484806060791016
187,players,17,1.0,21.696325302124023,36.07049560546875
187,players,21,0.0,,
187,players,10,0.0,23.105958938598633,36.70520782470703
187,players,18,1.0,,
187,players,4,1.0,14.526851654052734,61.52900695800781
187,players,7,0.0,,
187,players,3,0.0,21.03333282470703,48.92158126831055
187,players,14,1.0,6.063743591308594,51.329097747802734
187,players,11,1.0,,
187,players,103,0.0,,
187,players,15,0.0,,
187,players,9,0.0,15.071590423583984,35.75989532470703
187,players,28,0.0,,
187,players,12,0.0,,
187,players,5,1.0,11.57967472076416,37.43227005004883
187,players,29,1.0,,
187,players,111,1.0,20.326297760009766,18.340919494628906
187,players,86,1.0,,
187,players,16,1.0,,
188,players,21,1.0,,
188,players,4,1.0,14.514208793640137,61.42851257324219
188,players,8,0.0,10.156017303466797,46.507057189941406
188,players,10,0.0,23.038305282592773,36.736656188964844
188,players,18,1.0,,
188,players,11,1.0,,
188,players,7,0.0,,
188,players,103,0.0,,
188,players,14,1.0,6.04430627822876,51.356163024902344
188,players,3,0.0,20.996244430541992,48.944435119628906
188,players,9,0.0,15.021218299865723,35.632381439208984
188,players,28,0.0,,
188,players,15,0.0,,
188,players,17,1.0,21.643390655517578,35.989749908447266
188,players,1,1.0,19.486103057861328,47.31733703613281
188,players,29,1.0,,
188,players,5,1.0,11.553168296813965,37.47453308105469
188,players,111,1.0,20.225460052490234,18.449039459228516
188,players,12,0.0,,
188,players,86,1.0,,
188,players,16,1.0,,
189,players,4,1.0,14.519196510314941,61.39128112792969
189,players,10,0.0,23.01296043395996,36.70048141479492
189,players,1,1.0,19.44966697692871,47.207523345947266
189,players,8,0.0,10.179027557373047,46.53822326660156
189,players,18,1.0,,
189,players,21,0.0,,
189,players,9,0.0,14.985010147094727,35.5485954284668
189,players,11,1.0,,
189,players,103,0.0,,
189,players,28,0.0,,
189,players,14,1.0,6.039898872375488,51.33393478393555
189,players,7,0.0,,
189,players,3,0.0,21.001283645629883,48.849910736083984
189,players,111,1.0,20.1815185546875,18.1741943359375
189,players,15,0.0,,
189,players,5,1.0,11.537067413330078,37.42346954345703
189,players,17,1.0,21.69989776611328,35.69987869262695
189,players,29,1.0,,
189,players,12,0.0,,
189,players,86,1.0,,
189,players,16,1.0,,
190,players,18,1.0,,
190,players,103,1.0,,
190,players,8,0.0,10.192028045654297,46.48427963256836
190,players,4,1.0,14.497408866882324,61.370670318603516
190,players,11,1.0,,
190,players,21,0.0,,
190,players,10,0.0,22.97630500793457,36.642066955566406
190,players,1,1.0,19.397136688232422,47.195194244384766
190,players,9,0.0,14.954604148864746,35.49853515625
190,players,111,1.0,20.07748031616211,18.209285736083984
190,players,28,0.0,,
190,players,14,1.0,6.038904666900635,51.36250686645508
190,players,3,0.0,21.006938934326172,48.70903778076172
190,players,7,0.0,,
190,players,15,0.0,,
190,players,17,1.0,21.611949920654297,35.706687927246094
190,players,5,1.0,11.51032543182373,37.491268157958984
190,players,12,0.0,,
190,players,86,1.0,,
190,players,125,1.0,,
190,players,16,1.0,,
190,players,29,1.0,,
191,players,18,1.0,,
191,players,8,0.0,10.197568893432617,46.358802795410156
191,players,11,1.0,,
191,players,10,0.0,22.954179763793945,36.64900588989258
191,players,21,0.0,,
191,players,3,0.0,21.016563415527344,48.53057861328125
191,players,1,1.0,19.3826904296875,47.08985900878906
191,players,111,1.0,20.032794952392578,18.134435653686523
191,players,103,0.0,,
191,players,14,1.0,6.016009330749512,51.36083984375
191,players,9,0.0,14.920430183410645,35.600486755371094
191,players,4,1.0,14.486802101135254,61.2747688293457
191,players,28,1.0,,
191,players,5,1.0,11.511481285095215,37.42243194580078
191,players,12,0.0,,
191,players,17,1.0,21.536373138427734,35.80760955810547
191,players,15,0.0,,
191,players,86,1.0,,
191,players,7,0.0,,
191,players,16,1.0,,
192,players,8,0.0,10.18406867980957,46.30017852783203
192,players,18,1.0,,
192,players,103,0.0,,
192,players,4,1.0,14.427081108093262,61.37747573852539
192,players,9,0.0,14.893475532531738,35.59186553955078
192,players,21,0.0,,
192,players,111,1.0,19.897226333618164,17.996915817260742
192,players,3,0.0,20.98700714111328,48.48028564453125
192,players,14,1.0,6.00280237197876,51.381919860839844
192,players,11,1.0,,
192,players,10,0.0,22.899675369262695,36.74141311645508
192,players,1,1.0,19.328372955322266,46.9848518371582
192,players,5,1.0,11.439361572265625,37.427494049072266
192,players,12,0.0,,
192,players,17,1.0,21.459552764892578,35.80378723144531
192,players,86,1.0,,
192,players,15,0.0,,
192,players,16,1.0,,
192,players,28,0.0,,
193,players,8,0.0,10.183862686157227,46.23329162597656
193,players,103,0.0,,
193,players,3,0.0,20.979129791259766,48.383785247802734
193,players,18,1.0,,
193,players,11,1.0,,
193,players,4,1.0,14.362249374389648,61.376590728759766
193,players,5,1.0,11.423928260803223,37.35090255737305
193,players,9,0.0,14.82354736328125,35.689117431640625
193,players,17,1.0,21.402734756469727,35.82102966308594
193,players,111,1.0,19.769859313964844,18.127893447875977
193,players,1,1.0,19.319683074951172,46.829689025878906
193,players,21,0.0,,
193,players,14,1.0,5.983122825622559,51.38436508178711
193,players,10,0.0,22.859189987182617,36.69898223876953
193,players,12,0.0,,
193,players,86,1.0,,
193,players,15,0.0,,
193,players,16,1.0,,
194,players,11,1.0,,
194,players,103,0.0,,
194,players,5,1.0,11.418742179870605,37.34701156616211
194,players,8,0.0,10.184222221374512,46.16786575317383
194,players,3,0.0,20.961353302001953,48.39659881591797
194,players,4,1.0,14.33736801147461,61.39157485961914
194,players,18,1.0,,
194,players,17,1.0,21.400968551635742,35.78352737426758
194,players,14,1.0,5.997529029846191,51.43513107299805
194,players,9,0.0,14.812028884887695,35.685333251953125
194,players,1,1.0,19.289587020874023,46.80561828613281
194,players,21,0.0,,
194,players,7,0.0,,
194,players,12,0.0,,
194,players,10,0.0,22.825180053710938,36.717933654785156
194,players,86,1.0,0.03715972229838371,37.1643180847168
194,players,111,1.0,19.648738861083984,18.061620712280273
194,players,15,0.0,,
194,players,29,1.0,,
194,players,16,1.0,,
195,players,11,1.0,,
195,players,5,1.0,11.40221118927002,37.34142303466797
195,players,3,0.0,20.951684951782227,48.300785064697266
195,players,103,0.0,,
195,players,8,0.0,10.1892728805542,46.197574615478516
195,players,4,1.0,14.30598258972168,61.37359619140625
195,players,21,0.0,,
195,players,17,1.0,21.352054595947266,35.68153381347656
195,players,7,0.0,,
195,players,9,0.0,14.803855895996094,35.69963073730469
195,players,14,1.0,6.043092727661133,51.49333572387695
195,players,1,1.0,19.268329620361328,46.68840408325195
195,players,111,1.0,19.543214797973633,18.196819305419922
195,players,86,1.0,0.0716240331530571,37.17564392089844
195,players,10,0.0,22.80610466003418,36.698787689208984
195,players,12,0.0,,
195,players,29,1.0,,
195,players,16,1.0,,
195,players,15,0.0,,
196,players,5,1.0,11.40002727508545,37.3221549987793
196,players,103,0.0,,
196,players,3,0.0,20.964622497558594,48.191993713378906
196,players,7,0.0,,
196,players,4,1.0,14.285085678100586,61.30431365966797
196,players,8,0.0,10.184911727905273,46.180824279785156
196,players,21,0.0,,
196,players,17,1.0,21.287904739379883,35.8044319152832
196,players,14,1.0,6.077736854553223,51.573265075683594
196,players,1,1.0,19.236711502075195,46.510772705078125
196,players,11,1.0,,
196,players,9,0.0,14.77486801147461,35.71328353881836
196,players,111,1.0,19.503219604492188,18.06092643737793
196,players,16,0.0,,
196,players,86,1.0,0.10344724357128143,37.21186828613281
196,players,29,1.0,,
196,players,10,0.0,22.807697296142578,36.67414855957031
196,players,18,1.0,,
197,players,5,1.0,11.3711576461792,37.2348747253418
197,players,4,1.0,14.262728691101074,61.272552490234375
197,players,14,1.0,6.058239459991455,51.60748291015625
197,players,7,0.0,,
197,players,8,0.0,10.184272766113281,46.13798141479492
197,players,17,1.0,21.254873275756836,35.83017349243164
197,players,103,0.0,,
197,players,21,0.0,,
197,players,3,0.0,20.960166931152344,48.17631912231445
197,players,18,1.0,,
197,players,111,1.0,19.416282653808594,18.047780990600586
197,players,1,1.0,19.18482780456543,46.468650817871094
197,players,11,1.0,,
197,players,9,0.0,14.736078262329102,35.6833381652832
197,players,10,0.0,22.77475357055664,36.66687774658203
197,players,16,0.0,,
197,players,29,1.0,,
197,players,86,1.0,0.11918526887893677,37.310150146484375
198,players,4,1.0,14.257174491882324,61.26221466064453
198,players,5,1.0,11.32525634765625,37.15613555908203
198,players,8,0.0,10.208189010620117,46.0444221496582
198,players,18,1.0,,
198,players,14,1.0,6.090155124664307,51.68587112426758
198,players,17,1.0,21.23670196533203,35.75726318359375
198,players,21,0.0,,
198,players,111,1.0,19.331478118896484,18.003339767456055
198,players,7,0.0,,
198,players,103,1.0,,
198,players,3,0.0,20.9774112701416,48.06511688232422
198,players,1,1.0,19.14393424987793,46.349430084228516
198,players,11,1.0,,
198,players,10,0.0,22.776426315307617,36.64360427856445
198,players,16,0.0,,
198,players,29,1.0,,
198,players,86,1.0,0.15019014477729797,37.287864685058594
199,players,18,1.0,,
199,players,4,1.0,14.249027252197266,61.28068542480469
199,players,8,0.0,10.198967933654785,46.148284912109375
199,players,111,1.0,19.207780838012695,18.201717376708984
199,players,5,1.0,11.284220695495605,37.146240234375
199,players,21,0.0,,
199,players,17,1.0,21.18214225769043,35.8290901184082
199,players,14,1.0,6.096397399902344,51.81174087524414
199,players,3,0.0,20.970382690429688,48.04840850830078
199,players,103,0.0,,
199,players,7,0.0,,
199,players,1,1.0,19.12559700012207,46.245872497558594
199,players,11,1.0,,
199,players,10,0.0,22.78839874267578,36.530296325683594
199,players,29,1.0,,
199,players,16,0.0,,
199,players,86,1.0,0.18959715962409973,37.396995544433594
200,players,18,1.0,,
200,players,4,1.0,14.22640609741211,61.25307083129883
200,players,111,1.0,19.122222900390625,18.22935676574707
200,players,8,0.0,10.203359603881836,46.20051956176758
200,players,5,1.0,11.248685836791992,37.10334014892578
200,players,1,1.0,19.09853744506836,46.230804443359375
200,players,21,0.0,,
200,players,103,0.0,,
200,players,3,0.0,20.99845314025879,48.00546646118164
200,players,17,1.0,21.148706436157227,35.85022735595703
200,players,14,1.0,6.122387409210205,51.88405990600586
200,players,11,1.0,,
200,players,7,0.0,,
200,players,10,0.0,22.774837493896484,36.479248046875
200,players,9,0.0,14.576248168945312,35.71244812011719
200,players,86,1.0,0.21444322168827057,37.39883041381836
200,players,15,0.0,,
200,players,16,0.0,,
200,players,29,1.0,,
201,players,18,1.0,,
201,players,4,1.0,14.212305068969727,61.20671081542969
201,players,1,1.0,19.112319946289062,46.11741638183594
201,players,8,0.0,10.211206436157227,46.14067840576172
201,players,21,0.0,,
201,players,5,1.0,11.182487487792969,37.17871856689453
201,players,111,1.0,19.015718460083008,18.3121337890625
201,players,103,1.0,,
201,players,3,0.0,21.032691955566406,47.884437561035156
201,players,14,1.0,6.174081802368164,51.9422721862793
201,players,11,1.0,,
201,players,17,1.0,21.154178619384766,35.71047592163086
201,players,9,0.0,14.574590682983398,35.72140884399414
201,players,7,0.0,,
201,players,10,0.0,22.786985397338867,36.340538024902344
201,players,15,0.0,,
201,players,86,1.0,0.2517109215259552,37.45405197143555
201,players,29,1.0,,
201,players,16,0.0,,
202,players,18,1.0,,
202,players,4,1.0,14.210460662841797,61.147705078125
202,players,1,1.0,19.13275146484375,45.92780685424805
202,players,8,0.0,10.241766929626465,46.0232048034668
202,players,21,0.0,,
202,players,5,1.0,11.182367324829102,37.05622482299805
202,players,111,1.0,19.029155731201172,18.089555740356445
202,players,103,1.0,,
202,players,11,1.0,,
202,players,9,0.0,14.62241268157959,35.50897979736328
202,players,14,1.0,6.222707271575928,51.91429138183594
202,players,3,0.0,21.062946319580078,47.779090881347656
202,players,10,0.0,22.843446731567383,36.10695266723633
202,players,7,0.0,,
202,players,15,0.0,,
202,players,86,1.0,0.30150359869003296,37.526771545410156
202,players,17,1.0,21.19261360168457,35.4942512512207
202,players,29,1.0,,
202,players,16,0.0,,
203,players,18,1.0,,
203,players,1,1.0,19.06702423095703,45.90864181518555
203,players,21,0.0,,
203,players,8,0.0,10.216403007507324,46.06689453125
203,players,4,1.0,14.168075561523438,61.18292999267578
203,players,11,1.0,,
203,players,9,0.0,14.567329406738281,35.6118278503418
203,players,103,1.0,,
203,players,5,1.0,11.134687423706055,37.156436920166016
203,players,111,1.0,18.945215225219727,18.171220779418945
203,players,14,1.0,6.240945339202881,52.008522033691406
203,players,3,0.0,21.029155731201172,47.808589935302734
203,players,10,0.0,22.798818588256836,36.140724182128906
203,players,15,0.0,,
203,players,86,1.0,0.3361647129058838,37.64488220214844
203,players,7,0.0,,
203,players,29,1.0,,
203,players,16,0.0,,
203,players,17,1.0,21.162309646606445,35.44471740722656
204,players,18,1.0,,
204,players,7,0.0,,
204,players,8,0.0,10.21769905090332,46.031742095947266
204,players,21,0.0,,
204,players,11,1.0,,
204,players,1,1.0,19.05636215209961,45.89875793457031
204,players,9,0.0,14.554883003234863,35.620906829833984
204,players,4,1.0,14.129610061645508,61.18571472167969
204,players,14,1.0,6.288280487060547,51.925315856933594
204,players,5,1.0,11.12165355682373,37.20536804199219
204,players,103,0.0,,
204,players,111,1.0,18.93122100830078,17.99828338623047
204,players,10,0.0,22.784345626831055,36.14912414550781
204,players,3,0.0,21.021560668945312,47.8474235534668
204,players,15,0.0,,
204,players,86,1.0,0.38267970085144043,37.70363998413086
204,players,16,0.0,,
204,players,29,1.0,,
204,players,17,1.0,21.17852020263672,35.340972900390625
205,players,18,1.0,,
205,players,7,0.0,,
205,players,9,0.0,14.536675453186035,35.63118362426758
205,players,11,1.0,,
205,players,8,0.0,10.220239639282227,46.02323532104492
205,players,1,1.0,19.03500747680664,45.839195251464844
205,players,21,0.0,,
205,players,5,1.0,11.11617374420166,37.21074676513672
205,players,14,1.0,6.31205940246582,51.9539680480957
205,players,4,1.0,14.087381362915039,61.26604080200195
205,players,103,0.0,,
205,players,10,0.0,22.72871208190918,36.30698776245117
205,players,3,0.0,21.038049697875977,47.81565475463867
205,players,15,0.0,,
205,players,86,1.0,0.40060868859291077,37.673622131347656
205,players,111,1.0,18.895353317260742,17.752492904663086
205,players,16,0.0,,
205,players,29,1.0,,
205,players,131,1.0,,
206,players,5,1.0,11.075298309326172,37.24075698852539
206,players,7,0.0,,
206,players,11,1.0,,
206,players,18,1.0,,
206,players,8,0.0,10.218484878540039,46.03834915161133
206,players,9,0.0,14.504505157470703,35.69546890258789
206,players,1,1.0,18.937026977539062,45.89244842529297
206,players,4,1.0,14.051300048828125,61.235416412353516
206,players,14,1.0,6.32225227355957,51.987060546875
206,players,103,0.0,,
206,players,21,0.0,,
206,players,10,0.0,22.68094253540039,36.353126525878906
206,players,16,1.0,,
206,players,3,0.0,21.0364990234375,47.81727981567383
206,players,15,0.0,,
206,players,132,0.0,,
206,players,86,1.0,0.41961750388145447,37.68116760253906
206,players,111,1.0,18.791431427001953,17.878633499145508
206,players,131,1.0,,
206,players,29,1.0,,
207,players,7,0.0,,
207,players,5,1.0,11.039127349853516,37.15875244140625
207,players,11,1.0,,
207,players,18,1.0,,
207,players,4,1.0,13.999870300292969,61.25663375854492
207,players,1,1.0,18.822368621826172,45.88896942138672
207,players,8,0.0,10.201713562011719,46.10343933105469
207,players,9,0.0,14.47156810760498,35.824832916259766
207,players,14,1.0,6.321554660797119,52.06432342529297
207,players,103,0.0,,
207,players,21,0.0,,
207,players,111,1.0,18.693626403808594,17.998525619506836
207,players,15,0.0,,
207,players,132,0.0,,
207,players,16,1.0,,
207,players,10,1.0,22.619003295898438,36.35586166381836
207,players,3,0.0,21.007226943969727,47.8679084777832
207,players,86,1.0,0.4458478093147278,37.783992767333984
207,players,131,1.0,,
207,players,29,1.0,,
208,players,11,1.0,,
208,players,7,0.0,,
208,players,5,1.0,10.98974895477295,37.30485534667969
208,players,4,1.0,13.962142944335938,61.22981262207031
208,players,8,0.0,10.180558204650879,46.16149139404297
208,players,9,0.0,14.414603233337402,36.00429153442383
208,players,14,1.0,6.322945594787598,52.11994552612305
208,players,103,0.0,,
208,players,18,1.0,,
208,players,111,1.0,18.67524528503418,17.903982162475586
208,players,10,0.0,22.569185256958008,36.521995544433594
208,players,132,0.0,,
208,players,15,0.0,,
208,players,16,1.0,,
208,players,3,0.0,20.992128372192383,47.826881408691406
208,players,21,0.0,,
208,players,86,1.0,0.45555490255355835,37.7900505065918
208,players,1,1.0,18.715049743652344,45.90437698364258
208,players,131,1.0,,
208,players,29,1.0,,
208,players,106,1.0,22.006607055664062,30.408296585083008
209,players,11,1.0,,
209,players,5,1.0,10.983169555664062,37.270713806152344
209,players,8,0.0,10.169273376464844,46.20857238769531
209,players,4,1.0,13.927535057067871,61.172752380371094
209,players,9,0.0,14.41116714477539,36.028221130371094
209,players,103,0.0,,
209,players,14,1.0,6.340299606323242,52.128517150878906
209,players,10,0.0,22.557844161987305,36.57224655151367
209,players,132,0.0,,
209,players,7,0.0,,
209,players,111,1.0,18.599050521850586,17.99480628967285
209,players,21,0.0,,
209,players,15,0.0,,
209,players,1,1.0,18.68345832824707,45.854339599609375
209,players,3,0.0,20.97165870666504,47.88711929321289
209,players,18,1.0,,
209,players,131,1.0,,
209,players,16,0.0,,
209,players,86,1.0,0.4784756600856781,37.79356384277344
209,players,29,1.0,,
209,players,106,1.0,22.002683639526367,30.44466209411621
210,players,1,1.0,18.71414566040039,45.492523193359375
210,players,4,1.0,13.868978500366211,61.16728210449219
210,players,8,0.0,10.159344673156738,46.22576141357422
210,players,111,1.0,18.470598220825195,18.06001091003418
210,players,9,0.0,14.396315574645996,35.94990539550781
210,players,14,1.0,6.360374450683594,52.24882888793945
210,players,11,1.0,,
210,players,103,0.0,,
210,players,10,0.0,22.531734466552734,36.62806701660156
210,players,132,0.0,,
210,players,5,1.0,10.947867393493652,37.310264587402344
210,players,131,1.0,,
210,players,18,1.0,,
210,players,15,0.0,,
210,players,3,0.0,20.970792770385742,47.90996551513672
210,players,16,1.0,,
210,players,21,0.0,,
210,players,86,1.0,0.5238990187644958,37.823726654052734
210,players,29,1.0,,
210,players,106,1.0,21.994905471801758,30.50016975402832
210,players,17,1.0,20.922468185424805,35.429039001464844
210,players,7,0.0,,
211,players,1,1.0,18.65561294555664,45.54479217529297
211,players,4,1.0,13.835314750671387,61.13053512573242
211,players,111,1.0,18.396961212158203,17.978984832763672
211,players,8,0.0,10.156732559204102,46.20182418823242
211,players,9,0.0,14.354460716247559,36.04622268676758
211,players,103,0.0,,
211,players,14,1.0,6.365724086761475,52.41869354248047
211,players,21,0.0,,
211,players,10,0.0,22.516448974609375,36.637428283691406
211,players,132,0.0,,
211,players,131,1.0,,
211,players,18,1.0,,
211,players,15,0.0,,
211,players,3,0.0,20.966337203979492,47.9260368347168
211,players,17,1.0,20.928800582885742,35.357765197753906
211,players,5,1.0,10.923075675964355,37.23636245727539
211,players,16,0.0,,
211,players,86,1.0,0.5669116377830505,37.841957092285156
211,players,29,1.0,,
211,players,106,1.0,21.960346221923828,30.635900497436523
212,players,4,1.0,13.793941497802734,61.1172981262207
212,players,8,0.0,10.129875183105469,46.203495025634766
212,players,1,1.0,18.636415481567383,45.329933166503906
212,players,14,1.0,6.363204002380371,52.709632873535156
212,players,103,0.0,,
212,players,111,1.0,18.283031463623047,18.027978897094727
212,players,9,0.0,14.3026123046875,36.016014099121094
212,players,21,0.0,23.263540267944336,58.30122756958008
212,players,10,0.0,22.506404876708984,36.606666564941406
212,players,132,0.0,,
212,players,18,1.0,,
212,players,17,1.0,20.89153480529785,35.32936096191406
212,players,131,1.0,,
212,players,3,0.0,20.92683982849121,48.01696014404297
212,players,15,0.0,,
212,players,16,0.0,,
212,players,86,1.0,0.6139288544654846,37.84273910522461
212,players,29,1.0,,
212,players,5,1.0,10.860363006591797,37.172447204589844
213,players,8,0.0,10.126276969909668,46.18144607543945
213,players,4,1.0,13.76131534576416,61.12208557128906
213,players,18,1.0,,
213,players,1,1.0,18.58259391784668,45.3597412109375
213,players,14,1.0,6.373597621917725,52.80509567260742
213,players,103,0.0,,
213,players,10,0.0,22.475862503051758,36.64723587036133
213,players,21,0.0,23.188064575195312,58.33433151245117
213,players,17,1.0,20.8911075592041,35.191871643066406
213,players,9,0.0,14.247797966003418,36.068389892578125
213,players,132,0.0,,
213,players,131,1.0,,
213,players,111,1.0,18.235559463500977,17.989919662475586
213,players,3,0.0,20.905899047851562,48.09987258911133
213,players,16,0.0,,
213,players,86,1.0,0.7109747529029846,37.8317756652832
213,players,15,0.0,,
213,players,29,1.0,,
213,players,5,1.0,10.81861400604248,37.122520446777344
214,players,18,1.0,,
214,players,8,0.0,10.116425514221191,46.16655349731445
214,players,1,1.0,18.538732528686523,45.215721130371094
214,players,4,1.0,13.744486808776855,61.078304290771484
214,players,14,1.0,6.373919486999512,52.9093017578125
214,players,21,0.0,23.128332138061523,58.33834457397461
214,players,103,0.0,,
214,players,10,0.0,22.45656394958496,36.646305084228516
214,players,17,1.0,20.86870765686035,35.22752380371094
214,players,132,0.0,,
214,players,9,0.0,14.212972640991211,36.036258697509766
214,players,131,1.0,,
214,players,11,1.0,,
214,players,3,0.0,20.900434494018555,48.07231903076172
214,players,5,1.0,10.778878211975098,37.12247085571289
214,players,111,1.0,18.15313148498535,18.00720977783203
214,players,86,1.0,0.7259555459022522,37.8043098449707
214,players,16,0.0,,
214,players,15,0.0,,
214,players,7,0.0,,
214,players,29,1.0,,
214,players,106,1.0,21.99685287475586,30.519237518310547
215,players,18,1.0,,
215,players,8,0.0,10.120311737060547,46.16830062866211
215,players,1,1.0,18.452777862548828,45.18592834472656
215,players,21,0.0,23.076988220214844,58.37646484375
215,players,14,1.0,6.384347915649414,52.91804504394531
215,players,17,1.0,20.864093780517578,35.18831253051758
215,players,103,0.0,,
215,players,4,1.0,13.707742691040039,61.04599380493164
215,players,7,0.0,,
215,players,11,1.0,,
215,players,10,0.0,22.452043533325195,36.65388870239258
215,players,5,1.0,10.745898246765137,37.12598419189453
215,players,132,0.0,,
215,players,131,1.0,,
215,players,3,0.0,20.88688087463379,48.078311920166016
215,players,9,0.0,14.162909507751465,36.08304977416992
215,players,86,1.0,0.7580690383911133,37.88975524902344
215,players,111,1.0,18.082820892333984,17.946651458740234
215,players,15,0.0,,
215,players,16,0.0,,
215,players,29,1.0,,
215,players,106,1.0,22.00225067138672,30.51552963256836
216,players,18,1.0,,
216,players,8,0.0,10.09776496887207,46.17607879638672
216,players,4,1.0,13.674612045288086,61.02435302734375
216,players,21,0.0,23.076814651489258,58.36730194091797
216,players,14,1.0,6.4063262939453125,52.931060791015625
216,players,7,0.0,,
216,players,17,1.0,20.844261169433594,35.22501754760742
216,players,11,1.0,,
216,players,5,1.0,10.699649810791016,37.139461517333984
216,players,103,0.0,,
216,players,1,1.0,18.385875701904297,45.17926025390625
216,players,10,0.0,22.44603729248047,36.63994598388672
216,players,132,0.0,,
216,players,3,0.0,20.876495361328125,48.11643600463867
216,players,131,1.0,,
216,players,111,1.0,18.04011344909668,17.84162712097168
216,players,86,1.0,0.7670682668685913,37.874061584472656
216,players,9,0.0,14.106343269348145,36.18629455566406
216,players,15,0.0,,
216,players,16,0.0,,
216,players,106,1.0,21.99384117126465,30.621559143066406
217,players,18,1.0,,
217,players,8,0.0,10.096341133117676,46.17266082763672
217,players,11,1.0,,
217,players,4,1.0,13.616401672363281,60.99860763549805
217,players,7,0.0,,
217,players,5,1.0,10.67259407043457,37.23040008544922
217,players,14,1.0,6.414556980133057,53.01222229003906
217,players,21,0.0,23.051469802856445,58.36240005493164
217,players,17,1.0,20.81080436706543,35.19172668457031
217,players,10,0.0,22.427946090698242,36.6356201171875
217,players,103,0.0,,
217,players,111,1.0,17.934146881103516,18.10420036315918
217,players,132,0.0,,
217,players,9,0.0,14.06095027923584,36.212833404541016
217,players,3,0.0,20.872154235839844,48.095516204833984
217,players,86,1.0,0.7954262495040894,37.849857330322266
217,players,1,1.0,18.352121353149414,45.030517578125
217,players,15,0.0,,
217,players,16,0.0,,
217,players,131,1.0,,
217,players,106,1.0,22.033754348754883,30.432762145996094
218,players,11,1.0,,
218,players,18,1.0,,
218,players,4,1.0,13.571017265319824,61.01556396484375
218,players,5,1.0,10.664987564086914,37.17797088623047
218,players,8,0.0,10.091348648071289,46.163265228271484
218,players,7,0.0,,
218,players,14,1.0,6.440508842468262,52.9108772277832
218,players,17,1.0,20.802410125732422,35.02709197998047
218,players,21,0.0,23.041292190551758,58.36264419555664
218,players,10,0.0,22.421680450439453,36.58415603637695
218,players,103,0.0,,
218,players,111,1.0,17.870250701904297,18.20323371887207
218,players,9,0.0,14.021782875061035,36.19600296020508
218,players,3,0.0,20.874664306640625,48.08372497558594
218,players,132,0.0,,
218,players,1,1.0,18.331270217895508,44.90202331542969
218,players,86,1.0,0.8010304570198059,37.84764099121094
218,players,15,0.0,,
218,players,16,0.0,,
219,players,1,1.0,18.26456069946289,45.02027130126953
219,players,18,1.0,,
219,players,11,1.0,,
219,players,4,1.0,13.524028778076172,61.01895523071289
219,players,5,1.0,10.625675201416016,37.25125503540039
219,players,7,0.0,,
219,players,17,1.0,20.790672302246094,34.891990661621094
219,players,8,0.0,10.07862377166748,46.16820526123047
219,players,14,1.0,6.462161064147949,53.03346633911133
219,players,10,0.0,22.3979549407959,36.57229995727539
219,players,21,0.0,23.01618003845215,58.32640075683594
219,players,103,0.0,,
219,players,9,0.0,13.9807767868042,36.239601135253906
219,players,3,0.0,20.869647979736328,48.06385040283203
219,players,132,0.0,,
219,players,86,1.0,0.8334644436836243,37.878089904785156
219,players,111,1.0,17.80120849609375,18.197063446044922
219,players,131,1.0,,
219,players,15,0.0,,
219,players,16,0.0,,
220,players,1,1.0,18.21510887145996,44.93966293334961
220,players,11,1.0,,
220,players,4,1.0,13.451510429382324,61.02851486206055
220,players,8,0.0,10.089905738830566,46.15262985229492
220,players,18,1.0,,
220,players,14,1.0,6.469079494476318,53.08256530761719
220,players,5,1.0,10.614113807678223,37.221710205078125
220,players,131,1.0,,
220,players,7,0.0,,
220,players,10,0.0,22.379249572753906,36.56948471069336
220,players,103,0.0,,
220,players,17,1.0,20.75461196899414,34.83155822753906
220,players,9,0.0,13.907271385192871,36.461666107177734
220,players,15,0.0,,
220,players,111,1.0,17.71137237548828,18.353271484375
220,players,21,0.0,22.970600128173828,58.33633041381836
220,players,3,0.0,20.87816619873047,48.065216064453125
220,players,86,1.0,0.8484900593757629,37.879676818847656
220,players,132,0.0,,
220,players,16,0.0,,
221,players,4,1.0,13.38747501373291,61.073822021484375
221,players,131,1.0,,
221,players,1,1.0,18.14021873474121,44.86587905883789
221,players,14,1.0,6.4713568687438965,53.16661834716797
221,players,8,0.0,10.094536781311035,46.19129943847656
221,players,11,1.0,,
221,players,18,1.0,,
221,players,5,1.0,10.598539352416992,37.259742736816406
221,players,9,0.0,13.901169776916504,36.50924301147461
221,players,10,0.0,22.34603500366211,36.59596252441406
221,players,103,0.0,,
221,players,111,1.0,17.65004539489746,18.364810943603516
221,players,17,1.0,20.733556747436523,34.722084045410156
221,players,3,0.0,20.880876541137695,48.0689582824707
221,players,15,0.0,,
221,players,21,0.0,22.939502716064453,58.36012268066406
221,players,7,0.0,,
221,players,86,1.0,0.8633468151092529,37.866455078125
221,players,132,0.0,,
221,players,16,0.0,,
222,players,14,1.0,6.534838676452637,53.239654541015625
222,players,4,1.0,13.341069221496582,61.03697204589844
222,players,8,0.0,10.09866714477539,46.20658493041992
222,players,1,1.0,18.102924346923828,44.81504821777344
222,players,131,1.0,,
222,players,11,1.0,,
222,players,5,1.0,10.585877418518066,37.28260040283203
222,players,18,1.0,,
222,players,10,0.0,22.329742431640625,36.61239242553711
222,players,103,0.0,,
222,players,9,0.0,13.878837585449219,36.52025604248047
222,players,111,1.0,17.592405319213867,18.14305877685547
222,players,15,0.0,,
222,players,21,0.0,22.927785873413086,58.305259704589844
222,players,17,1.0,20.69199562072754,34.77056121826172
222,players,3,0.0,20.869110107421875,48.095516204833984
222,players,132,0.0,,
222,players,86,1.0,0.8623484373092651,37.86186981201172
222,players,16,0.0,,
222,players,7,0.0,,
223,players,14,1.0,6.545403480529785,53.35292434692383
223,players,4,1.0,13.268197059631348,61.03032684326172
223,players,8,0.0,10.093486785888672,46.23416519165039
223,players,1,1.0,18.06130599975586,44.81714630126953
223,players,131,1.0,,
223,players,5,1.0,10.569520950317383,37.303138732910156
223,players,111,1.0,17.512500762939453,18.229249954223633
223,players,9,0.0,13.821261405944824,36.569427490234375
223,players,103,0.0,,
223,players,10,0.0,22.293365478515625,36.63508605957031
223,players,15,0.0,,
223,players,17,1.0,20.66800308227539,34.71468734741211
223,players,11,1.0,,
223,players,21,0.0,22.89924430847168,58.32002639770508
223,players,3,0.0,20.849018096923828,48.104026794433594
223,players,132,0.0,,
223,players,86,1.0,0.7403274178504944,37.793392181396484
223,players,18,1.0,,
223,players,16,0.0,,
223,players,7,0.0,,
224,players,4,1.0,13.219053268432617,61.016483306884766
224,players,14,1.0,6.553521633148193,53.45886993408203
224,players,1,1.0,18.019628524780273,44.6535530090332
224,players,8,0.0,10.096447944641113,46.215511322021484
224,players,111,1.0,17.470096588134766,18.289602279663086
224,players,131,1.0,,
224,players,5,1.0,10.561260223388672,37.28240966796875
224,players,9,0.0,13.79771614074707,36.58351135253906
224,players,10,0.0,22.284160614013672,36.60822677612305
224,players,103,0.0,,
224,players,21,0.0,22.86964225769043,58.30651092529297
224,players,17,1.0,20.66390609741211,34.63252639770508
224,players,15,0.0,,
224,players,3,0.0,20.857446670532227,48.0666389465332
224,players,132,0.0,,
224,players,86,1.0,0.744896411895752,37.76663589477539
224,players,7,0.0,,
224,players,16,0.0,,
224,players,11,1.0,,
224,players,133,1.0,22.271635055541992,30.397953033447266
225,players,4,1.0,13.195331573486328,60.99071502685547
225,players,8,0.0,10.10068416595459,46.21446228027344
225,players,131,1.0,,
225,players,14,1.0,6.579484939575195,53.59089279174805
225,players,111,1.0,17.430862426757812,18.11418914794922
225,players,1,1.0,17.9364013671875,44.596168518066406
225,players,21,0.0,22.820388793945312,58.30563735961914
225,players,5,1.0,10.518792152404785,37.361515045166016
225,players,9,0.0,13.792176246643066,36.54703140258789
225,players,103,0.0,,
225,players,3,0.0,20.843852996826172,48.04071807861328
225,players,10,0.0,22.246400833129883,36.65709686279297
225,players,86,1.0,0.7305141687393188,37.734554290771484
225,players,15,0.0,,
225,players,132,0.0,,
225,players,11,1.0,,
225,players,17,1.0,20.573959350585938,34.75008010864258
225,players,16,0.0,,
225,players,7,0.0,,
226,players,8,0.0,10.099230766296387,46.297325134277344
226,players,4,1.0,13.182311058044434,60.97173309326172
226,players,111,1.0,17.385940551757812,18.13587188720703
226,players,14,1.0,6.558626651763916,53.67051696777344
226,players,21,0.0,22.772314071655273,58.293148040771484
226,players,131,1.0,,
226,players,103,0.0,,
226,players,9,0.0,13.752121925354004,36.53257369995117
226,players,5,1.0,10.498785972595215,37.35834884643555
226,players,3,0.0,20.831817626953125,48.016841888427734
226,players,10,0.0,22.235445022583008,36.64308547973633
226,players,86,1.0,0.710491955280304,37.730857849121094
226,players,15,0.0,,
226,players,132,0.0,,
226,players,11,1.0,,
226,players,18,1.0,,
226,players,17,1.0,20.549856185913086,34.771175384521484
226,players,16,0.0,,
226,players,7,0.0,,
226,players,133,1.0,22.253992080688477,30.442087173461914
227,players,4,1.0,13.16355037689209,60.98802947998047
227,players,8,0.0,10.11486530303955,46.304744720458984
227,players,21,0.0,22.739713668823242,58.280887603759766
227,players,3,0.0,20.819976806640625,48.033592224121094
227,players,9,0.0,13.775508880615234,36.46491622924805
227,players,103,0.0,,
227,players,5,1.0,10.489666938781738,37.372318267822266
227,players,111,1.0,17.34906768798828,18.18345069885254
227,players,10,0.0,22.247215270996094,36.57707595825195
227,players,14,1.0,6.5726752281188965,53.69963455200195
227,players,18,1.0,,
227,players,1,1.0,17.773534774780273,44.60224533081055
227,players,131,1.0,,
227,players,15,0.0,,
227,players,86,1.0,0.701962411403656,37.70078659057617
227,players,132,0.0,,
227,players,11,1.0,,
227,players,16,0.0,,
227,players,17,1.0,20.550703048706055,34.70747756958008
227,players,7,0.0,,
227,players,133,1.0,22.302976608276367,30.272441864013672
227,players,29,1.0,,
228,players,4,1.0,13.106443405151367,61.01553726196289
228,players,8,0.0,10.125323295593262,46.350379943847656
228,players,21,0.0,22.70723533630371,58.29977035522461
228,players,1,1.0,17.733646392822266,44.57888412475586
228,players,3,0.0,20.786630630493164,48.04167556762695
228,players,9,0.0,13.748459815979004,36.456146240234375
228,players,103,0.0,,
228,players,18,1.0,,
228,players,14,1.0,6.5926103591918945,53.79151153564453
228,players,5,1.0,10.472084999084473,37.36338424682617
228,players,10,0.0,22.216140747070312,36.597442626953125
228,players,111,1.0,17.278005599975586,18.230026245117188
228,players,86,1.0,0.7023949027061462,37.691078186035156
228,players,15,0.0,,
228,players,132,0.0,,
228,players,11,1.0,,
228,players,17,1.0,20.532438278198242,34.66497802734375
228,players,131,1.0,,
228,players,16,0.0,,
228,players,7,0.0,,
229,players,4,1.0,13.093260765075684,61.03947830200195
229,players,21,0.0,22.68958854675293,58.334964752197266
229,players,1,1.0,17.706357955932617,44.50246047973633
229,players,14,1.0,6.608784198760986,53.8170280456543
229,players,8,0.0,10.142501831054688,46.3979606628418
229,players,3,0.0,20.75263214111328,48.14755630493164
229,players,9,0.0,13.722596168518066,36.46363067626953
229,players,18,1.0,,
229,players,5,1.0,10.479035377502441,37.3658561706543
229,players,103,0.0,,
229,players,10,0.0,22.218830108642578,36.63066482543945
229,players,15,0.0,,
229,players,86,1.0,0.7284935712814331,37.68865966796875
229,players,132,0.0,,
229,players,11,1.0,,
229,players,131,1.0,,
229,players,17,1.0,20.53706932067871,34.58314514160156
229,players,16,0.0,,
229,players,111,1.0,17.232229232788086,18.263660430908203
229,players,7,0.0,,
230,players,4,1.0,13.067044258117676,60.99678039550781
230,players,1,1.0,17.67118263244629,44.42866516113281
230,players,14,1.0,6.650448799133301,53.807640075683594
230,players,3,0.0,20.74028778076172,48.16390609741211
230,players,8,0.0,10.161402702331543,46.414306640625
230,players,18,1.0,,
230,players,21,0.0,22.678117752075195,58.348228454589844
230,players,9,0.0,13.710319519042969,36.52956008911133
230,players,103,1.0,,
230,players,5,1.0,10.482731819152832,37.3848876953125
230,players,10,0.0,22.21994400024414,36.648067474365234
230,players,15,0.0,,
230,players,86,1.0,0.7549251317977905,37.69145202636719
230,players,16,0.0,,
230,players,132,0.0,,
230,players,11,1.0,,
230,players,131,1.0,,
230,players,17,1.0,20.525001525878906,34.663414001464844
231,players,4,1.0,13.010096549987793,61.004032135009766
231,players,1,1.0,17.5985107421875,44.4788818359375
231,players,9,0.0,13.662399291992188,36.651023864746094
231,players,8,0.0,10.148615837097168,46.469276428222656
231,players,18,1.0,,
231,players,3,0.0,20.73173713684082,48.174781799316406
231,players,14,1.0,6.682041645050049,53.815040588378906
231,players,21,0.0,22.652585983276367,58.36139678955078
231,players,103,1.0,,
231,players,5,1.0,10.479682922363281,37.412322998046875
231,players,15,0.0,,
231,players,11,1.0,,
231,players,16,0.0,,
231,players,132,0.0,,
231,players,86,1.0,0.763072669506073,37.62907409667969
231,players,131,1.0,,
231,players,17,1.0,20.480188369750977,34.69117736816406
231,players,10,0.0,22.250410079956055,36.37948989868164
232,players,4,1.0,12.975318908691406,61.02314376831055
232,players,1,1.0,17.569040298461914,44.45827102661133
232,players,21,0.0,22.627599716186523,58.352622985839844
232,players,18,1.0,,
232,players,8,0.0,10.139098167419434,46.454124450683594
232,players,9,0.0,13.672989845275879,36.63534927368164
232,players,14,1.0,6.6890950202941895,53.82435989379883
232,players,3,0.0,20.72264862060547,48.1485710144043
232,players,5,1.0,10.477441787719727,37.3947639465332
232,players,103,1.0,,
232,players,11,1.0,,
232,players,15,0.0,,
232,players,131,1.0,,
232,players,16,0.0,,
232,players,132,0.0,,
232,players,86,1.0,0.7962616086006165,37.69710922241211
232,players,17,1.0,20.433189392089844,34.731842041015625
232,players,111,1.0,17.070938110351562,18.074655532836914
233,players,4,1.0,12.931572914123535,60.94636535644531
233,players,1,1.0,17.52338409423828,44.187583923339844
233,players,9,0.0,13.606343269348145,36.42472457885742
233,players,21,0.0,22.627904891967773,58.201297760009766
233,players,8,0.0,10.119647979736328,46.32283401489258
233,players,18,1.0,,
233,players,14,1.0,6.667874336242676,53.71310806274414
233,players,3,0.0,20.68912696838379,48.02256774902344
233,players,103,1.0,,
233,players,5,1.0,10.435112953186035,37.23899841308594
233,players,131,1.0,,
233,players,15,0.0,,
233,players,11,1.0,,
233,players,16,0.0,,
233,players,17,1.0,20.4033260345459,34.429561614990234
233,players,111,1.0,16.948776245117188,18.08759880065918
233,players,132,0.0,,
233,players,86,1.0,0.7946743369102478,37.45175552368164
233,players,134,0.0,,
234,players,4,1.0,12.905489921569824,61.05536651611328
234,players,21,0.0,22.59885025024414,58.28095626831055
234,players,14,1.0,6.694307327270508,53.84821701049805
234,players,3,0.0,20.6752986907959,48.120296478271484
234,players,9,0.0,13.608304023742676,36.528079986572266
234,players,18,1.0,,
234,players,8,0.0,10.138893127441406,46.485260009765625
234,players,15,0.0,,
234,players,1,1.0,17.483551025390625,44.24458694458008
234,players,103,1.0,,
234,players,5,1.0,10.444855690002441,37.41868209838867
234,players,131,1.0,,
234,players,17,1.0,20.403114318847656,34.524635314941406
234,players,111,1.0,16.952377319335938,18.267101287841797
234,players,132,0.0,,
234,players,11,1.0,,
234,players,16,0.0,,
234,players,86,1.0,0.8640339374542236,37.56655502319336
234,players,134,0.0,,
235,players,4,1.0,12.87479305267334,61.07063674926758
235,players,14,1.0,6.6855669021606445,53.8543586730957
235,players,21,0.0,22.568069458007812,58.23441696166992
235,players,15,0.0,,
235,players,9,0.0,13.541757583618164,36.477840423583984
235,players,3,0.0,20.663644790649414,48.03636169433594
235,players,18,1.0,,
235,players,8,0.0,10.155120849609375,46.44863510131836
235,players,103,1.0,,
235,players,131,1.0,,
235,players,17,1.0,20.375503540039062,34.57413101196289
235,players,5,1.0,10.430673599243164,37.434349060058594
235,players,111,1.0,16.885684967041016,18.221363067626953
235,players,132,0.0,,
235,players,1,1.0,17.39492416381836,44.25737380981445
235,players,11,1.0,,
235,players,16,0.0,,
235,players,86,1.0,0.8977850675582886,37.69166564941406
235,players,134,0.0,,
236,players,4,1.0,12.83432674407959,61.06633377075195
236,players,14,1.0,6.675958156585693,53.9202766418457
236,players,15,0.0,,
236,players,3,0.0,20.650413513183594,47.96605682373047
236,players,8,0.0,10.1610689163208,46.423980712890625
236,players,103,1.0,,
236,players,18,1.0,,
236,players,17,1.0,20.350566864013672,34.52796936035156
236,players,131,1.0,,
236,players,5,1.0,10.423892974853516,37.424320220947266
236,players,111,1.0,16.833759307861328,18.31780242919922
236,players,21,0.0,22.52500343322754,58.260894775390625
236,players,1,1.0,17.34375,44.28303909301758
236,players,9,0.0,13.461859703063965,36.47551727294922
236,players,132,0.0,,
236,players,16,0.0,,
236,players,11,1.0,,
236,players,86,1.0,0.9189378023147583,37.71474838256836
236,players,29,1.0,,
237,players,4,1.0,12.807948112487793,61.05147933959961
237,players,14,1.0,6.650073051452637,53.990081787109375
237,players,3,0.0,20.629108428955078,47.879695892333984
237,players,8,0.0,10.166032791137695,46.44367980957031
237,players,15,0.0,,
237,players,17,1.0,20.312259674072266,34.463783264160156
237,players,131,1.0,,
237,players,111,1.0,16.732707977294922,18.315868377685547
237,players,103,1.0,,
237,players,5,1.0,10.424551010131836,37.365234375
237,players,132,0.0,,
237,players,18,1.0,,
237,players,1,1.0,17.294715881347656,44.22616958618164
237,players,16,0.0,,
237,players,86,1.0,0.9158062934875488,37.60676574707031
237,players,21,0.0,22.445697784423828,58.383506774902344
237,players,11,1.0,,
237,players,10,0.0,22.037006378173828,36.187965393066406
237,players,29,1.0,,
238,players,1,1.0,17.240732192993164,44.173099517822266
238,players,14,1.0,6.646224021911621,54.11509704589844
238,players,3,0.0,20.598949432373047,47.96275329589844
238,players,4,1.0,12.78488540649414,61.07382583618164
238,players,10,0.0,22.00282859802246,36.19523239135742
238,players,8,0.0,10.174924850463867,46.48379898071289
238,players,17,1.0,20.288850784301758,34.465065002441406
238,players,111,1.0,16.68741226196289,18.393001556396484
238,players,132,0.0,,
238,players,131,1.0,,
238,players,5,1.0,10.432255744934082,37.39716339111328
238,players,15,0.0,,
238,players,103,1.0,,
238,players,21,0.0,22.41102409362793,58.347320556640625
238,players,16,0.0,,
238,players,86,1.0,0.9369990825653076,37.54317855834961
238,players,18,1.0,,
238,players,11,1.0,,
239,players,14,1.0,6.622881889343262,54.25685119628906
239,players,10,0.0,22.000776290893555,36.056175231933594
239,players,1,1.0,17.205474853515625,44.06640625
239,players,21,0.0,22.363204956054688,58.345863342285156
239,players,4,1.0,12.773065567016602,61.08156967163086
239,players,3,0.0,20.589759826660156,47.86606216430664
239,players,17,1.0,20.269115447998047,34.448402404785156
239,players,8,0.0,10.178383827209473,46.50629806518555
239,players,132,0.0,,
239,players,111,1.0,16.643518447875977,18.477462768554688
239,players,5,1.0,10.43302059173584,37.39559555053711
239,players,131,1.0,,
239,players,15,0.0,,
239,players,103,1.0,,
239,players,86,1.0,0.9733515381813049,37.523128509521484
239,players,16,0.0,,
239,players,18,1.0,,
239,players,9,0.0,13.261717796325684,36.46546936035156
240,players,1,1.0,17.177568435668945,44.050724029541016
240,players,10,0.0,21.980247497558594,35.9996337890625
240,players,21,0.0,22.277942657470703,58.36307907104492
240,players,4,1.0,12.76928424835205,61.08222961425781
240,players,14,1.0,6.580106735229492,54.334190368652344
240,players,17,1.0,20.263158798217773,34.279151916503906
240,players,8,0.0,10.17273998260498,46.49278259277344
240,players,132,0.0,,
240,players,9,0.0,13.214245796203613,36.42774963378906
240,players,5,1.0,10.427300453186035,37.374820709228516
240,players,111,1.0,16.621723175048828,18.375465393066406
240,players,15,0.0,,
240,players,3,0.0,20.54517936706543,47.83013153076172
240,players,103,0.0,,
240,players,16,0.0,,
240,players,86,1.0,0.9932787418365479,37.495540618896484
240,players,18,1.0,,
240,players,131,1.0,,
241,players,1,1.0,17.127016067504883,44.194332122802734
241,players,21,0.0,22.246381759643555,58.39503860473633
241,players,4,1.0,12.76914119720459,61.11199951171875
241,players,10,0.0,21.95425033569336,36.03059768676758
241,players,14,1.0,6.569217205047607,54.394866943359375
241,players,8,0.0,10.16892147064209,46.58864212036133
241,players,17,1.0,20.20853614807129,34.33367919921875
241,players,9,0.0,13.179341316223145,36.56177520751953
241,players,132,0.0,,
241,players,18,1.0,,
241,players,5,1.0,10.425773620605469,37.40363311767578
241,players,103,0.0,,
241,players,15,0.0,,
241,players,3,0.0,20.532716751098633,47.92357635498047
241,players,16,0.0,,
241,players,86,1.0,1.0160601139068604,37.50457763671875
241,players,111,1.0,16.563459396362305,18.47220802307129
241,players,11,1.0,,
242,players,1,1.0,17.123682022094727,44.16029357910156
242,players,21,0.0,22.211580276489258,58.4323844909668
242,players,4,1.0,12.766719818115234,61.14640426635742
242,players,10,0.0,21.937952041625977,36.06227493286133
242,players,9,0.0,13.157422065734863,36.55603790283203
242,players,8,0.0,10.174222946166992,46.656959533691406
242,players,132,0.0,,
242,players,17,1.0,20.194120407104492,34.305416107177734
242,players,18,1.0,,
242,players,5,1.0,10.430153846740723,37.432804107666016
242,players,14,1.0,6.561977386474609,54.44230270385742
242,players,103,1.0,,
242,players,15,0.0,,
242,players,3,0.0,20.502704620361328,48.04411697387695
242,players,16,0.0,,
242,players,86,1.0,1.0404866933822632,37.5798225402832
242,players,11,1.0,,
242,players,111,1.0,16.540420532226562,18.605077743530273
242,players,7,0.0,22.987260818481445,26.077136993408203
243,players,9,0.0,13.10450267791748,36.52680969238281
243,players,4,1.0,12.747947692871094,61.16591262817383
243,players,21,0.0,22.197311401367188,58.44198226928711
243,players,132,0.0,,
243,players,1,1.0,17.0948429107666,44.1286506652832
243,players,10,0.0,21.95973777770996,35.84822463989258
243,players,8,0.0,10.175673484802246,46.70238494873047
243,players,17,1.0,20.197460174560547,34.240299224853516
243,players,5,1.0,10.429224967956543,37.44979476928711
243,players,18,1.0,,
243,players,14,1.0,6.558077335357666,54.483028411865234
243,players,103,0.0,,
243,players,16,0.0,,
243,players,15,0.0,,
243,players,11,1.0,,
243,players,86,1.0,1.0355733633041382,37.60410690307617
243,players,3,0.0,20.513277053833008,47.884613037109375
243,players,7,0.0,22.953208923339844,26.06970977783203
243,players,111,1.0,16.485607147216797,18.651199340820312
244,players,9,0.0,13.067288398742676,36.49013137817383
244,players,4,1.0,12.745416641235352,61.13492202758789
244,players,21,0.0,22.18952751159668,58.39086151123047
244,players,1,1.0,17.04921531677246,44.02073287963867
244,players,8,0.0,10.170275688171387,46.65431594848633
244,players,10,0.0,21.955659866333008,35.72415542602539
244,players,132,0.0,,
244,players,5,1.0,10.425423622131348,37.324764251708984
244,players,18,1.0,,
244,players,14,1.0,6.548509120941162,54.464969635009766
244,players,16,0.0,,
244,players,15,0.0,,
244,players,131,1.0,,
244,players,11,1.0,,
244,players,17,1.0,20.1951961517334,34.00286865234375
244,players,103,0.0,,
244,players,86,1.0,1.0415561199188232,37.4196891784668
244,players,7,0.0,22.918594360351562,25.935014724731445
244,players,111,1.0,16.439395904541016,18.645427703857422
245,players,9,0.0,13.076762199401855,36.43110656738281
245,players,4,1.0,12.747834205627441,61.126224517822266
245,players,21,0.0,22.20561981201172,58.33949661254883
245,players,8,0.0,10.176658630371094,46.610103607177734
245,players,1,1.0,17.028621673583984,43.959224700927734
245,players,132,0.0,,
245,players,131,1.0,,
245,players,5,1.0,10.431180953979492,37.241790771484375
245,players,10,0.0,21.937061309814453,35.646484375
245,players,18,1.0,,
245,players,14,1.0,6.551872730255127,54.45365524291992
245,players,15,0.0,,
245,players,16,0.0,,
245,players,11,1.0,,
245,players,103,0.0,,
245,players,7,0.0,22.9233341217041,25.816255569458008
245,players,86,1.0,1.1067023277282715,37.349098205566406
245,players,3,0.0,20.41860008239746,47.88848114013672
245,players,111,1.0,16.40581703186035,18.672489166259766
245,players,17,1.0,20.16707992553711,34.01716232299805
246,players,9,0.0,13.070114135742188,36.44984817504883
246,players,4,1.0,12.749385833740234,61.11970520019531
246,players,21,0.0,22.175010681152344,58.37213897705078
246,players,8,0.0,10.16209888458252,46.646263122558594
246,players,131,1.0,,
246,players,132,0.0,,
246,players,1,1.0,16.974714279174805,43.95616912841797
246,players,5,1.0,10.436802864074707,37.20283889770508
246,players,18,1.0,,
246,players,14,1.0,6.554971694946289,54.49435043334961
246,players,10,0.0,21.88661003112793,35.75092315673828
246,players,15,0.0,,
246,players,3,0.0,20.414554595947266,47.84877014160156
246,players,7,0.0,22.869064331054688,25.918256759643555
246,players,16,0.0,,
246,players,11,1.0,,
246,players,103,0.0,,
246,players,86,1.0,1.1440017223358154,37.417049407958984
246,players,111,1.0,16.385986328125,18.70272445678711
247,players,4,1.0,12.73652172088623,61.11644744873047
247,players,9,0.0,13.015955924987793,36.42201232910156
247,players,131,1.0,,
247,players,21,0.0,22.157390594482422,58.35667419433594
247,players,3,0.0,20.406108856201172,47.69339370727539
247,players,8,0.0,10.136055946350098,46.68562316894531
247,players,132,0.0,,
247,players,5,1.0,10.422760963439941,37.13972854614258
247,players,1,1.0,16.957977294921875,43.92998123168945
247,players,7,0.0,22.783584594726562,25.89971160888672
247,players,14,1.0,6.549688816070557,54.49515914916992
247,players,18,1.0,,
247,players,15,0.0,,
247,players,10,0.0,21.81766128540039,35.79150390625
247,players,16,0.0,,
247,players,11,1.0,,
247,players,86,1.0,1.145404577255249,37.273319244384766
247,players,103,0.0,,
247,players,111,1.0,16.29534149169922,18.921077728271484
247,players,133,1.0,22.83938217163086,30.620594024658203
248,players,3,0.0,20.383289337158203,47.742801666259766
248,players,4,1.0,12.741386413574219,61.131404876708984
248,players,131,1.0,,
248,players,9,0.0,12.97558307647705,36.42717742919922
248,players,8,0.0,10.139148712158203,46.782257080078125
248,players,7,0.0,22.738834381103516,25.94752311706543
248,players,5,1.0,10.429134368896484,37.10984802246094
248,players,14,1.0,6.5649003982543945,54.54030227661133
248,players,21,0.0,22.147621154785156,58.329376220703125
248,players,132,0.0,,
248,players,18,1.0,,
248,players,15,0.0,,
248,players,10,0.0,21.76532554626465,35.88806915283203
248,players,16,0.0,,
248,players,11,1.0,,
248,players,1,1.0,16.909343719482422,43.96076202392578
248,players,103,0.0,,
248,players,86,1.0,1.1899564266204834,37.20066833496094
248,players,111,1.0,16.243623733520508,18.69219207763672
249,players,3,0.0,20.370203018188477,47.840728759765625
249,players,4,1.0,12.753673553466797,61.167823791503906
249,players,9,0.0,12.89462661743164,36.5523567199707
249,players,131,1.0,,
249,players,8,0.0,10.140717506408691,46.82974624633789
249,players,7,0.0,22.628509521484375,26.194007873535156
249,players,15,0.0,,
249,players,5,1.0,10.428016662597656,37.12690353393555
249,players,14,1.0,6.57684326171875,54.604583740234375
249,players,21,0.0,22.090600967407227,58.456729888916016
249,players,132,0.0,,
249,players,18,1.0,,
249,players,10,0.0,21.751832962036133,35.91407012939453
249,players,16,0.0,,
249,players,11,1.0,,
249,players,111,1.0,16.22371482849121,18.68264389038086
249,players,103,0.0,,
249,players,86,1.0,1.2531810998916626,37.43921661376953
249,players,1,1.0,16.90882682800293,43.92927932739258
249,players,133,1.0,22.95299530029297,30.679424285888672
250,players,3,0.0,20.376386642456055,47.75114440917969
250,players,4,1.0,12.763818740844727,61.11640167236328
250,players,7,0.0,22.616418838500977,26.16845703125
250,players,131,1.0,,
250,players,8,0.0,10.11612319946289,46.87343978881836
250,players,15,0.0,,
250,players,14,1.0,6.573121547698975,54.58091354370117
250,players,21,0.0,22.058578491210938,58.462284088134766
250,players,132,0.0,,
250,players,5,1.0,10.426843643188477,36.865753173828125
250,players,111,1.0,16.156274795532227,18.71436882019043
250,players,10,0.0,21.730358123779297,35.92263412475586
250,players,18,1.0,,
250,players,16,0.0,,
250,players,11,1.0,,
250,players,103,0.0,,
250,players,1,1.0,16.8590145111084,43.859352111816406
250,players,9,0.0,12.800572395324707,36.38306427001953
250,players,133,1.0,22.979251861572266,30.621322631835938
250,players,86,1.0,1.2627880573272705,37.50886917114258
251,players,3,0.0,20.371374130249023,47.75496292114258
251,players,4,1.0,12.76123332977295,61.12122344970703
251,players,7,0.0,22.626317977905273,26.071706771850586
251,players,1,1.0,16.84144401550293,43.753692626953125
251,players,131,1.0,,
251,players,8,0.0,10.105184555053711,46.90198516845703
251,players,15,0.0,,
251,players,14,1.0,6.578208923339844,54.59191131591797
251,players,132,0.0,,
251,players,5,1.0,10.42304515838623,36.88862991333008
251,players,21,0.0,22.02913475036621,58.43391036987305
251,players,111,1.0,16.14547348022461,18.711458206176758
251,players,18,1.0,,
251,players,10,0.0,21.71986198425293,35.882503509521484
251,players,11,1.0,,
251,players,16,0.0,,
251,players,103,0.0,,
251,players,9,0.0,12.72764778137207,36.506927490234375
251,players,86,1.0,1.301201581954956,37.43012619018555
251,players,133,1.0,22.991241455078125,30.661901473999023
251,players,135,1.0,22.5325927734375,32.58097839355469
252,players,3,0.0,20.373064041137695,47.73583984375
252,players,4,1.0,12.757648468017578,61.11900329589844
252,players,1,1.0,16.83125114440918,43.66324234008789
252,players,8,0.0,10.088025093078613,46.938140869140625
252,players,131,1.0,,
252,players,14,1.0,6.580539226531982,54.66767501831055
252,players,7,0.0,22.592815399169922,26.02687644958496
252,players,132,0.0,,
252,players,21,0.0,22.03118324279785,58.42067337036133
252,players,5,1.0,10.42553424835205,36.86860275268555
252,players,15,0.0,,
252,players,111,1.0,16.139394760131836,18.692611694335938
252,players,18,1.0,,
252,players,103,0.0,,
252,players,16,0.0,,
252,players,9,0.0,12.649778366088867,36.585147857666016
252,players,11,1.0,,
252,players,10,0.0,21.719419479370117,35.791107177734375
252,players,86,1.0,1.3326890468597412,37.434417724609375
252,players,133,1.0,23.02520751953125,30.596647262573242
252,players,17,1.0,20.016422271728516,33.91046142578125
252,players,135,1.0,22.41341781616211,33.10307312011719
253,players,4,1.0,12.755178451538086,61.10425567626953
253,players,3,0.0,20.3389949798584,47.71339797973633
253,players,14,1.0,6.593123912811279,54.68858337402344
253,players,8,0.0,10.079197883605957,46.943756103515625
253,players,131,1.0,,
253,players,1,1.0,16.824899673461914,43.62425231933594
253,players,15,0.0,,
253,players,5,1.0,10.42365837097168,36.877750396728516
253,players,132,0.0,,
253,players,111,1.0,16.112518310546875,18.77164077758789
253,players,9,0.0,12.610709190368652,36.57477951049805
253,players,7,0.0,22.581912994384766,26.01073455810547
253,players,18,1.0,,
253,players,21,0.0,22.005836486816406,58.32917022705078
253,players,103,0.0,,
253,players,17,1.0,20.00135040283203,33.83209228515625
253,players,16,0.0,,
253,players,11,1.0,,
253,players,86,1.0,1.3779410123825073,37.428741455078125
253,players,10,0.0,21.735088348388672,35.667503356933594
253,players,133,1.0,23.11924934387207,30.473888397216797
254,players,4,1.0,12.74500846862793,61.063255310058594
254,players,3,0.0,20.351545333862305,47.64463424682617
254,players,14,1.0,6.607468128204346,54.71016311645508
254,players,8,0.0,10.0748929977417,46.99479675292969
254,players,131,1.0,,
254,players,1,1.0,16.805437088012695,43.5623664855957
254,players,17,1.0,19.97442626953125,33.778446197509766
254,players,9,0.0,12.608957290649414,36.47612762451172
254,players,21,0.0,21.974754333496094,58.30669403076172
254,players,111,1.0,16.103044509887695,18.65723419189453
254,players,5,1.0,10.419013977050781,36.82401657104492
254,players,132,0.0,,
254,players,15,0.0,,
254,players,18,1.0,,
254,players,103,0.0,,
254,players,16,0.0,,
254,players,11,1.0,,
254,players,86,1.0,1.3952081203460693,37.38111114501953
254,players,10,0.0,21.714595794677734,35.60424041748047
254,players,7,0.0,22.53971290588379,25.893291473388672
254,players,133,1.0,23.139629364013672,30.408756256103516
255,players,4,1.0,12.749419212341309,61.06526565551758
255,players,3,0.0,20.332046508789062,47.66411209106445
255,players,14,1.0,6.626210689544678,54.749881744384766
255,players,17,1.0,19.94849967956543,33.69481658935547
255,players,8,0.0,10.062990188598633,47.0462760925293
255,players,1,1.0,16.78978157043457,43.469879150390625
255,players,111,1.0,16.039955139160156,18.63319969177246
255,players,21,0.0,21.96457862854004,58.30084991455078
255,players,9,0.0,12.574033737182617,36.43986892700195
255,players,131,1.0,,
255,players,5,1.0,10.41841983795166,36.81782913208008
255,players,132,0.0,,
255,players,18,1.0,,
255,players,15,0.0,,
255,players,103,0.0,,
255,players,16,0.0,,
255,players,86,1.0,1.4145429134368896,37.30459213256836
255,players,10,0.0,21.725656509399414,35.51177215576172
255,players,11,1.0,,
255,players,7,0.0,22.488704681396484,25.9804744720459
255,players,133,1.0,23.159425735473633,30.514488220214844
256,players,4,1.0,12.754231452941895,61.07127380371094
256,players,17,1.0,19.905643463134766,33.777381896972656
256,players,14,1.0,6.630547523498535,54.78708267211914
256,players,3,0.0,20.3215389251709,47.633514404296875
256,players,21,0.0,21.921274185180664,58.357418060302734
256,players,1,1.0,16.748733520507812,43.440948486328125
256,players,111,1.0,15.996999740600586,18.70137596130371
256,players,8,0.0,10.064366340637207,47.07954406738281
256,players,9,0.0,12.533126831054688,36.462100982666016
256,players,18,1.0,,
256,players,5,1.0,10.420268058776855,36.77107620239258
256,players,15,0.0,,
256,players,132,0.0,,
256,players,131,1.0,,
256,players,133,1.0,23.15596580505371,30.632898330688477
256,players,103,0.0,,
256,players,16,0.0,,
256,players,86,1.0,1.421265959739685,37.36030197143555
256,players,7,0.0,22.40874671936035,26.027570724487305
256,players,11,1.0,,
256,players,10,0.0,21.695878982543945,35.403228759765625
256,players,136,1.0,,
257,players,4,1.0,12.743494033813477,61.08238983154297
257,players,17,1.0,19.8892765045166,33.76899719238281
257,players,3,0.0,20.28969955444336,47.667564392089844
257,players,21,0.0,21.904287338256836,58.330078125
257,players,1,1.0,16.732036590576172,43.33635330200195
257,players,14,1.0,6.6402974128723145,54.75984573364258
257,players,111,1.0,15.960370063781738,18.71823501586914
257,players,8,0.0,10.052635192871094,47.093238830566406
257,players,18,1.0,,
257,players,131,1.0,,
257,players,15,0.0,,
257,players,9,0.0,12.521622657775879,36.418251037597656
257,players,5,1.0,10.417561531066895,36.794090270996094
257,players,103,0.0,,
257,players,16,0.0,,
257,players,7,0.0,22.341402053833008,26.116291046142578
257,players,133,1.0,23.172718048095703,30.59621810913086
257,players,86,1.0,1.4408843517303467,37.09298324584961
257,players,132,0.0,,
257,players,10,0.0,21.643341064453125,35.406795501708984
257,players,11,1.0,,
257,players,136,1.0,,
258,players,4,1.0,12.706480026245117,61.04646301269531
258,players,21,0.0,21.888957977294922,58.302085876464844
258,players,14,1.0,6.662336826324463,54.750186920166016
258,players,17,1.0,19.896663665771484,33.53437042236328
258,players,3,0.0,20.256956100463867,47.63599395751953
258,players,1,1.0,16.699180603027344,43.42695999145508
258,players,8,0.0,10.05882453918457,47.06892013549805
258,players,9,0.0,12.499589920043945,36.25046920776367
258,players,18,1.0,,
258,players,111,1.0,15.92101001739502,18.73869514465332
258,players,131,1.0,,
258,players,15,0.0,,
258,players,5,1.0,10.421438217163086,36.77784729003906
258,players,103,0.0,,
258,players,16,0.0,,
258,players,86,1.0,1.482677698135376,37.104461669921875
258,players,7,0.0,22.296377182006836,26.10427474975586
258,players,133,1.0,23.241775512695312,30.673145294189453
258,players,10,0.0,21.6307315826416,35.346187591552734
258,players,136,1.0,,
258,players,132,0.0,,
259,players,4,1.0,12.680133819580078,61.05426025390625
259,players,21,0.0,21.90856170654297,58.22978973388672
259,players,3,0.0,20.23611068725586,47.63593673706055
259,players,14,1.0,6.675780773162842,54.772491455078125
259,players,1,1.0,16.676647186279297,43.41189956665039
259,players,8,0.0,10.070124626159668,47.07065200805664
259,players,9,0.0,12.433094024658203,36.14122009277344
259,players,17,1.0,19.87997817993164,33.455177307128906
259,players,15,0.0,,
259,players,131,1.0,,
259,players,103,0.0,,
259,players,111,1.0,15.895968437194824,18.67536163330078
259,players,5,1.0,10.419099807739258,36.79821014404297
259,players,18,1.0,,
259,players,16,0.0,,
259,players,86,1.0,1.5155210494995117,37.046016693115234
259,players,7,0.0,22.282419204711914,26.015703201293945
259,players,10,0.0,21.603042602539062,35.3822021484375
259,players,133,1.0,23.259923934936523,30.738449096679688
259,players,136,0.0,,
259,players,132,0.0,,
260,players,4,1.0,12.669330596923828,61.04618453979492
260,players,14,1.0,6.679280757904053,54.77482604980469
260,players,3,0.0,20.177837371826172,47.69513702392578
260,players,21,0.0,21.88273811340332,58.22916793823242
260,players,1,1.0,16.650123596191406,43.39429473876953
260,players,8,0.0,10.064748764038086,47.06649398803711
260,players,17,1.0,19.866764068603516,33.40011978149414
260,players,103,1.0,,
260,players,15,0.0,,
260,players,9,0.0,12.351162910461426,35.92193603515625
260,players,111,1.0,15.850702285766602,18.74604034423828
260,players,5,1.0,10.425954818725586,36.79309844970703
260,players,18,1.0,,
260,players,16,0.0,,
260,players,131,1.0,,
260,players,86,1.0,1.56110680103302,37.17210388183594
260,players,7,0.0,22.256784439086914,25.973329544067383
260,players,10,0.0,21.592466354370117,35.20628356933594
260,players,132,0.0,,
261,players,4,1.0,12.662264823913574,61.04104995727539
261,players,14,1.0,6.677596092224121,54.772865295410156
261,players,1,1.0,16.620372772216797,43.356014251708984
261,players,3,0.0,20.140682220458984,47.69881820678711
261,players,131,1.0,,
261,players,21,0.0,21.886072158813477,58.19703674316406
261,players,8,0.0,10.074875831604004,47.044551849365234
261,players,17,1.0,19.87763023376465,33.13787841796875
261,players,5,1.0,10.428857803344727,36.787200927734375
261,players,103,0.0,,
261,players,15,0.0,,
261,players,18,1.0,,
261,players,7,0.0,22.234281539916992,25.90412139892578
261,players,16,0.0,,
261,players,10,0.0,21.553695678710938,35.247711181640625
261,players,111,1.0,15.831390380859375,18.868865966796875
261,players,86,1.0,1.598857045173645,37.07773971557617
261,players,9,0.0,12.276538848876953,35.81686782836914
261,players,136,0.0,,
261,players,133,1.0,23.315250396728516,30.754945755004883
261,players,132,0.0,,
262,players,4,1.0,12.652355194091797,61.046451568603516
262,players,1,1.0,16.567291259765625,43.316383361816406
262,players,131,1.0,,
262,players,14,1.0,6.683318138122559,54.772220611572266
262,players,3,1.0,20.098613739013672,47.705421447753906
262,players,8,0.0,10.076282501220703,47.06797409057617
262,players,103,0.0,,
262,players,21,0.0,21.856916427612305,58.24051284790039
262,players,10,0.0,21.515827178955078,35.330379486083984
262,players,17,1.0,19.87256622314453,33.00238800048828
262,players,5,1.0,10.434749603271484,36.74087905883789
262,players,15,0.0,,
262,players,18,1.0,,
262,players,86,1.0,1.6920750141143799,37.191551208496094
262,players,7,0.0,22.2330322265625,25.78287124633789
262,players,16,0.0,,
262,players,111,1.0,15.821741104125977,18.95494842529297
262,players,136,0.0,,
262,players,9,0.0,12.18252182006836,35.9510612487793
262,players,132,0.0,,
263,players,4,1.0,12.642637252807617,61.01275634765625
263,players,1,1.0,16.567363739013672,43.31212615966797
263,players,131,1.0,,
263,players,3,1.0,20.08563995361328,47.71384048461914
263,players,14,1.0,6.685760974884033,54.76506042480469
263,players,103,0.0,,
263,players,8,0.0,10.092289924621582,47.061458587646484
263,players,10,0.0,21.503015518188477,35.31925964355469
263,players,9,0.0,12.161954879760742,36.045654296875
263,players,5,1.0,10.4415283203125,36.70473098754883
263,players,21,0.0,21.82465362548828,58.297401428222656
263,players,7,0.0,22.161991119384766,25.885120391845703
263,players,15,0.0,,
263,players,17,1.0,19.91313362121582,32.595359802246094
263,players,86,1.0,1.6954803466796875,37.16193771362305
263,players,18,1.0,,
263,players,16,0.0,,
263,players,111,1.0,15.797754287719727,18.90566635131836
263,players,136,0.0,,
263,players,132,0.0,,
264,players,1,1.0,16.58154296875,43.24443054199219
264,players,4,1.0,12.641708374023438,61.00572204589844
264,players,131,1.0,,
264,players,3,1.0,20.087106704711914,47.707496643066406
264,players,103,0.0,,
264,players,8,0.0,10.09355640411377,47.04228591918945
264,players,14,1.0,6.686755180358887,54.756534576416016
264,players,10,0.0,21.484806060791016,35.28775405883789
264,players,9,0.0,12.079352378845215,36.03166198730469
264,players,5,1.0,10.44375228881836,36.744747161865234
264,players,21,0.0,21.827680587768555,58.25010299682617
264,players,86,1.0,1.7266758680343628,37.195457458496094
264,players,7,0.0,22.191648483276367,25.77315902709961
264,players,15,0.0,,
264,players,17,1.0,19.882822036743164,32.576351165771484
264,players,16,0.0,,
264,players,18,1.0,,
264,players,111,1.0,15.79280948638916,18.90592384338379
264,players,132,0.0,,
265,players,1,1.0,16.585174560546875,43.191200256347656
265,players,131,1.0,,
265,players,4,1.0,12.623249053955078,61.00550079345703
265,players,10,0.0,21.434293746948242,35.3041877746582
265,players,3,1.0,20.051467895507812,47.71366500854492
265,players,103,0.0,,
265,players,8,0.0,10.112641334533691,47.04203796386719
265,players,14,1.0,6.683866500854492,54.74987030029297
265,players,5,1.0,10.433948516845703,36.7936897277832
265,players,21,0.0,21.75338363647461,58.331722259521484
265,players,86,1.0,1.7244617938995361,37.23775863647461
265,players,9,0.0,11.978926658630371,35.94575119018555
265,players,7,0.0,22.152332305908203,25.72933006286621
265,players,17,1.0,19.869409561157227,32.49521255493164
265,players,15,0.0,,
265,players,18,1.0,,
265,players,111,1.0,15.790297508239746,18.882980346679688
265,players,16,0.0,,
265,players,132,0.0,,
265,players,136,0.0,,
266,players,1,1.0,16.565879821777344,43.19693374633789
266,players,131,1.0,,
266,players,4,1.0,12.599017143249512,61.00766372680664
266,players,10,0.0,21.4329891204834,35.336238861083984
266,players,3,1.0,20.046178817749023,47.731101989746094
266,players,14,1.0,6.686286449432373,54.769039154052734
266,players,103,0.0,,
266,players,8,0.0,10.158563613891602,47.06379699707031
266,players,21,0.0,21.7368106842041,58.309425354003906
266,players,5,1.0,10.45141887664795,36.75606155395508
266,players,7,0.0,22.0867919921875,25.872703552246094
266,players,9,0.0,11.872208595275879,36.10068893432617
266,players,86,1.0,1.7275066375732422,37.284339904785156
266,players,15,0.0,,
266,players,18,1.0,,
266,players,16,0.0,,
266,players,17,1.0,19.812368392944336,32.48151779174805
266,players,111,1.0,15.766680717468262,18.987957000732422
266,players,132,0.0,,
267,players,4,1.0,12.588168144226074,61.006229400634766
267,players,131,1.0,,
267,players,1,1.0,16.52246856689453,43.15803146362305
267,players,3,1.0,20.05704116821289,47.61899185180664
267,players,14,1.0,6.685443878173828,54.76863479614258
267,players,10,0.0,21.47873306274414,35.10708999633789
267,players,8,0.0,10.174259185791016,47.04942321777344
267,players,21,0.0,21.741485595703125,58.27921676635742
267,players,5,1.0,10.451191902160645,36.799190521240234
267,players,9,0.0,11.752116203308105,36.205020904541016
267,players,103,0.0,,
267,players,7,0.0,22.1256103515625,25.65525245666504
267,players,86,1.0,1.7036556005477905,37.16361999511719
267,players,15,0.0,,
267,players,17,1.0,19.751083374023438,32.60878372192383
267,players,16,0.0,,
267,players,18,1.0,,
267,players,132,0.0,,
267,players,111,1.0,15.759572982788086,19.001083374023438
267,players,11,1.0,,
268,players,4,1.0,12.574198722839355,60.99140548706055
268,players,14,1.0,6.666048526763916,54.755706787109375
268,players,10,0.0,21.435565948486328,35.13955307006836
268,players,3,1.0,20.06824493408203,47.57025146484375
268,players,131,1.0,,
268,players,8,0.0,10.189255714416504,47.060237884521484
268,players,21,0.0,21.713518142700195,58.32408142089844
268,players,103,0.0,,
268,players,5,1.0,10.453537940979004,36.84925079345703
268,players,9,0.0,11.684605598449707,36.18791580200195
268,players,7,0.0,22.050804138183594,25.602970123291016
268,players,1,1.0,16.522342681884766,42.944942474365234
268,players,15,0.0,,
268,players,17,1.0,19.74164581298828,32.566688537597656
268,players,86,1.0,1.68837308883667,37.133453369140625
268,players,136,0.0,,
268,players,133,1.0,,
268,players,11,1.0,,
269,players,4,1.0,12.547303199768066,60.929691314697266
269,players,14,1.0,6.648474216461182,54.78827667236328
269,players,10,0.0,21.422527313232422,34.96902084350586
269,players,3,0.0,20.098920822143555,47.471561431884766
269,players,8,0.0,10.2046480178833,47.035892486572266
269,players,131,1.0,,
269,players,21,0.0,21.709415435791016,58.29037094116211
269,players,103,0.0,,
269,players,1,1.0,16.48130989074707,42.88737487792969
269,players,5,1.0,10.451306343078613,36.86019515991211
269,players,9,0.0,11.620469093322754,36.15497589111328
269,players,17,1.0,19.734872817993164,32.49248504638672
269,players,15,0.0,,
269,players,7,0.0,22.003511428833008,25.546424865722656
269,players,16,0.0,,
269,players,133,1.0,,
269,players,86,1.0,1.6621253490447998,37.14225769042969
269,players,11,1.0,,
269,players,136,1.0,,
270,players,14,1.0,6.627622604370117,54.78509521484375
270,players,4,1.0,12.529330253601074,60.876346588134766
270,players,10,0.0,21.408700942993164,34.9654426574707
270,players,3,0.0,20.13698387145996,47.375572204589844
270,players,8,0.0,10.222610473632812,47.005615234375
270,players,21,0.0,21.681215286254883,58.32863998413086
270,players,103,0.0,,
270,players,1,1.0,16.44330596923828,42.91859817504883
270,players,5,1.0,10.43288516998291,36.87856674194336
270,players,131,1.0,,
270,players,9,0.0,11.588563919067383,35.973060607910156
270,players,17,1.0,19.691129684448242,32.421138763427734
270,players,15,0.0,,
270,players,16,1.0,,
270,players,11,1.0,,
270,players,136,1.0,,
270,players,18,1.0,,
271,players,4,1.0,12.486913681030273,60.870018005371094
271,players,14,1.0,6.606966495513916,54.799156188964844
271,players,10,0.0,21.383359909057617,34.99983596801758
271,players,21,0.0,21.67005729675293,58.33761215209961
271,players,8,0.0,10.225687980651855,47.01930618286133
271,players,3,0.0,20.148635864257812,47.350852966308594
271,players,1,1.0,16.41139030456543,42.961395263671875
271,players,103,0.0,,
271,players,9,0.0,11.522771835327148,36.36513900756836
271,players,5,1.0,10.42349910736084,36.86885070800781
271,players,17,1.0,19.649240493774414,32.429161071777344
271,players,15,0.0,,
271,players,11,1.0,,
271,players,16,1.0,,
271,players,18,1.0,,
272,players,4,1.0,12.460755348205566,60.84860610961914
272,players,8,0.0,10.225598335266113,47.058326721191406
272,players,21,0.0,21.647462844848633,58.38903045654297
272,players,14,1.0,6.568706512451172,54.798030853271484
272,players,3,0.0,20.172285079956055,47.30680465698242
272,players,10,0.0,21.33972930908203,34.98735046386719
272,players,1,1.0,16.381391525268555,43.02218246459961
272,players,103,0.0,,
272,players,9,0.0,11.468912124633789,36.36520004272461
272,players,17,1.0,19.63164710998535,32.41120910644531
272,players,5,1.0,10.411493301391602,36.98130798339844
272,players,15,0.0,,
272,players,18,1.0,,
272,players,11,1.0,,
272,players,16,1.0,,
273,players,4,1.0,12.4041166305542,60.85867691040039
273,players,21,0.0,21.642398834228516,58.38060760498047
273,players,8,0.0,10.23560905456543,47.05055236816406
273,players,14,1.0,6.557642459869385,54.826080322265625
273,players,103,0.0,,
273,players,17,1.0,19.56755828857422,32.49154281616211
273,players,3,0.0,20.156190872192383,47.261722564697266
273,players,1,1.0,16.368825912475586,42.96502685546875
273,players,10,0.0,21.288320541381836,35.05224609375
273,players,9,0.0,11.401698112487793,36.2291259765625
273,players,5,1.0,10.393770217895508,37.00384521484375
273,players,18,1.0,,
273,players,15,0.0,,
273,players,11,1.0,,
273,players,16,1.0,,
273,players,131,1.0,,
274,players,1,1.0,16.339927673339844,42.92289733886719
274,players,4,1.0,12.336372375488281,60.97013854980469
274,players,21,0.0,21.629362106323242,58.418148040771484
274,players,8,0.0,10.224583625793457,47.073890686035156
274,players,14,1.0,6.550083160400391,54.85691452026367
274,players,17,1.0,19.483444213867188,32.593875885009766
274,players,131,1.0,,
274,players,103,0.0,,
274,players,3,0.0,20.137781143188477,47.264007568359375
274,players,9,0.0,11.268855094909668,36.43583679199219
274,players,5,1.0,10.377379417419434,37.1611213684082
274,players,18,1.0,,
274,players,15,0.0,,
274,players,11,1.0,,
274,players,10,0.0,21.25322914123535,35.065643310546875
274,players,16,1.0,,
275,players,1,1.0,16.281238555908203,42.940574645996094
275,players,4,1.0,12.305410385131836,60.96954345703125
275,players,21,0.0,21.63083267211914,58.43315124511719
275,players,14,1.0,6.529206275939941,54.84142303466797
275,players,8,0.0,10.21419906616211,47.199989318847656
275,players,131,1.0,,
275,players,17,1.0,19.454559326171875,32.588165283203125
275,players,3,0.0,20.10236930847168,47.33155059814453
275,players,103,0.0,,
275,players,9,0.0,11.188417434692383,36.508602142333984
275,players,5,1.0,10.356098175048828,37.34766387939453
275,players,18,1.0,,
275,players,7,0.0,21.617473602294922,25.99236488342285
275,players,15,0.0,,
275,players,11,1.0,,
275,players,16,0.0,,
275,players,10,0.0,21.236574172973633,35.096073150634766
276,players,1,1.0,16.26041603088379,43.02360534667969
276,players,4,1.0,12.23634147644043,60.975650787353516
276,players,14,1.0,6.50394344329834,54.844444274902344
276,players,21,0.0,21.632295608520508,58.41314697265625
276,players,131,1.0,,
276,players,8,0.0,10.208307266235352,47.23798751831055
276,players,17,1.0,19.393325805664062,32.61100769042969
276,players,103,0.0,,
276,players,5,1.0,10.337929725646973,37.46159744262695
276,players,3,0.0,20.0800838470459,47.28134536743164
276,players,9,0.0,11.146421432495117,36.47406005859375
276,players,7,0.0,21.606525421142578,25.951135635375977
276,players,18,1.0,,
276,players,15,0.0,,
276,players,133,1.0,,
276,players,11,1.0,,
276,players,16,0.0,,
277,players,1,1.0,16.24773406982422,43.057167053222656
277,players,4,1.0,12.169812202453613,61.02446365356445
277,players,14,1.0,6.491839408874512,54.862586975097656
277,players,21,0.0,21.610048294067383,58.45875549316406
277,players,131,1.0,,
277,players,8,0.0,10.197159767150879,47.34427261352539
277,players,17,1.0,19.410564422607422,32.339759826660156
277,players,103,0.0,,
277,players,3,0.0,20.054479598999023,47.23703384399414
277,players,5,1.0,10.321478843688965,37.506656646728516
277,players,7,0.0,21.603776931762695,25.95769500732422
277,players,9,0.0,11.036669731140137,37.07945251464844
277,players,15,1.0,,
277,players,18,1.0,,
277,players,16,0.0,,
278,players,4,1.0,12.166403770446777,60.998573303222656
278,players,1,1.0,16.23830223083496,43.027896881103516
278,players,14,1.0,6.490373611450195,54.8518180847168
278,players,21,0.0,21.60981559753418,58.45656967163086
278,players,131,1.0,,
278,players,8,0.0,10.199551582336426,47.33268737792969
278,players,17,1.0,19.396072387695312,32.13328552246094
278,players,3,0.0,20.018808364868164,47.25071716308594
278,players,103,0.0,,
278,players,5,1.0,10.304121017456055,37.46785354614258
278,players,15,1.0,,
278,players,7,0.0,21.595130920410156,25.90203857421875
278,players,18,1.0,,
278,players,9,0.0,10.90405559539795,37.291954040527344
278,players,16,0.0,,
278,players,133,1.0,,
279,players,4,1.0,12.134660720825195,60.98126983642578
279,players,14,1.0,6.472772598266602,54.82380676269531
279,players,1,1.0,16.228212356567383,42.991172790527344
279,players,21,0.0,21.604833602905273,58.458553314208984
279,players,3,0.0,19.978378295898438,47.23530197143555
279,players,17,1.0,19.342418670654297,32.16990280151367
279,players,131,1.0,,
279,players,8,0.0,10.193934440612793,47.334754943847656
279,players,103,0.0,,
279,players,7,0.0,21.551509857177734,25.74810028076172
279,players,5,1.0,10.299159049987793,37.46883773803711
279,players,15,1.0,,
279,players,9,0.0,10.740059852600098,37.80345916748047
279,players,18,1.0,,
279,players,16,0.0,,
280,players,4,1.0,12.104300498962402,60.94628143310547
280,players,14,1.0,6.467525482177734,54.81711196899414
280,players,3,0.0,19.98247718811035,47.19159698486328
280,players,21,0.0,21.604572296142578,58.45018005371094
280,players,1,1.0,16.218259811401367,42.951873779296875
280,players,17,1.0,19.310436248779297,32.18528366088867
280,players,131,1.0,,
280,players,8,0.0,10.18893814086914,47.36091613769531
280,players,103,0.0,,
280,players,7,0.0,21.526344299316406,25.791080474853516
280,players,5,1.0,10.295928955078125,37.491947174072266
280,players,9,0.0,10.684447288513184,37.86301803588867
280,players,15,1.0,,
280,players,18,1.0,,
280,players,16,0.0,,
281,players,4,1.0,12.102252006530762,60.95372009277344
281,players,14,1.0,6.447547435760498,54.7951545715332
281,players,3,0.0,19.99259376525879,47.169517517089844
281,players,21,0.0,21.607345581054688,58.435733795166016
281,players,1,1.0,16.18084144592285,42.88937759399414
281,players,131,1.0,,
281,players,8,0.0,10.18906021118164,47.365116119384766
281,players,17,1.0,19.252796173095703,32.150360107421875
281,players,103,0.0,,
281,players,7,0.0,21.495746612548828,25.82097053527832
281,players,5,1.0,10.288177490234375,37.477294921875
281,players,9,0.0,10.650635719299316,37.79561233520508
281,players,136,1.0,,
281,players,18,1.0,,
281,players,15,1.0,,
281,players,16,0.0,,
282,players,4,1.0,12.078727722167969,60.93336486816406
282,players,3,0.0,19.99565315246582,47.144989013671875
282,players,14,1.0,6.430292129516602,54.75468826293945
282,players,21,0.0,21.61453628540039,58.417015075683594
282,players,131,1.0,,
282,players,1,1.0,16.159103393554688,42.88688659667969
282,players,8,0.0,10.184861183166504,47.34138107299805
282,players,17,1.0,19.222997665405273,32.187355041503906
282,players,7,0.0,21.44950294494629,25.861083984375
282,players,103,0.0,,
282,players,5,1.0,10.274009704589844,37.426517486572266
282,players,9,0.0,10.622861862182617,37.789833068847656
282,players,136,1.0,,
282,players,15,1.0,,
282,players,18,1.0,,
282,players,16,0.0,,
282,players,132,0.0,,
283,players,4,1.0,12.058880805969238,60.912235260009766
283,players,14,1.0,6.403249263763428,54.703346252441406
283,players,3,0.0,19.98141098022461,47.13810348510742
283,players,21,0.0,21.622419357299805,58.395904541015625
283,players,1,1.0,16.146909713745117,42.7830810546875
283,players,8,0.0,10.177876472473145,47.3520393371582
283,players,7,0.0,21.429149627685547,25.846851348876953
283,players,103,1.0,,
283,players,131,1.0,,
283,players,17,1.0,19.202529907226562,32.10810089111328
283,players,136,1.0,,
283,players,9,0.0,10.618515968322754,37.70634078979492
283,players,5,1.0,10.184381484985352,37.65922164916992
283,players,16,0.0,,
283,players,139,1.0,,
283,players,132,0.0,,
283,players,18,1.0,,
284,players,3,0.0,19.990325927734375,47.13399124145508
284,players,14,1.0,6.342885494232178,54.68690490722656
284,players,4,1.0,12.026415824890137,60.885986328125
284,players,21,0.0,21.63690948486328,58.371116638183594
284,players,1,1.0,16.092206954956055,42.86623764038086
284,players,8,0.0,10.17271900177002,47.32382583618164
284,players,7,0.0,21.410417556762695,25.768747329711914
284,players,103,1.0,,
284,players,131,1.0,,
284,players,136,1.0,,
284,players,5,0.0,10.430095672607422,37.82575225830078
284,players,9,0.0,10.566722869873047,37.85578536987305
284,players,16,0.0,,
284,players,132,0.0,,
284,players,139,1.0,,
285,players,21,0.0,21.653841018676758,58.34357833862305
285,players,14,1.0,6.2951884269714355,54.66130447387695
285,players,3,0.0,19.9808292388916,47.04994201660156
285,players,4,1.0,11.986337661743164,60.88791275024414
285,players,8,0.0,10.166580200195312,47.34974670410156
285,players,1,1.0,16.041080474853516,42.978179931640625
285,players,131,1.0,,
285,players,7,0.0,21.357467651367188,25.800411224365234
285,players,103,1.0,,
285,players,9,0.0,10.296807289123535,38.01976013183594
285,players,136,1.0,,
285,players,15,1.0,,
285,players,16,0.0,,
285,players,141,1.0,15.676063537597656,19.04561424255371
285,players,17,1.0,19.075952529907227,31.89342498779297
285,players,10,0.0,21.109766006469727,34.736576080322266
285,players,132,0.0,,
285,players,18,1.0,,
286,players,4,1.0,11.952728271484375,60.90250778198242
286,players,21,0.0,21.67003631591797,58.33974838256836
286,players,3,0.0,19.956071853637695,47.071311950683594
286,players,14,1.0,6.231557846069336,54.616703033447266
286,players,8,0.0,10.17575740814209,47.33135986328125
286,players,131,1.0,,
286,players,103,1.0,,
286,players,7,0.0,21.327880859375,25.81505012512207
286,players,9,0.0,10.246087074279785,38.11726760864258
286,players,17,1.0,19.05992317199707,31.803007125854492
286,players,136,1.0,,
286,players,1,1.0,16.00818634033203,43.013702392578125
286,players,15,1.0,,
286,players,16,0.0,,
286,players,10,0.0,21.117218017578125,34.73270797729492
286,players,141,1.0,15.686336517333984,19.06743621826172
286,players,142,0.0,,
286,players,132,0.0,,
287,players,21,0.0,21.690107345581055,58.35807418823242
287,players,4,1.0,11.93172550201416,60.89677429199219
287,players,14,1.0,6.1750640869140625,54.60834503173828
287,players,7,0.0,21.25359535217285,25.979633331298828
287,players,3,0.0,19.92141342163086,47.02762985229492
287,players,8,0.0,10.173895835876465,47.3677978515625
287,players,17,1.0,19.026714324951172,31.792436599731445
287,players,131,1.0,,
287,players,9,0.0,10.08635425567627,38.40869903564453
287,players,103,1.0,,
287,players,136,1.0,,
287,players,10,0.0,21.0989933013916,34.80125427246094
287,players,1,1.0,15.993819236755371,43.01127243041992
287,players,86,1.0,1.7726649045944214,37.82394027709961
287,players,15,1.0,,
287,players,16,0.0,,
287,players,141,1.0,15.694729804992676,19.077531814575195
287,players,132,0.0,,
287,players,142,0.0,,
288,players,7,0.0,21.16802406311035,26.22542953491211
288,players,4,1.0,11.870072364807129,60.95090866088867
288,players,17,1.0,18.94025993347168,31.93345832824707
288,players,21,0.0,21.663719177246094,58.41477584838867
288,players,14,1.0,6.11947774887085,54.7152099609375
288,players,8,0.0,10.146056175231934,47.47684097290039
288,players,3,0.0,19.80898666381836,47.10110092163086
288,players,131,1.0,,
288,players,103,1.0,,
288,players,10,0.0,21.026813507080078,34.94973373413086
288,players,136,1.0,,
288,players,9,0.0,10.060873985290527,38.47526550292969
288,players,86,1.0,1.7878836393356323,37.935035705566406
288,players,1,1.0,15.919344902038574,43.10651779174805
288,players,16,0.0,,
288,players,142,0.0,,
288,players,141,1.0,15.649186134338379,19.254465103149414
288,players,132,0.0,,
289,players,4,1.0,11.837874412536621,60.95783996582031
289,players,17,1.0,18.95033836364746,31.725221633911133
289,players,21,0.0,21.677431106567383,58.411251068115234
289,players,7,0.0,21.11003875732422,26.321557998657227
289,players,14,1.0,6.098724842071533,54.705711364746094
289,players,131,1.0,,
289,players,8,0.0,10.16915225982666,47.48088455200195
289,players,3,0.0,19.775880813598633,47.132755279541016
289,players,10,0.0,21.002025604248047,34.986366271972656
289,players,103,1.0,,
289,players,136,1.0,,
289,players,1,1.0,15.866877555847168,43.11241149902344
289,players,5,1.0,10.144911766052246,38.34737014770508
289,players,86,1.0,1.8511306047439575,37.92726516723633
289,players,9,0.0,9.84147834777832,38.466529846191406
289,players,142,0.0,,
289,players,16,0.0,,
289,players,141,1.0,15.672367095947266,19.236242294311523
289,players,132,0.0,,
289,players,18,1.0,,
290,players,4,1.0,11.813765525817871,60.89609146118164
290,players,21,0.0,21.71933937072754,58.40282440185547
290,players,17,1.0,18.943344116210938,31.70420265197754
290,players,1,1.0,15.862433433532715,43.05986404418945
290,players,131,1.0,,
290,players,8,0.0,10.187968254089355,47.44242477416992
290,players,3,0.0,19.75691795349121,47.142601013183594
290,players,7,0.0,21.14217185974121,26.203184127807617
290,players,14,1.0,6.092824459075928,54.67097473144531
290,players,10,0.0,21.035320281982422,34.92863082885742
290,players,136,1.0,,
290,players,103,1.0,,
290,players,5,1.0,10.145528793334961,38.33976745605469
290,players,86,1.0,1.9020735025405884,37.702938079833984
290,players,9,0.0,9.857667922973633,38.27651596069336
290,players,142,0.0,,
290,players,141,1.0,15.729369163513184,19.102853775024414
290,players,16,0.0,,
290,players,18,1.0,,
290,players,132,0.0,,
291,players,4,1.0,11.757719039916992,60.961002349853516
291,players,14,1.0,6.048766613006592,54.66312789916992
291,players,21,0.0,21.698871612548828,58.446388244628906
291,players,17,1.0,18.84621810913086,31.805105209350586
291,players,131,1.0,,
291,players,1,1.0,15.815421104431152,43.12561798095703
291,players,8,0.0,10.175045013427734,47.48288345336914
291,players,3,0.0,19.680940628051758,47.26795196533203
291,players,10,0.0,20.965898513793945,35.12220001220703
291,players,7,0.0,21.070524215698242,26.363332748413086
291,players,5,1.0,10.09788703918457,38.31961441040039
291,players,136,1.0,,
291,players,103,1.0,,
291,players,86,1.0,1.9321080446243286,38.02589797973633
291,players,141,1.0,15.68833065032959,19.275569915771484
291,players,9,0.0,9.755992889404297,38.31474685668945
291,players,142,0.0,,
291,players,18,0.0,,
291,players,16,0.0,,
291,players,132,0.0,,
292,players,14,1.0,6.046035289764404,54.68748474121094
292,players,4,1.0,11.736498832702637,60.917137145996094
292,players,21,0.0,21.744796752929688,58.39958953857422
292,players,1,1.0,15.848639488220215,43.02261734008789
292,players,17,1.0,18.841445922851562,31.709644317626953
292,players,131,1.0,,
292,players,8,0.0,10.202731132507324,47.38294219970703
292,players,3,0.0,19.711986541748047,47.199588775634766
292,players,5,1.0,10.151219367980957,38.01609420776367
292,players,136,1.0,,
292,players,10,0.0,21.015762329101562,35.112831115722656
292,players,141,1.0,15.763444900512695,19.09361457824707
292,players,103,1.0,,
292,players,7,0.0,21.090377807617188,26.328128814697266
292,players,142,0.0,,
292,players,86,1.0,2.0094656944274902,38.032840728759766
292,players,18,0.0,,
292,players,16,0.0,,
292,players,9,0.0,9.715521812438965,38.21638107299805
292,players,132,0.0,,
293,players,14,1.0,6.021183490753174,54.66656494140625
293,players,4,1.0,11.684405326843262,60.944435119628906
293,players,1,1.0,15.841379165649414,43.0491828918457
293,players,21,0.0,21.727619171142578,58.45381546020508
293,players,131,1.0,,
293,players,8,0.0,10.197118759155273,47.39085006713867
293,players,9,0.0,9.48790168762207,38.68540954589844
293,players,3,0.0,19.69719123840332,47.19587707519531
293,players,17,1.0,18.770374298095703,31.702177047729492
293,players,18,0.0,,
293,players,5,1.0,10.120264053344727,37.74513244628906
293,players,136,1.0,,
293,players,141,1.0,15.783503532409668,19.105253219604492
293,players,7,0.0,21.07748031616211,26.314102172851562
293,players,142,0.0,,
293,players,86,1.0,2.079284906387329,38.24314880371094
293,players,16,0.0,,
293,players,10,0.0,21.01494598388672,35.169403076171875
293,players,132,0.0,,
294,players,4,1.0,11.671164512634277,60.919097900390625
294,players,14,1.0,5.991148948669434,54.643253326416016
294,players,21,0.0,21.730005264282227,58.47671127319336
294,players,1,1.0,15.825660705566406,43.05498504638672
294,players,8,0.0,10.194052696228027,47.38474655151367
294,players,131,1.0,,
294,players,3,0.0,19.700395584106445,47.188087463378906
294,players,9,0.0,9.341996192932129,38.867042541503906
294,players,10,0.0,21.031822204589844,35.15768051147461
294,players,136,1.0,,
294,players,5,1.0,10.132692337036133,37.75077819824219
294,players,18,0.0,,
294,players,141,1.0,15.798907279968262,19.18170928955078
294,players,7,0.0,21.13059425354004,26.02198028564453
294,players,17,1.0,18.703990936279297,31.90540885925293
294,players,142,0.0,,
294,players,86,1.0,2.1500818729400635,38.59226608276367
294,players,132,0.0,,
294,players,16,0.0,,
295,players,4,1.0,11.63938045501709,60.93159484863281
295,players,21,0.0,21.72769546508789,58.49239730834961
295,players,1,1.0,15.7791166305542,43.054161071777344
295,players,14,1.0,5.93592643737793,54.56110763549805
295,players,8,0.0,10.179670333862305,47.40163803100586
295,players,3,0.0,19.683265686035156,47.21519088745117
295,players,131,1.0,,
295,players,9,0.0,9.256864547729492,38.970489501953125
295,players,103,0.0,,
295,players,5,1.0,10.138453483581543,37.696346282958984
295,players,136,1.0,,
295,players,7,0.0,21.078983306884766,26.13851547241211
295,players,142,0.0,,
295,players,141,1.0,15.800840377807617,19.168563842773438
295,players,10,0.0,20.9984188079834,35.274925231933594
295,players,86,1.0,2.161261558532715,38.48081588745117
295,players,17,1.0,18.639625549316406,32.02741241455078
295,players,18,1.0,,
295,players,132,0.0,,
295,players,16,1.0,,
296,players,4,1.0,11.594691276550293,60.929481506347656
296,players,21,0.0,21.748865127563477,58.506675720214844
296,players,1,1.0,15.752002716064453,43.06492233276367
296,players,8,0.0,10.17852783203125,47.428836822509766
296,players,14,1.0,5.904932975769043,54.548583984375
296,players,9,0.0,9.176921844482422,38.905860900878906
296,players,3,0.0,19.697895050048828,47.200897216796875
296,players,131,1.0,,
296,players,5,1.0,10.150005340576172,37.73066329956055
296,players,141,1.0,15.798269271850586,19.454193115234375
296,players,18,0.0,,
296,players,7,0.0,21.051774978637695,26.143997192382812
296,players,136,1.0,,
296,players,86,1.0,2.221705198287964,38.83730697631836
296,players,142,0.0,,
296,players,17,1.0,18.62724494934082,31.955965042114258
296,players,16,1.0,,
296,players,132,0.0,,
296,players,10,0.0,20.9973201751709,35.31369400024414
297,players,21,0.0,21.783079147338867,58.52751922607422
297,players,1,1.0,15.72855281829834,43.07542419433594
297,players,4,1.0,11.570931434631348,60.905155181884766
297,players,14,1.0,5.867433547973633,54.50738525390625
297,players,8,0.0,10.167032241821289,47.50934982299805
297,players,86,1.0,2.2363405227661133,39.09516906738281
297,players,3,0.0,19.702537536621094,47.18122100830078
297,players,5,1.0,10.154458999633789,37.6592903137207
297,players,131,1.0,,
297,players,141,1.0,15.800789833068848,19.474956512451172
297,players,7,0.0,21.008947372436523,26.204866409301758
297,players,136,1.0,,
297,players,18,1.0,,
297,players,17,1.0,18.589881896972656,31.84319496154785
297,players,142,0.0,,
297,players,9,0.0,9.082096099853516,38.8956413269043
297,players,16,1.0,,
297,players,132,0.0,,
297,players,10,0.0,20.986303329467773,35.336326599121094
298,players,21,0.0,21.797590255737305,58.580013275146484
298,players,1,1.0,15.704263687133789,43.09789276123047
298,players,4,1.0,11.529998779296875,60.915443420410156
298,players,14,1.0,5.838583469390869,54.543087005615234
298,players,8,0.0,10.157388687133789,47.55121612548828
298,players,5,1.0,10.145955085754395,37.7286376953125
298,players,3,0.0,19.699737548828125,47.187408447265625
298,players,131,1.0,,
298,players,86,1.0,2.256740093231201,39.1380729675293
298,players,7,0.0,20.868860244750977,26.777097702026367
298,players,141,1.0,15.804648399353027,19.47304916381836
298,players,136,1.0,,
298,players,103,0.0,,
298,players,142,0.0,,
298,players,9,0.0,9.001103401184082,38.84674835205078
298,players,17,1.0,18.540395736694336,31.884340286254883
298,players,18,1.0,,
298,players,16,1.0,,
298,players,132,0.0,,
299,players,4,1.0,11.502180099487305,60.95130157470703
299,players,21,0.0,21.831716537475586,58.61762619018555
299,players,14,1.0,5.792177677154541,54.55816650390625
299,players,1,1.0,15.67967700958252,43.11984634399414
299,players,8,0.0,10.151801109313965,47.559017181396484
299,players,5,1.0,10.149636268615723,37.74651336669922
299,players,3,0.0,19.715381622314453,47.18878936767578
299,players,136,1.0,,
299,players,7,0.0,20.878381729125977,26.719215393066406
299,players,9,0.0,8.90416145324707,38.88581466674805
299,players,141,1.0,15.812695503234863,19.46218490600586
299,players,103,1.0,,
299,players,86,1.0,2.3572514057159424,39.126434326171875
299,players,142,0.0,,
299,players,17,1.0,18.50692367553711,31.90069580078125
299,players,131,1.0,,
299,players,18,1.0,,
299,players,16,1.0,,
299,players,132,0.0,,
300,players,4,1.0,11.469161033630371,61.0606689453125
300,players,14,1.0,5.7310791015625,54.69593811035156
300,players,1,1.0,15.656649589538574,43.1706657409668
300,players,21,0.0,21.844970703125,58.680564880371094
300,players,8,0.0,10.146728515625,47.57778549194336
300,players,5,1.0,10.142176628112793,37.9206428527832
300,players,3,0.0,19.733869552612305,47.22372817993164
300,players,9,0.0,8.807921409606934,38.980628967285156
300,players,86,1.0,2.4517111778259277,39.318328857421875
300,players,7,0.0,20.796506881713867,27.027860641479492
300,players,136,1.0,,
300,players,141,1.0,15.819857597351074,19.664888381958008
300,players,142,0.0,,
300,players,17,1.0,18.479660034179688,31.853633880615234
300,players,103,1.0,,
300,players,15,0.0,,
300,players,18,1.0,,
300,players,16,1.0,,
300,players,132,0.0,,
300,players,131,1.0,,
301,players,4,1.0,11.419722557067871,61.0703125
301,players,1,1.0,15.591453552246094,43.17555618286133
301,players,5,1.0,10.131376266479492,37.931060791015625
301,players,8,0.0,10.139714241027832,47.5455436706543
301,players,14,1.0,5.66545295715332,54.80418014526367
301,players,9,1.0,8.716889381408691,39.12947082519531
301,players,21,0.0,21.84661865234375,58.704105377197266
301,players,3,0.0,19.732656478881836,47.220821380615234
301,players,136,1.0,,
301,players,141,1.0,15.818809509277344,19.7608642578125
301,players,7,0.0,20.746707916259766,27.194856643676758
301,players,86,1.0,2.565232276916504,39.3396110534668
301,players,142,0.0,,
301,players,17,1.0,18.46112632751465,31.866113662719727
301,players,103,0.0,,
301,players,149,0.0,,
301,players,15,0.0,,
301,players,18,1.0,,
301,players,16,1.0,,
301,players,132,0.0,,
302,players,4,1.0,11.355798721313477,61.13608932495117
302,players,14,1.0,5.618378639221191,54.766326904296875
302,players,1,1.0,15.567001342773438,43.24997329711914
302,players,8,0.0,10.140128135681152,47.56236267089844
302,players,5,1.0,10.127800941467285,38.09883499145508
302,players,9,0.0,8.664950370788574,39.30837631225586
302,players,136,1.0,,
302,players,3,0.0,19.72911262512207,47.23341751098633
302,players,21,0.0,21.847705841064453,58.72852325439453
302,players,141,1.0,15.832883834838867,19.850263595581055
302,players,142,0.0,,
302,players,86,1.0,2.7281265258789062,39.43879699707031
302,players,7,0.0,20.725431442260742,27.275527954101562
302,players,17,1.0,18.44258689880371,31.92597198486328
302,players,15,0.0,,
302,players,18,1.0,,
302,players,103,0.0,,
302,players,132,0.0,,
302,players,16,1.0,,
303,players,4,1.0,11.301923751831055,61.22797775268555
303,players,14,1.0,5.602968692779541,54.890926361083984
303,players,8,0.0,10.139728546142578,47.601219177246094
303,players,136,1.0,,
303,players,1,1.0,15.567837715148926,43.26756286621094
303,players,21,0.0,21.84981346130371,58.78620529174805
303,players,9,0.0,8.584311485290527,39.518798828125
303,players,3,0.0,19.72934913635254,47.253639221191406
303,players,142,0.0,,
303,players,141,1.0,15.876044273376465,19.782787322998047
303,players,5,1.0,10.12142562866211,38.31736373901367
303,players,86,1.0,2.752931594848633,39.25857925415039
303,players,7,0.0,20.728975296020508,27.24114227294922
303,players,18,1.0,,
303,players,15,0.0,,
303,players,17,1.0,18.41646385192871,32.010677337646484
303,players,103,0.0,,
303,players,16,1.0,,
303,players,131,1.0,,
303,players,132,0.0,,
304,players,4,1.0,11.298385620117188,61.2377815246582
304,players,8,0.0,10.14481258392334,47.63718795776367
304,players,9,0.0,8.591435432434082,39.58074951171875
304,players,21,0.0,21.851282119750977,58.79899597167969
304,players,14,1.0,5.577627658843994,54.907188415527344
304,players,1,1.0,15.563837051391602,43.2543830871582
304,players,136,1.0,,
304,players,86,1.0,2.8582351207733154,39.22344970703125
304,players,3,0.0,19.736942291259766,47.24428176879883
304,players,142,0.0,,
304,players,103,0.0,,
304,players,141,1.0,15.904583930969238,19.818540573120117
304,players,18,1.0,,
304,players,7,0.0,20.737668991088867,27.244539260864258
304,players,5,1.0,10.136153221130371,38.3132438659668
304,players,15,0.0,,
304,players,17,1.0,18.424198150634766,31.955442428588867
304,players,131,1.0,,
304,players,146,1.0,17.684343338012695,11.483677864074707
304,players,16,1.0,,
304,players,132,0.0,,
305,players,4,1.0,11.283710479736328,61.22245407104492
305,players,136,1.0,,
305,players,8,0.0,10.157325744628906,47.68965530395508
305,players,21,0.0,21.853713989257812,58.805782318115234
305,players,9,0.0,8.58755874633789,39.72635269165039
305,players,1,1.0,15.583715438842773,43.17167282104492
305,players,103,1.0,,
305,players,14,1.0,5.572574615478516,54.91761016845703
305,players,3,0.0,19.744712829589844,47.23722457885742
305,players,131,1.0,,
305,players,86,1.0,2.9445042610168457,39.222389221191406
305,players,142,0.0,,
305,players,141,1.0,15.91387939453125,19.87346076965332
305,players,7,0.0,20.7797908782959,27.095251083374023
305,players,5,1.0,10.144091606140137,38.31926345825195
305,players,15,0.0,,
305,players,18,1.0,,
305,players,17,1.0,18.40503692626953,31.97862434387207
305,players,132,0.0,,
305,players,16,1.0,,
306,players,136,1.0,,
306,players,8,0.0,10.163528442382812,47.706146240234375
306,players,4,1.0,11.270709037780762,61.21660232543945
306,players,21,0.0,21.852115631103516,58.81425857543945
306,players,9,0.0,8.585721015930176,39.71689224243164
306,players,86,1.0,3.044577121734619,39.270633697509766
306,players,103,1.0,,
306,players,1,1.0,15.586003303527832,43.24954605102539
306,players,3,0.0,19.742183685302734,47.249637603759766
306,players,142,0.0,,
306,players,131,1.0,,
306,players,14,1.0,5.574528694152832,54.90703582763672
306,players,7,0.0,20.770858764648438,27.146942138671875
306,players,141,1.0,15.917263984680176,19.925811767578125
306,players,15,0.0,,
306,players,17,1.0,18.356273651123047,32.092281341552734
306,players,5,1.0,10.146435737609863,38.339622497558594
306,players,18,1.0,,
306,players,132,0.0,,
306,players,10,0.0,20.993385314941406,35.80131530761719
306,players,16,1.0,,
307,players,136,1.0,,
307,players,4,1.0,11.246077537536621,61.22283172607422
307,players,8,0.0,10.168471336364746,47.74003601074219
307,players,21,0.0,21.870433807373047,58.81935501098633
307,players,9,0.0,8.56152629852295,39.9301872253418
307,players,103,1.0,,
307,players,86,1.0,3.069185495376587,39.263771057128906
307,players,131,1.0,,
307,players,1,1.0,15.587566375732422,43.237266540527344
307,players,3,0.0,19.732498168945312,47.288185119628906
307,players,14,1.0,5.5963311195373535,54.89419937133789
307,players,17,1.0,18.312530517578125,32.196651458740234
307,players,142,0.0,,
307,players,7,0.0,20.71941375732422,27.32684898376465
307,players,141,1.0,15.942218780517578,19.87303352355957
307,players,15,0.0,,
307,players,5,1.0,10.160598754882812,38.36945724487305
307,players,132,0.0,,
307,players,18,1.0,,
307,players,10,0.0,20.99921417236328,35.86509704589844
308,players,136,1.0,,
308,players,8,0.0,10.18889331817627,47.72420120239258
308,players,9,0.0,8.55389404296875,39.87893295288086
308,players,21,0.0,21.88680076599121,58.81977081298828
308,players,103,1.0,,
308,players,4,1.0,11.246313095092773,61.22944641113281
308,players,14,1.0,5.628620624542236,54.8614616394043
308,players,86,1.0,3.0954060554504395,39.153709411621094
308,players,3,0.0,19.733165740966797,47.30425262451172
308,players,1,1.0,15.601480484008789,43.21453094482422
308,players,17,1.0,18.284963607788086,32.33840560913086
308,players,131,1.0,,
308,players,142,0.0,,
308,players,141,1.0,15.96684455871582,19.840166091918945
308,players,7,0.0,20.708742141723633,27.358642578125
308,players,18,1.0,,
308,players,15,0.0,,
308,players,132,0.0,,
308,players,5,1.0,10.167047500610352,38.36522674560547
308,players,10,0.0,20.981101989746094,35.904685974121094
309,players,136,1.0,,
309,players,8,0.0,10.169902801513672,47.71924591064453
309,players,4,1.0,11.224462509155273,61.233219146728516
309,players,14,1.0,5.643137454986572,54.8587760925293
309,players,21,0.0,21.883085250854492,58.826148986816406
309,players,9,0.0,8.499167442321777,39.90605163574219
309,players,103,0.0,,
309,players,17,1.0,18.241361618041992,32.335872650146484
309,players,131,1.0,,
309,players,142,0.0,,
309,players,86,1.0,3.112489700317383,39.1119270324707
309,players,3,0.0,19.69137954711914,47.30585861206055
309,players,1,1.0,15.586142539978027,43.277931213378906
309,players,141,1.0,15.940836906433105,19.881574630737305
309,players,18,1.0,,
309,players,132,0.0,,
309,players,15,0.0,,
309,players,5,1.0,10.178139686584473,38.29452896118164
309,players,7,0.0,20.715927124023438,27.247390747070312
310,players,136,1.0,,
310,players,8,0.0,10.159165382385254,47.75997543334961
310,players,131,1.0,,
310,players,21,0.0,21.8887939453125,58.81730651855469
310,players,4,1.0,11.211633682250977,61.218997955322266
310,players,17,1.0,18.184980392456055,32.37946319580078
310,players,3,0.0,19.61709976196289,47.48848342895508
310,players,1,1.0,15.556215286254883,43.22290802001953
310,players,142,0.0,,
310,players,132,0.0,,
310,players,14,1.0,5.697707176208496,54.79672622680664
310,players,86,1.0,3.0986413955688477,39.1546630859375
310,players,141,1.0,15.925183296203613,19.916601181030273
310,players,18,1.0,,
310,players,9,0.0,8.484331130981445,39.941829681396484
310,players,5,1.0,10.183797836303711,38.341636657714844
310,players,15,0.0,,
310,players,7,0.0,20.677125930786133,27.19437026977539
310,players,103,0.0,,
310,players,133,1.0,,
311,players,136,1.0,,
311,players,8,0.0,10.109556198120117,47.79130554199219
311,players,21,0.0,21.89876937866211,58.81134033203125
311,players,17,1.0,18.10478401184082,32.583919525146484
311,players,14,1.0,5.73237419128418,54.70224380493164
311,players,3,0.0,19.642065048217773,47.44953155517578
311,players,4,1.0,11.213007926940918,61.19171142578125
311,players,131,1.0,,
311,players,142,0.0,,
311,players,1,1.0,15.582304000854492,43.22582244873047
311,players,132,0.0,,
311,players,86,1.0,3.0842373371124268,39.175025939941406
311,players,18,1.0,,
311,players,141,1.0,15.89406967163086,20.03301239013672
311,players,7,0.0,20.619428634643555,27.41765785217285
311,players,15,0.0,,
311,players,5,1.0,10.184447288513184,38.338314056396484
311,players,9,0.0,8.441596984863281,39.92643737792969
311,players,10,0.0,20.932680130004883,35.88308334350586
312,players,136,1.0,,
312,players,8,0.0,10.105367660522461,47.77682113647461
312,players,17,1.0,18.072023391723633,32.59746170043945
312,players,21,0.0,21.9074649810791,58.817142486572266
312,players,3,0.0,19.650503158569336,47.4316520690918
312,players,4,1.0,11.19643783569336,61.130149841308594
312,players,14,1.0,5.755406856536865,54.74488830566406
312,players,1,1.0,15.600513458251953,43.343048095703125
312,players,142,0.0,,
312,players,18,1.0,,
312,players,86,1.0,3.03725004196167,39.18722915649414
312,players,132,0.0,,
312,players,7,0.0,20.57332420349121,27.4479923248291
312,players,141,1.0,15.849266052246094,20.2022705078125
312,players,15,0.0,,
312,players,5,1.0,10.180693626403809,38.33417892456055
312,players,9,0.0,8.442791938781738,39.84372329711914
312,players,131,1.0,,
312,players,10,0.0,20.862903594970703,36.14122772216797
312,players,103,1.0,,
312,players,154,1.0,,
313,players,136,1.0,,
313,players,8,0.0,10.063776969909668,47.817115783691406
313,players,18,1.0,,
313,players,14,1.0,5.765453338623047,54.72795867919922
313,players,17,1.0,18.032499313354492,32.48139572143555
313,players,21,0.0,21.899721145629883,58.8038330078125
313,players,3,0.0,19.640689849853516,47.40933609008789
313,players,1,1.0,15.600190162658691,43.388545989990234
313,players,86,1.0,2.98477840423584,39.12621307373047
313,players,10,0.0,20.850051879882812,36.088531494140625
313,players,142,0.0,,
313,players,4,1.0,11.235502243041992,61.04959487915039
313,players,7,0.0,20.551908493041992,27.356966018676758
313,players,9,0.0,8.384536743164062,40.235069274902344
313,players,132,0.0,,
313,players,103,1.0,,
313,players,131,1.0,,
313,players,141,1.0,15.813840866088867,20.1075382232666
313,players,15,0.0,,
313,players,5,1.0,10.167895317077637,38.39210891723633
313,players,154,1.0,,
314,players,136,1.0,,
314,players,8,0.0,10.034175872802734,47.83057403564453
314,players,103,0.0,,
314,players,21,0.0,21.88595962524414,58.79475021362305
314,players,4,1.0,11.267688751220703,61.082271575927734
314,players,18,1.0,,
314,players,10,0.0,20.79524040222168,36.23101806640625
314,players,14,1.0,5.76751184463501,54.76919174194336
314,players,7,0.0,20.48045539855957,27.44172477722168
314,players,142,0.0,,
314,players,17,1.0,17.99139404296875,32.371341705322266
314,players,3,0.0,19.59590721130371,47.392513275146484
314,players,9,0.0,8.341217994689941,40.34612274169922
314,players,1,1.0,15.582143783569336,43.42653274536133
314,players,131,1.0,,
314,players,15,0.0,,
314,players,141,1.0,15.808857917785645,20.058330535888672
314,players,132,0.0,,
314,players,86,1.0,2.944045066833496,39.096858978271484
314,players,5,1.0,10.150965690612793,38.437744140625
314,players,133,1.0,,
315,players,136,1.0,,
315,players,103,0.0,,
315,players,8,0.0,10.008119583129883,47.7370491027832
315,players,21,0.0,21.899473190307617,58.743865966796875
315,players,10,0.0,20.769622802734375,36.19261169433594
315,players,4,1.0,11.254014015197754,61.12145233154297
315,players,14,1.0,5.749814510345459,54.846885681152344
315,players,142,0.0,,
315,players,3,0.0,19.620380401611328,47.37696838378906
315,players,18,1.0,,
315,players,131,1.0,,
315,players,1,1.0,15.552729606628418,43.447845458984375
315,players,7,0.0,20.423551559448242,27.522598266601562
315,players,17,1.0,17.923715591430664,32.466033935546875
315,players,9,0.0,8.344342231750488,40.197750091552734
315,players,15,0.0,,
315,players,141,1.0,15.79800033569336,20.05681800842285
315,players,132,0.0,,
315,players,5,1.0,10.132698059082031,38.37539291381836
315,players,86,1.0,2.8637611865997314,38.98448944091797
315,players,133,1.0,,
315,players,154,1.0,,
316,players,21,0.0,21.87324333190918,58.754981994628906
316,players,86,1.0,2.8150179386138916,39.04328918457031
316,players,131,1.0,,
316,players,136,1.0,,
316,players,10,0.0,20.710241317749023,36.336570739746094
316,players,14,1.0,5.763318061828613,54.91612243652344
316,players,4,1.0,11.263413429260254,61.11415100097656
316,players,103,0.0,,
316,players,3,0.0,19.600040435791016,47.331905364990234
316,players,8,0.0,9.967499732971191,47.7623291015625
316,players,1,1.0,15.537468910217285,43.52317428588867
316,players,7,0.0,20.306272506713867,27.86861228942871
316,players,9,0.0,8.303777694702148,40.57916259765625
316,players,15,0.0,,
316,players,18,1.0,,
316,players,141,1.0,15.759452819824219,20.183799743652344
316,players,142,0.0,,
316,players,5,1.0,10.107680320739746,38.51132583618164
316,players,132,0.0,,
316,players,17,1.0,17.860336303710938,32.61729431152344
316,players,154,1.0,,
317,players,21,0.0,21.850112915039062,58.75046920776367
317,players,86,1.0,2.739417791366577,38.842735290527344
317,players,131,1.0,,
317,players,10,0.0,20.72686195373535,36.34648895263672
317,players,4,1.0,11.271910667419434,61.0843391418457
317,players,103,1.0,,
317,players,14,1.0,5.776453495025635,55.00708770751953
317,players,8,0.0,9.95038890838623,47.68906784057617
317,players,1,1.0,15.511898040771484,43.62472915649414
317,players,9,0.0,8.345602035522461,40.47998046875
317,players,3,0.0,19.5766544342041,47.33589172363281
317,players,5,1.0,10.093709945678711,38.4998779296875
317,players,7,0.0,20.25477409362793,27.831602096557617
317,players,142,0.0,,
317,players,18,1.0,,
317,players,141,1.0,15.747525215148926,20.01739501953125
317,players,15,0.0,,
317,players,136,1.0,,
317,players,132,0.0,,
317,players,154,1.0,,
318,players,21,0.0,21.823732376098633,58.72705841064453
318,players,14,1.0,5.777021408081055,55.030216217041016
318,players,10,0.0,20.69185447692871,36.393062591552734
318,players,8,0.0,9.935466766357422,47.69892120361328
318,players,4,1.0,11.288039207458496,60.98885726928711
318,players,1,1.0,15.487493515014648,43.6193962097168
318,players,103,1.0,,
318,players,9,0.0,8.354673385620117,40.56318664550781
318,players,5,1.0,10.038652420043945,38.52717208862305
318,players,86,1.0,2.668733596801758,38.78836441040039
318,players,7,0.0,20.211788177490234,27.894975662231445
318,players,131,1.0,,
318,players,15,0.0,,
318,players,18,1.0,,
318,players,132,0.0,,
318,players,17,1.0,17.728696823120117,32.58171463012695
318,players,141,1.0,15.712665557861328,19.99765396118164
318,players,136,1.0,,
318,players,142,0.0,,
318,players,3,0.0,19.553674697875977,47.27433395385742
318,players,154,1.0,,
319,players,14,1.0,5.765919208526611,55.036949157714844
319,players,21,0.0,21.815324783325195,58.73765563964844
319,players,8,0.0,9.904841423034668,47.7249641418457
319,players,15,0.0,,
319,players,10,0.0,20.650724411010742,36.348533630371094
319,players,9,0.0,8.335797309875488,40.472084045410156
319,players,4,1.0,11.307994842529297,60.95455551147461
319,players,17,1.0,17.693429946899414,32.53734588623047
319,players,5,1.0,9.985708236694336,38.632198333740234
319,players,1,1.0,15.465444564819336,43.622257232666016
319,players,18,1.0,,
319,players,3,0.0,19.523828506469727,47.39421081542969
319,players,86,1.0,2.590287923812866,38.70653533935547
319,players,103,0.0,,
319,players,136,1.0,,
319,players,132,0.0,,
319,players,154,1.0,,
319,players,7,0.0,20.12404441833496,27.92816734313965
319,players,142,0.0,,
319,players,141,1.0,15.585277557373047,20.714441299438477
320,players,14,1.0,5.723625659942627,54.98927688598633
320,players,21,0.0,21.823116302490234,58.72649383544922
320,players,8,0.0,9.895551681518555,47.73075485229492
320,players,9,0.0,8.307851791381836,40.456268310546875
320,players,4,1.0,11.35083293914795,60.83759307861328
320,players,17,1.0,17.626605987548828,32.64757537841797
320,players,5,1.0,9.94471263885498,38.720787048339844
320,players,86,1.0,2.5087010860443115,38.747589111328125
320,players,10,0.0,20.62749481201172,36.38123321533203
320,players,15,0.0,,
320,players,3,0.0,19.516639709472656,47.238956451416016
320,players,131,1.0,23.2225284576416,45.70258331298828
320,players,1,1.0,15.453537940979004,43.56033706665039
320,players,18,1.0,,
320,players,103,0.0,,
320,players,136,1.0,,
320,players,142,0.0,,
320,players,132,0.0,,
320,players,154,1.0,,
321,players,14,1.0,5.710720539093018,54.963783264160156
321,players,21,0.0,21.854690551757812,58.73004913330078
321,players,8,0.0,9.885370254516602,47.81273651123047
321,players,17,1.0,17.550138473510742,32.688232421875
321,players,131,1.0,23.12590789794922,45.707820892333984
321,players,5,1.0,9.886293411254883,38.693397521972656
321,players,3,0.0,19.465198516845703,47.3743896484375
321,players,4,1.0,11.38720417022705,60.76429748535156
321,players,18,1.0,,
321,players,15,0.0,,
321,players,9,0.0,8.270400047302246,40.62006378173828
321,players,1,1.0,15.405771255493164,43.59025573730469
321,players,10,0.0,20.60966682434082,36.4139404296875
321,players,86,1.0,2.422483444213867,38.540924072265625
321,players,103,0.0,,
321,players,136,1.0,,
321,players,132,0.0,,
321,players,142,0.0,,
321,players,154,1.0,,
322,players,8,0.0,9.875628471374512,47.78666687011719
322,players,21,0.0,21.89502716064453,58.636356353759766
322,players,4,1.0,11.383025169372559,60.75841522216797
322,players,14,1.0,5.685309410095215,54.93810272216797
322,players,17,1.0,17.452070236206055,32.905086517333984
322,players,131,1.0,23.04436492919922,45.70259475708008
322,players,136,1.0,,
322,players,3,0.0,19.463014602661133,47.37348556518555
322,players,5,1.0,9.848037719726562,38.76893997192383
322,players,103,0.0,,
322,players,10,0.0,20.557903289794922,36.50050354003906
322,players,18,1.0,,
322,players,86,1.0,2.3023321628570557,38.47227478027344
322,players,15,0.0,,
322,players,9,0.0,8.24426555633545,40.45155334472656
322,players,1,1.0,15.366251945495605,43.561859130859375
322,players,132,0.0,,
322,players,142,0.0,,
322,players,154,1.0,,
322,players,7,0.0,19.891035079956055,28.076370239257812
323,players,17,1.0,17.408912658691406,32.96379852294922
323,players,4,1.0,11.387957572937012,60.74162292480469
323,players,21,0.0,21.89995574951172,58.67668533325195
323,players,8,0.0,9.835198402404785,47.77579879760742
323,players,103,0.0,,
323,players,3,0.0,19.48914337158203,47.23412322998047
323,players,136,1.0,,
323,players,131,1.0,22.967729568481445,45.68191146850586
323,players,10,0.0,20.491920471191406,36.58823013305664
323,players,86,1.0,2.1847987174987793,38.456661224365234
323,players,14,1.0,5.719581127166748,54.84504699707031
323,players,5,1.0,9.814329147338867,38.69169998168945
323,players,18,1.0,,
323,players,132,0.0,,
323,players,15,0.0,,
323,players,9,0.0,8.2749662399292,40.567962646484375
323,players,7,0.0,19.881603240966797,27.87335968017578
323,players,1,1.0,15.306685447692871,43.71785354614258
323,players,141,1.0,15.3580904006958,20.68949317932129
323,players,142,0.0,,
323,players,154,1.0,,
324,players,14,1.0,5.748554706573486,54.8355712890625
324,players,21,0.0,21.91089630126953,58.57801818847656
324,players,4,1.0,11.410996437072754,60.69805145263672
324,players,103,0.0,,
324,players,3,0.0,19.502321243286133,47.236305236816406
324,players,136,1.0,,
324,players,8,0.0,9.78311538696289,47.80244445800781
324,players,17,1.0,17.331748962402344,32.93901824951172
324,players,10,0.0,20.475479125976562,36.613075256347656
324,players,1,1.0,15.272618293762207,43.74855422973633
324,players,9,0.0,8.24604606628418,40.45590591430664
324,players,86,1.0,2.079195499420166,38.34431076049805
324,players,7,0.0,19.829877853393555,27.949804306030273
324,players,18,1.0,,
324,players,132,0.0,,
324,players,15,0.0,,
324,players,131,1.0,22.94829750061035,45.45940017700195
324,players,5,1.0,9.777587890625,38.709190368652344
324,players,141,1.0,15.3012056350708,20.661880493164062
324,players,154,1.0,,
324,players,142,0.0,,
324,players,162,1.0,17.179500579833984,11.808998107910156
325,players,21,0.0,21.872772216796875,58.63727951049805
325,players,103,0.0,,
325,players,14,1.0,5.832221508026123,54.80648422241211
325,players,8,0.0,9.733779907226562,47.77317428588867
325,players,3,0.0,19.520217895507812,47.224586486816406
325,players,4,1.0,11.466775894165039,60.63750076293945
325,players,136,1.0,,
325,players,10,0.0,20.421419143676758,36.67097473144531
325,players,1,1.0,15.24634838104248,43.76882553100586
325,players,9,0.0,8.229663848876953,40.593177795410156
325,players,86,1.0,1.9559118747711182,38.46268844604492
325,players,17,1.0,17.24646759033203,32.93927764892578
325,players,18,1.0,,
325,players,7,0.0,19.781917572021484,27.97444725036621
325,players,141,1.0,15.223340034484863,20.69875717163086
325,players,131,1.0,22.849943161010742,45.508033752441406
325,players,142,0.0,,
325,players,15,0.0,,
325,players,132,0.0,,
326,players,21,0.0,21.833805084228516,58.660072326660156
326,players,8,0.0,9.692837715148926,47.708740234375
326,players,103,0.0,,
326,players,14,1.0,5.903888702392578,54.961395263671875
326,players,136,1.0,,
326,players,4,1.0,11.525832176208496,60.570430755615234
326,players,3,0.0,19.547687530517578,47.06264114379883
326,players,10,0.0,20.392234802246094,36.73006820678711
326,players,1,1.0,15.240742683410645,43.79587936401367
326,players,9,0.0,8.305771827697754,40.587100982666016
326,players,141,1.0,15.127941131591797,20.870820999145508
326,players,131,1.0,22.78400230407715,45.520633697509766
326,players,7,0.0,19.728607177734375,28.002452850341797
326,players,15,0.0,,
326,players,17,1.0,17.169631958007812,32.929039001464844
326,players,18,1.0,,
326,players,142,0.0,,
327,players,8,0.0,9.653703689575195,47.73051452636719
327,players,14,1.0,5.921176910400391,54.94245910644531
327,players,21,0.0,21.778718948364258,58.682247161865234
327,players,4,1.0,11.627616882324219,60.53633499145508
327,players,3,0.0,19.556303024291992,47.01658248901367
327,players,103,0.0,,
327,players,136,1.0,,
327,players,10,0.0,20.328630447387695,36.941261291503906
327,players,86,1.0,1.6765564680099487,38.26436233520508
327,players,1,1.0,15.256997108459473,43.76512908935547
327,players,131,1.0,22.709482192993164,45.549930572509766
327,players,7,0.0,19.615867614746094,28.278430938720703
327,players,141,1.0,15.09487247467041,20.57146644592285
327,players,15,0.0,,
327,players,9,0.0,8.34076976776123,40.60197830200195
327,players,18,1.0,,
327,players,17,1.0,17.08579444885254,33.037784576416016
327,players,142,0.0,,
327,players,5,1.0,9.623970985412598,38.76707077026367
328,players,8,0.0,9.601729393005371,47.76376724243164
328,players,21,0.0,21.767173767089844,58.67338562011719
328,players,14,1.0,5.906193256378174,54.975914001464844
328,players,103,0.0,,
328,players,3,0.0,19.49445915222168,47.051700592041016
328,players,131,1.0,22.617704391479492,45.62176513671875
328,players,7,0.0,19.5909366607666,28.219661712646484
328,players,17,1.0,17.0308895111084,32.82273864746094
328,players,9,0.0,8.326663970947266,40.715797424316406
328,players,136,1.0,,
328,players,4,1.0,11.713526725769043,60.63066101074219
328,players,86,1.0,1.5690984725952148,38.34696578979492
328,players,141,1.0,15.001312255859375,20.842805862426758
328,players,15,0.0,,
328,players,5,1.0,9.583639144897461,38.614898681640625
328,players,1,1.0,15.275786399841309,43.75472640991211
328,players,10,0.0,20.298152923583984,36.8575553894043
328,players,18,1.0,,
328,players,142,0.0,,
328,players,132,0.0,,
328,players,154,1.0,,
329,players,21,0.0,21.753013610839844,58.660701751708984
329,players,14,1.0,5.893749713897705,54.82816696166992
329,players,8,0.0,9.541027069091797,47.843074798583984
329,players,17,1.0,16.953359603881836,32.9769172668457
329,players,131,1.0,22.56755256652832,45.57363510131836
329,players,136,1.0,,
329,players,9,0.0,8.30895709991455,40.603553771972656
329,players,3,0.0,19.491342544555664,46.967411041259766
329,players,4,1.0,11.743824005126953,60.663414001464844
329,players,1,1.0,15.270947456359863,43.74994659423828
329,players,103,0.0,,
329,players,5,1.0,9.539981842041016,38.696346282958984
329,players,86,1.0,1.4494389295578003,38.15083694458008
329,players,7,0.0,19.531253814697266,28.118593215942383
329,players,141,1.0,14.912882804870605,21.1945858001709
329,players,15,0.0,,
329,players,132,0.0,,
329,players,10,0.0,20.2695369720459,36.73987579345703
329,players,18,1.0,,
329,players,154,1.0,,
329,players,142,0.0,,
329,players,162,1.0,16.913593292236328,11.932316780090332
330,players,21,0.0,21.735958099365234,58.606529235839844
330,players,14,1.0,5.886124610900879,54.72014236450195
330,players,17,1.0,16.898710250854492,32.93998336791992
330,players,9,0.0,8.282703399658203,40.72873306274414
330,players,1,1.0,15.206114768981934,43.814720153808594
330,players,8,0.0,9.493108749389648,47.863826751708984
330,players,131,1.0,22.52303695678711,45.56557846069336
330,players,3,0.0,19.441381454467773,47.052974700927734
330,players,4,1.0,11.767895698547363,60.638397216796875
330,players,5,1.0,9.518553733825684,38.699710845947266
330,players,136,1.0,,
330,players,15,0.0,,
330,players,103,0.0,,
330,players,132,0.0,,
330,players,7,0.0,19.50633430480957,28.127416610717773
330,players,18,1.0,,
330,players,86,1.0,1.3183358907699585,38.18381881713867
330,players,10,0.0,20.188037872314453,36.83671951293945
330,players,154,1.0,,
330,players,141,1.0,14.826431274414062,21.14689826965332
330,players,142,0.0,,
330,players,162,1.0,16.88228988647461,11.986534118652344
331,players,8,0.0,9.438875198364258,47.846229553222656
331,players,14,1.0,5.887902736663818,54.51396179199219
331,players,21,0.0,21.715740203857422,58.56732177734375
331,players,17,1.0,16.821754455566406,32.93806076049805
331,players,1,1.0,15.13450813293457,43.83625793457031
331,players,131,1.0,22.41025733947754,45.66452407836914
331,players,3,0.0,19.39399528503418,47.04936981201172
331,players,9,0.0,8.270482063293457,40.738407135009766
331,players,10,0.0,20.15644645690918,36.775394439697266
331,players,5,1.0,9.456642150878906,38.76864242553711
331,players,4,1.0,11.799551010131836,60.484745025634766
331,players,15,0.0,,
331,players,103,0.0,,
331,players,132,0.0,,
331,players,136,1.0,,
331,players,18,1.0,,
331,players,86,1.0,1.1693382263183594,37.93118667602539
331,players,141,1.0,14.79563045501709,21.06116485595703
331,players,142,0.0,,
331,players,7,1.0,19.272802352905273,28.266000747680664
332,players,8,0.0,9.412068367004395,47.743412017822266
332,players,17,1.0,16.78022575378418,33.0989990234375
332,players,10,0.0,20.121152877807617,36.75944900512695
332,players,14,1.0,5.887301921844482,54.489097595214844
332,players,1,1.0,15.152750968933105,43.7114372253418
332,players,9,0.0,8.28905200958252,40.67484664916992
332,players,4,1.0,11.898894309997559,60.120052337646484
332,players,21,0.0,21.658586502075195,58.58010482788086
332,players,5,1.0,9.44157600402832,38.78277587890625
332,players,131,1.0,22.357656478881836,45.58832550048828
332,players,149,0.0,,
332,players,3,0.0,19.344802856445312,47.042869567871094
332,players,15,0.0,,
332,players,136,1.0,,
332,players,141,1.0,14.69577407836914,21.137414932250977
332,players,86,1.0,1.0569796562194824,38.023681640625
332,players,7,0.0,19.375402450561523,28.37346076965332
332,players,18,1.0,,
332,players,142,1.0,,
332,players,154,1.0,,
332,players,132,0.0,,
333,players,17,1.0,16.694332122802734,32.98714065551758
333,players,4,1.0,11.939918518066406,60.00815200805664
333,players,1,1.0,15.114459991455078,43.7104377746582
333,players,8,0.0,9.351096153259277,47.725257873535156
333,players,10,0.0,20.091754913330078,36.68306350708008
333,players,9,0.0,8.284668922424316,40.716983795166016
333,players,14,1.0,5.9190568923950195,54.50019454956055
333,players,21,0.0,21.642824172973633,58.530120849609375
333,players,3,0.0,19.32716178894043,46.93107986450195
333,players,5,1.0,9.440459251403809,38.675018310546875
333,players,15,0.0,,
333,players,149,0.0,,
333,players,131,1.0,22.295635223388672,45.51970672607422
333,players,132,0.0,,
333,players,86,1.0,0.9092609286308289,37.887081146240234
333,players,136,1.0,,
333,players,18,1.0,,
333,players,141,1.0,14.62243366241455,20.99938201904297
333,players,142,0.0,,
333,players,154,1.0,,
333,players,7,0.0,19.185138702392578,28.701433181762695
334,players,17,1.0,16.649412155151367,33.00662612915039
334,players,131,1.0,22.22266960144043,45.523681640625
334,players,1,1.0,15.079792022705078,43.75645446777344
334,players,4,1.0,12.009245872497559,60.05388259887695
334,players,3,0.0,19.267053604125977,46.960609436035156
334,players,8,0.0,9.294036865234375,47.74858474731445
334,players,10,0.0,19.990270614624023,37.05227279663086
334,players,5,1.0,9.427077293395996,38.728416442871094
334,players,9,0.0,8.277856826782227,40.935302734375
334,players,21,0.0,21.667335510253906,58.508522033691406
334,players,15,0.0,,
334,players,141,1.0,14.521590232849121,21.264341354370117
334,players,14,1.0,5.969366073608398,54.50511169433594
334,players,132,0.0,,
334,players,149,0.0,,
334,players,136,1.0,,
334,players,142,0.0,,
334,players,18,1.0,,
334,players,7,0.0,19.120206832885742,28.73237419128418
334,players,154,1.0,,
335,players,131,1.0,22.120107650756836,45.59844207763672
335,players,141,1.0,14.445148468017578,21.335430145263672
335,players,21,0.0,21.710506439208984,58.49368667602539
335,players,5,1.0,9.359798431396484,38.953834533691406
335,players,1,1.0,15.05349349975586,43.816593170166016
335,players,8,0.0,9.272441864013672,47.70368576049805
335,players,4,1.0,12.133037567138672,60.08754348754883
335,players,3,0.0,19.26590347290039,46.869964599609375
335,players,14,1.0,6.004222869873047,54.495635986328125
335,players,15,0.0,,
335,players,10,0.0,20.032285690307617,37.02583694458008
335,players,17,1.0,16.55389404296875,33.251644134521484
335,players,149,0.0,,
335,players,9,0.0,8.304055213928223,40.931907653808594
335,players,132,0.0,,
335,players,7,0.0,19.065279006958008,28.75351333618164
335,players,136,1.0,,
335,players,86,1.0,0.6050636172294617,37.494873046875
335,players,18,1.0,,
335,players,142,0.0,,
335,players,154,1.0,,
336,players,131,1.0,22.07645034790039,45.55031967163086
336,players,141,1.0,14.366275787353516,21.08534812927246
336,players,8,0.0,9.26137924194336,47.664737701416016
336,players,5,1.0,9.340203285217285,38.919944763183594
336,players,21,0.0,21.756797790527344,58.39999771118164
336,players,4,1.0,12.131194114685059,60.01530075073242
336,players,10,0.0,20.048046112060547,37.06036376953125
336,players,1,1.0,15.073006629943848,43.796531677246094
336,players,14,1.0,6.006226062774658,54.515045166015625
336,players,132,0.0,,
336,players,149,0.0,,
336,players,15,0.0,,
336,players,3,0.0,19.256996154785156,46.8468132019043
336,players,7,0.0,18.99489402770996,28.75271224975586
336,players,18,1.0,,
336,players,9,0.0,8.332091331481934,41.02616882324219
336,players,142,0.0,,
336,players,86,1.0,0.4670342803001404,37.51719284057617
336,players,136,1.0,,
336,players,17,1.0,16.54200553894043,33.050540924072266
336,players,154,1.0,,
337,players,131,1.0,22.005855560302734,45.47539520263672
337,players,4,1.0,12.14683723449707,59.91771697998047
337,players,21,0.0,21.732215881347656,58.39651107788086
337,players,10,0.0,20.054834365844727,36.99037170410156
337,players,8,0.0,9.207853317260742,47.747947692871094
337,players,1,1.0,15.099944114685059,43.6977424621582
337,players,14,1.0,6.0013017654418945,54.44081497192383
337,players,132,0.0,,
337,players,5,1.0,9.276305198669434,38.81657028198242
337,players,9,0.0,8.313190460205078,40.95693588256836
337,players,141,1.0,14.279855728149414,21.144392013549805
337,players,18,1.0,,
337,players,15,0.0,,
337,players,3,0.0,19.305025100708008,46.845970153808594
337,players,149,1.0,,
337,players,7,0.0,18.961669921875,28.5823917388916
337,players,136,1.0,,
337,players,86,1.0,0.28183406591415405,37.47442626953125
337,players,142,0.0,,
337,players,17,1.0,16.405366897583008,33.23322296142578
338,players,4,1.0,12.17568302154541,59.893917083740234
338,players,8,0.0,9.154254913330078,47.824745178222656
338,players,9,0.0,8.302644729614258,40.84071731567383
338,players,131,1.0,21.91681480407715,45.48566818237305
338,players,149,1.0,,
338,players,14,1.0,5.986089706420898,54.303226470947266
338,players,21,0.0,21.721561431884766,58.3990478515625
338,players,17,1.0,16.3601131439209,33.09096145629883
338,players,132,0.0,,
338,players,15,0.0,,
338,players,10,0.0,20.005224227905273,37.03304672241211
338,players,1,1.0,15.06494140625,43.73793411254883
338,players,7,0.0,18.908035278320312,28.3548583984375
338,players,18,1.0,,
338,players,141,1.0,14.18007755279541,21.455615997314453
338,players,3,0.0,19.368301391601562,46.81183624267578
338,players,5,1.0,9.244414329528809,38.7213249206543
338,players,142,0.0,,
338,players,136,1.0,,
338,players,86,1.0,0.1538759171962738,37.29246520996094
339,players,4,1.0,12.28140926361084,59.67380142211914
339,players,14,1.0,5.988770484924316,54.03362274169922
339,players,8,0.0,9.112875938415527,47.73973083496094
339,players,17,1.0,16.301231384277344,33.07539367675781
339,players,131,1.0,21.834787368774414,45.51201629638672
339,players,9,0.0,8.249934196472168,40.883445739746094
339,players,21,0.0,21.736326217651367,58.289588928222656
339,players,149,1.0,,
339,players,1,1.0,15.040926933288574,43.630859375
339,players,3,0.0,19.3543701171875,46.75545883178711
339,players,10,0.0,19.8900146484375,37.1136360168457
339,players,7,0.0,18.79226303100586,28.538471221923828
339,players,18,1.0,,
339,players,142,0.0,,
339,players,5,1.0,9.194805145263672,38.664772033691406
339,players,15,0.0,,
339,players,136,1.0,,
339,players,86,1.0,,
339,players,132,0.0,,
339,players,166,1.0,,
339,players,154,1.0,,
339,players,141,1.0,14.083355903625488,21.540903091430664
340,players,4,1.0,12.37135124206543,59.30744171142578
340,players,14,1.0,6.001076698303223,53.922142028808594
340,players,17,1.0,16.230140686035156,32.883811950683594
340,players,21,0.0,21.685871124267578,58.321746826171875
340,players,8,0.0,9.050324440002441,47.65998077392578
340,players,9,0.0,8.23087215423584,40.731388092041016
340,players,10,0.0,19.846397399902344,37.17919921875
340,players,1,1.0,14.983588218688965,43.600914001464844
340,players,3,0.0,19.305715560913086,46.7470703125
340,players,131,1.0,21.817506790161133,45.409278869628906
340,players,15,0.0,,
340,players,142,0.0,,
340,players,5,1.0,9.160415649414062,38.76457977294922
340,players,149,1.0,,
340,players,86,1.0,,
340,players,136,1.0,,
340,players,7,0.0,18.713706970214844,28.477046966552734
340,players,18,1.0,,
340,players,154,1.0,,
341,players,17,1.0,16.212627410888672,32.67549514770508
341,players,8,0.0,8.999859809875488,47.64562225341797
341,players,14,1.0,5.9908528327941895,53.83262252807617
341,players,4,1.0,12.43410873413086,59.35357666015625
341,players,1,1.0,14.968379974365234,43.562767028808594
341,players,10,0.0,19.81460189819336,37.12870788574219
341,players,9,0.0,8.213095664978027,40.71896743774414
341,players,21,0.0,21.671802520751953,58.297672271728516
341,players,15,0.0,,
341,players,132,0.0,,
341,players,3,0.0,19.367294311523438,46.501956939697266
341,players,136,1.0,,
341,players,18,1.0,,
341,players,131,1.0,21.780471801757812,45.364959716796875
341,players,5,1.0,9.12421703338623,38.82479476928711
341,players,141,1.0,13.844237327575684,21.79366683959961
341,players,142,0.0,,
341,players,149,1.0,,
341,players,154,1.0,,
341,players,166,1.0,,
342,players,17,1.0,16.18929672241211,32.772884368896484
342,players,8,0.0,8.929125785827637,47.78220748901367
342,players,141,1.0,13.782618522644043,21.78395652770996
342,players,1,1.0,14.98430347442627,43.5151481628418
342,players,14,1.0,5.994159698486328,53.81959915161133
342,players,4,1.0,12.488277435302734,59.51381301879883
342,players,10,0.0,19.769641876220703,37.33103942871094
342,players,132,0.0,,
342,players,131,1.0,21.74457550048828,45.46285629272461
342,players,21,0.0,21.682878494262695,58.331451416015625
342,players,15,0.0,,
342,players,136,1.0,,
342,players,3,0.0,19.387956619262695,46.32722473144531
342,players,18,1.0,,
342,players,9,0.0,8.199285507202148,40.824710845947266
342,players,5,1.0,9.058672904968262,38.952640533447266
342,players,86,1.0,,
342,players,149,1.0,,
342,players,154,1.0,,
342,players,142,0.0,,
342,players,7,0.0,18.532617568969727,28.73947525024414
343,players,141,1.0,13.68139934539795,21.713693618774414
343,players,8,0.0,8.837081909179688,47.79873275756836
343,players,4,1.0,12.605088233947754,59.582489013671875
343,players,21,0.0,21.670804977416992,58.407230377197266
343,players,14,1.0,6.025236129760742,53.96893310546875
343,players,10,0.0,19.8052978515625,37.25865936279297
343,players,132,0.0,,
343,players,131,1.0,21.746328353881836,45.44810104370117
343,players,15,0.0,,
343,players,1,1.0,14.943131446838379,43.5523567199707
343,players,9,0.0,8.190382957458496,40.89376449584961
343,players,3,0.0,19.397537231445312,46.23406982421875
343,players,18,1.0,,
343,players,136,1.0,,
343,players,5,1.0,9.012617111206055,38.89300537109375
343,players,154,1.0,,
343,players,7,0.0,18.494314193725586,28.863889694213867
343,players,17,1.0,16.080364227294922,32.93765640258789
343,players,86,1.0,,
343,players,149,1.0,,
343,players,142,0.0,,
343,players,166,1.0,,
344,players,8,0.0,8.730372428894043,47.778499603271484
344,players,21,0.0,21.633358001708984,58.34370422363281
344,players,132,0.0,,
344,players,4,1.0,12.60843563079834,59.52411651611328
344,players,131,1.0,21.67633628845215,45.39014434814453
344,players,15,0.0,,
344,players,10,0.0,19.74424171447754,37.390647888183594
344,players,14,1.0,6.021440029144287,54.02265167236328
344,players,9,0.0,8.152801513671875,40.880340576171875
344,players,17,1.0,15.983720779418945,33.010467529296875
344,players,141,1.0,13.559309005737305,21.543283462524414
344,players,18,1.0,,
344,players,136,1.0,,
344,players,7,0.0,18.44720458984375,28.729101181030273
344,players,5,1.0,8.936386108398438,38.78849792480469
344,players,3,0.0,19.371469497680664,46.140289306640625
344,players,1,1.0,14.893125534057617,43.5105094909668
344,players,154,1.0,,
344,players,149,1.0,,
344,players,142,0.0,,
344,players,86,1.0,,
345,players,4,1.0,12.636570930480957,59.46401596069336
345,players,21,0.0,21.575544357299805,58.461395263671875
345,players,8,0.0,8.641703605651855,47.81662368774414
345,players,131,1.0,21.637388229370117,45.41598129272461
345,players,14,1.0,5.998563766479492,54.02115249633789
345,players,9,0.0,8.151045799255371,40.94464111328125
345,players,10,0.0,19.804977416992188,37.33541488647461
345,players,17,1.0,15.879700660705566,33.2012939453125
345,players,132,0.0,,
345,players,7,0.0,18.397613525390625,28.722917556762695
345,players,136,1.0,,
345,players,18,1.0,,
345,players,5,1.0,8.907172203063965,38.741641998291016
345,players,141,1.0,13.484561920166016,21.196069717407227
345,players,3,0.0,19.420000076293945,46.175296783447266
345,players,154,1.0,,
345,players,86,1.0,,
345,players,1,1.0,14.885555267333984,43.5634651184082
345,players,142,0.0,,
345,players,149,1.0,,
345,players,15,0.0,,
346,players,4,1.0,12.63426685333252,59.44769287109375
346,players,131,1.0,21.554996490478516,45.43197250366211
346,players,21,0.0,21.56467056274414,58.451812744140625
346,players,14,1.0,5.919090747833252,54.012351989746094
346,players,8,0.0,8.57083511352539,47.82036209106445
346,players,9,0.0,8.08587646484375,40.86787414550781
346,players,136,1.0,,
346,players,7,0.0,18.37881088256836,28.226945877075195
346,players,17,1.0,15.841724395751953,32.6082878112793
346,players,10,0.0,19.746763229370117,37.251468658447266
346,players,141,1.0,13.297477722167969,21.397550582885742
346,players,154,1.0,,
346,players,5,1.0,8.822233200073242,38.72541809082031
346,players,132,0.0,,
346,players,3,0.0,19.434741973876953,46.16230773925781
346,players,149,1.0,,
346,players,86,1.0,,
346,players,18,1.0,,
346,players,15,0.0,,
346,players,142,1.0,,
347,players,4,1.0,12.691258430480957,59.02602767944336
347,players,131,1.0,21.46910285949707,45.43077087402344
347,players,21,0.0,21.584535598754883,58.39149475097656
347,players,8,0.0,8.522772789001465,47.77977752685547
347,players,141,1.0,13.138476371765137,21.609704971313477
347,players,17,1.0,15.691781044006348,32.90607452392578
347,players,136,1.0,,
347,players,7,0.0,18.232500076293945,28.416587829589844
347,players,154,1.0,,
347,players,14,1.0,5.838951110839844,53.78347396850586
347,players,3,0.0,19.416812896728516,46.148494720458984
347,players,10,0.0,19.689258575439453,37.150054931640625
347,players,132,0.0,,
347,players,9,0.0,7.987011909484863,40.87512969970703
347,players,1,1.0,14.813430786132812,43.491580963134766
347,players,5,1.0,8.727103233337402,38.72917938232422
347,players,149,1.0,,
347,players,86,1.0,,
347,players,18,1.0,,
347,players,15,0.0,,
348,players,131,1.0,21.419708251953125,45.497562408447266
348,players,14,1.0,5.841865539550781,53.665496826171875
348,players,141,1.0,13.04377555847168,21.56652069091797
348,players,4,1.0,12.779861450195312,58.86197280883789
348,players,3,0.0,19.409425735473633,46.19771957397461
348,players,8,0.0,8.50214958190918,47.90424728393555
348,players,1,1.0,14.73705005645752,43.655216217041016
348,players,21,0.0,21.61935043334961,58.46112823486328
348,players,9,0.0,7.95042085647583,40.953861236572266
348,players,136,1.0,,
348,players,17,1.0,15.622137069702148,33.016361236572266
348,players,132,0.0,,
348,players,149,1.0,,
348,players,15,0.0,,
348,players,10,0.0,19.645771026611328,37.16301345825195
348,players,18,1.0,,
348,players,7,0.0,18.120040893554688,28.654573440551758
348,players,86,1.0,,
348,players,5,1.0,8.691192626953125,38.95271682739258
348,players,154,1.0,,
349,players,14,1.0,5.811839580535889,53.46746826171875
349,players,131,1.0,21.361661911010742,45.46042251586914
349,players,9,0.0,7.875795841217041,40.92316436767578
349,players,1,1.0,14.697614669799805,43.50673294067383
349,players,3,0.0,19.409883499145508,45.9605712890625
349,players,21,0.0,21.656370162963867,58.3645133972168
349,players,8,0.0,8.483487129211426,47.960182189941406
349,players,10,0.0,19.59390640258789,37.079952239990234
349,players,141,1.0,12.871282577514648,21.669591903686523
349,players,4,1.0,12.843267440795898,58.827022552490234
349,players,17,1.0,15.559435844421387,32.56359100341797
349,players,15,0.0,,
349,players,132,0.0,,
349,players,136,1.0,,
349,players,149,0.0,,
349,players,86,1.0,,
349,players,18,1.0,,
349,players,5,1.0,8.571850776672363,38.949832916259766
349,players,7,0.0,18.011064529418945,28.77857208251953
350,players,10,0.0,19.52711296081543,37.0721435546875
350,players,14,1.0,5.760701656341553,53.40610885620117
350,players,131,1.0,21.29191780090332,45.54462814331055
350,players,1,1.0,14.652382850646973,43.46438217163086
350,players,21,0.0,21.654922485351562,58.358253479003906
350,players,8,0.0,8.417520523071289,48.034889221191406
350,players,132,0.0,,
350,players,3,0.0,19.366167068481445,46.00295639038086
350,players,9,0.0,7.824172019958496,40.93993377685547
350,players,15,0.0,,
350,players,4,1.0,12.886289596557617,58.94738006591797
350,players,5,1.0,8.523306846618652,38.790035247802734
350,players,149,0.0,,
350,players,136,1.0,,
350,players,17,1.0,15.433697700500488,32.96358871459961
350,players,18,1.0,,
350,players,7,0.0,17.919599533081055,28.83574676513672
350,players,154,1.0,,
350,players,142,1.0,,
350,players,86,1.0,,
351,players,14,1.0,5.682746887207031,53.30703353881836
351,players,131,1.0,21.193906784057617,45.449039459228516
351,players,10,0.0,19.508441925048828,37.011924743652344
351,players,21,0.0,21.65581512451172,58.29523468017578
351,players,1,1.0,14.604862213134766,43.40947723388672
351,players,132,0.0,,
351,players,8,0.0,8.279047966003418,48.03743362426758
351,players,15,0.0,,
351,players,9,0.0,7.756974697113037,40.893531799316406
351,players,4,1.0,12.872688293457031,58.94798278808594
351,players,154,1.0,,
351,players,5,1.0,8.41156005859375,38.8893928527832
351,players,3,0.0,19.381155014038086,45.777015686035156
351,players,7,0.0,17.82608985900879,28.566232681274414
351,players,136,1.0,,
351,players,149,0.0,,
351,players,86,1.0,,
351,players,18,1.0,,
351,players,142,1.0,,
352,players,131,1.0,21.06831169128418,45.47285842895508
352,players,21,0.0,21.629011154174805,58.26845932006836
352,players,10,0.0,19.444286346435547,37.01420211791992
352,players,14,1.0,5.665194511413574,53.35563659667969
352,players,8,0.0,8.185171127319336,47.91398239135742
352,players,141,1.0,12.415698051452637,21.52947425842285
352,players,4,1.0,12.839398384094238,58.9152946472168
352,players,15,0.0,,
352,players,9,0.0,7.6778764724731445,40.9459228515625
352,players,1,1.0,14.553651809692383,43.343414306640625
352,players,154,1.0,,
352,players,149,0.0,,
352,players,132,0.0,,
352,players,7,0.0,17.68490982055664,28.74140167236328
352,players,5,1.0,8.32129192352295,39.03724670410156
352,players,136,1.0,,
352,players,18,1.0,,
352,players,3,0.0,19.549514770507812,45.763919830322266
352,players,17,1.0,15.213117599487305,32.739646911621094
352,players,86,1.0,,
353,players,141,1.0,12.266207695007324,21.440553665161133
353,players,21,0.0,21.595659255981445,58.266204833984375
353,players,4,1.0,12.86187744140625,58.67056655883789
353,players,131,1.0,20.98628044128418,45.41060256958008
353,players,136,1.0,,
353,players,8,0.0,8.085124969482422,47.9687614440918
353,players,14,1.0,5.6710615158081055,53.416961669921875
353,players,9,0.0,7.623260498046875,40.986961364746094
353,players,18,1.0,,
353,players,1,1.0,14.51429271697998,43.381221771240234
353,players,149,0.0,,
353,players,17,1.0,15.183425903320312,32.50260543823242
353,players,15,0.0,,
353,players,7,0.0,17.60471534729004,28.59743309020996
353,players,10,0.0,19.42165756225586,37.075469970703125
353,players,5,1.0,8.239228248596191,38.98532485961914
353,players,3,0.0,19.481590270996094,45.83918762207031
353,players,154,1.0,,
353,players,86,1.0,,
354,players,4,1.0,12.959095001220703,58.46533966064453
354,players,21,0.0,21.576904296875,58.29094314575195
354,players,8,0.0,8.012195587158203,47.83783721923828
354,players,18,1.0,,
354,players,136,1.0,,
354,players,131,1.0,20.93764305114746,45.335914611816406
354,players,149,0.0,,
354,players,10,0.0,19.44390106201172,37.191749572753906
354,players,14,1.0,5.6360087394714355,53.294437408447266
354,players,141,1.0,12.105554580688477,21.700611114501953
354,players,9,0.0,7.592425346374512,40.98576354980469
354,players,15,0.0,,
354,players,1,1.0,14.4906587600708,43.37067413330078
354,players,7,0.0,17.53936767578125,28.56383514404297
354,players,17,1.0,15.132370948791504,32.38727951049805
354,players,5,1.0,8.184962272644043,39.04521179199219
354,players,3,0.0,19.44648551940918,45.85813522338867
354,players,154,1.0,,
355,players,4,1.0,13.034193992614746,58.266666412353516
355,players,18,1.0,,
355,players,21,0.0,21.536935806274414,58.40611267089844
355,players,149,1.0,,
355,players,8,0.0,7.945487022399902,47.78455352783203
355,players,136,1.0,,
355,players,14,1.0,5.579739570617676,53.32763671875
355,players,132,0.0,,
355,players,10,0.0,19.470911026000977,37.10301971435547
355,players,131,1.0,20.90386962890625,45.37333297729492
355,players,15,0.0,,
355,players,3,0.0,19.43079376220703,45.83781433105469
355,players,1,1.0,14.417601585388184,43.412681579589844
355,players,17,1.0,15.075213432312012,32.34309005737305
355,players,9,0.0,7.530359745025635,41.05830764770508
355,players,141,1.0,11.997828483581543,21.584314346313477
355,players,7,0.0,17.578834533691406,27.806331634521484
355,players,154,1.0,,
355,players,5,1.0,8.119396209716797,39.08271408081055
355,players,86,1.0,,
356,players,4,1.0,13.038766860961914,58.381256103515625
356,players,21,0.0,21.521652221679688,58.34433364868164
356,players,18,1.0,,
356,players,14,1.0,5.502082347869873,53.18987274169922
356,players,3,0.0,19.427461624145508,45.71714401245117
356,players,8,0.0,7.859811305999756,47.72459030151367
356,players,136,1.0,,
356,players,149,0.0,,
356,players,132,0.0,,
356,players,15,0.0,,
356,players,10,0.0,19.37803077697754,37.00300216674805
356,players,131,1.0,20.854509353637695,45.39133834838867
356,players,1,1.0,14.320804595947266,43.41877365112305
356,players,17,1.0,14.852997779846191,32.924678802490234
356,players,154,1.0,,
356,players,141,1.0,11.810394287109375,21.70343017578125
356,players,9,0.0,7.420032501220703,41.059600830078125
356,players,5,1.0,8.037808418273926,38.642147064208984
356,players,86,1.0,,
357,players,1,1.0,14.252227783203125,43.48890686035156
357,players,136,1.0,,
357,players,21,0.0,21.43016815185547,58.43883514404297
357,players,4,1.0,13.06259822845459,58.42085647583008
357,players,14,1.0,5.454265117645264,53.15205001831055
357,players,141,1.0,11.628111839294434,21.839580535888672
357,players,10,0.0,19.265565872192383,37.255496978759766
357,players,15,0.0,,
357,players,3,0.0,19.468826293945312,45.47285079956055
357,players,8,0.0,7.7768754959106445,47.85163879394531
357,players,9,0.0,7.343505382537842,41.159706115722656
357,players,18,1.0,,
357,players,132,0.0,,
357,players,149,0.0,,
357,players,5,1.0,7.896249771118164,39.40406036376953
357,players,131,1.0,20.859651565551758,45.39448547363281
357,players,154,1.0,,
357,players,7,0.0,17.155981063842773,28.84987449645996
357,players,17,1.0,14.713079452514648,33.17202377319336
357,players,86,1.0,,
358,players,136,1.0,,
358,players,14,1.0,5.3579630851745605,52.953182220458984
358,players,10,0.0,19.154748916625977,37.381473541259766
358,players,1,1.0,14.18088150024414,43.31607437133789
358,players,21,0.0,21.349111557006836,58.458431243896484
358,players,15,0.0,,
358,players,9,0.0,7.248197078704834,41.120140075683594
358,players,4,1.0,13.108407974243164,58.42192077636719
358,players,141,1.0,11.424168586730957,21.910154342651367
358,players,3,1.0,19.486772537231445,45.29081726074219
358,players,8,0.0,7.706442832946777,47.93937683105469
358,players,18,1.0,,
358,players,149,0.0,,
358,players,7,0.0,17.004867553710938,28.7869815826416
358,players,131,1.0,20.809471130371094,45.35131072998047
358,players,5,1.0,7.803183078765869,39.282981872558594
358,players,17,1.0,14.571106910705566,33.27212905883789
358,players,132,0.0,,
359,players,14,1.0,5.2650957107543945,52.73971176147461
359,players,136,1.0,,
359,players,10,0.0,19.0867977142334,37.348297119140625
359,players,1,1.0,14.103839874267578,43.22661209106445
359,players,4,1.0,13.0847749710083,58.45735549926758
359,players,21,0.0,21.3040828704834,58.3325309753418
359,players,8,0.0,7.649886131286621,47.919315338134766
359,players,15,0.0,,
359,players,18,1.0,,
359,players,9,0.0,7.118861675262451,41.100101470947266
359,players,149,0.0,,
359,players,17,1.0,14.45656967163086,33.1080322265625
359,players,7,0.0,16.850339889526367,28.916868209838867
359,players,3,1.0,19.474084854125977,45.2486457824707
359,players,131,1.0,20.799589157104492,45.27186965942383
359,players,5,1.0,7.668726921081543,39.28056335449219
359,players,132,0.0,,
359,players,154,1.0,,
360,players,14,1.0,5.2148213386535645,52.79072570800781
360,players,136,1.0,,
360,players,4,1.0,13.084491729736328,58.465782165527344
360,players,141,1.0,11.084495544433594,21.83871841430664
360,players,15,0.0,,
360,players,21,0.0,21.305950164794922,58.395591735839844
360,players,10,0.0,19.12851333618164,37.209774017333984
360,players,9,0.0,7.063472747802734,41.22579574584961
360,players,17,1.0,14.357202529907227,33.267486572265625
360,players,1,1.0,14.065929412841797,43.29466247558594
360,players,8,0.0,7.619866847991943,48.09603500366211
360,players,149,0.0,,
360,players,18,0.0,,
360,players,154,1.0,,
360,players,132,0.0,,
360,players,7,0.0,16.736841201782227,29.076807022094727
360,players,5,1.0,7.617957592010498,39.47636795043945
360,players,3,0.0,19.513286590576172,45.345951080322266
360,players,131,1.0,20.75659942626953,45.35395431518555
361,players,141,1.0,10.886216163635254,21.650056838989258
361,players,21,0.0,21.323102951049805,58.40412139892578
361,players,4,1.0,13.09103012084961,58.30632781982422
361,players,15,0.0,,
361,players,14,1.0,5.156325817108154,52.84846878051758
361,players,136,1.0,,
361,players,8,0.0,7.4786176681518555,48.11418533325195
361,players,9,0.0,6.9887189865112305,41.20323944091797
361,players,17,1.0,14.217745780944824,33.15000915527344
361,players,1,1.0,14.016841888427734,43.338008880615234
361,players,149,0.0,,
361,players,173,1.0,,
361,players,132,0.0,,
361,players,3,0.0,19.57516860961914,45.38594436645508
361,players,131,1.0,20.597169876098633,45.33073043823242
361,players,7,0.0,16.5935115814209,29.025775909423828
361,players,18,1.0,,
361,players,154,1.0,,
361,players,10,0.0,19.004756927490234,37.40432357788086
361,players,5,1.0,7.436408042907715,39.44108581542969
362,players,21,0.0,21.306581497192383,58.386634826660156
362,players,14,1.0,5.125450134277344,52.74171829223633
362,players,4,1.0,13.111715316772461,57.98686599731445
362,players,8,0.0,7.3633646965026855,48.22800064086914
362,players,141,1.0,10.713232040405273,21.6705322265625
362,players,15,0.0,,
362,players,149,0.0,,
362,players,136,1.0,,
362,players,1,1.0,13.902259826660156,43.48027801513672
362,players,3,0.0,19.54374122619629,45.327423095703125
362,players,132,0.0,,
362,players,18,1.0,,
362,players,131,1.0,20.523847579956055,45.33558654785156
362,players,10,0.0,18.98069190979004,37.326683044433594
362,players,173,1.0,,
362,players,7,0.0,16.53773307800293,28.74235725402832
362,players,5,1.0,7.359737873077393,39.39043045043945
362,players,9,0.0,6.871470928192139,41.263526916503906
362,players,154,1.0,,
363,players,21,0.0,21.273338317871094,58.48739242553711
363,players,8,0.0,7.229252815246582,48.33637237548828
363,players,4,1.0,13.142749786376953,57.759979248046875
363,players,14,1.0,5.050619125366211,52.884586334228516
363,players,3,0.0,19.54658317565918,45.38105010986328
363,players,149,0.0,,
363,players,131,1.0,20.40680694580078,45.4756965637207
363,players,141,1.0,10.537605285644531,21.675954818725586
363,players,18,1.0,,
363,players,10,0.0,18.936960220336914,37.44641876220703
363,players,1,1.0,13.849754333496094,43.430641174316406
363,players,136,1.0,,
363,players,5,1.0,7.300095558166504,39.507057189941406
363,players,15,0.0,,
363,players,7,0.0,16.466594696044922,28.619232177734375
363,players,173,1.0,,
363,players,9,0.0,6.791685581207275,41.32891082763672
363,players,154,1.0,,
363,players,132,0.0,,
364,players,4,1.0,13.192902565002441,57.58834457397461
364,players,21,0.0,21.240352630615234,58.497314453125
364,players,1,1.0,13.74841022491455,43.473304748535156
364,players,8,0.0,7.159976959228516,48.321739196777344
364,players,9,0.0,6.6869072914123535,41.3499641418457
364,players,18,1.0,,
364,players,7,0.0,16.2702579498291,28.98211669921875
364,players,149,0.0,,
364,players,17,1.0,13.861818313598633,33.02103042602539
364,players,14,1.0,4.973415851593018,52.83921813964844
364,players,141,1.0,10.374300956726074,21.58420753479004
364,players,131,1.0,20.307477951049805,45.58101272583008
364,players,15,0.0,,
364,players,3,0.0,19.499324798583984,45.35726547241211
364,players,5,1.0,7.21157693862915,39.42268753051758
364,players,136,1.0,,
364,players,10,0.0,18.89260482788086,37.33815383911133
364,players,154,1.0,,
364,players,173,1.0,,
365,players,1,1.0,13.669689178466797,43.57491683959961
365,players,21,0.0,21.23299789428711,58.60441589355469
365,players,4,1.0,13.221551895141602,57.68657302856445
365,players,14,1.0,4.898085117340088,52.701568603515625
365,players,141,1.0,10.201690673828125,22.062410354614258
365,players,8,0.0,7.114809989929199,48.472164154052734
365,players,7,0.0,16.147045135498047,29.368797302246094
365,players,9,0.0,6.62750768661499,41.480079650878906
365,players,10,0.0,18.828601837158203,37.41130447387695
365,players,15,0.0,,
365,players,131,1.0,20.20546531677246,45.658058166503906
365,players,17,1.0,13.785605430603027,33.02544021606445
365,players,18,0.0,,
365,players,3,0.0,19.535398483276367,45.47463607788086
365,players,149,0.0,,
365,players,154,1.0,,
365,players,136,1.0,,
365,players,5,1.0,7.158545970916748,39.33388137817383
365,players,173,1.0,,
366,players,1,1.0,13.606422424316406,43.39826202392578
366,players,14,1.0,4.831916332244873,52.6348762512207
366,players,21,0.0,21.205121994018555,58.51011276245117
366,players,141,1.0,10.026143074035645,21.984647750854492
366,players,4,1.0,13.218355178833008,57.77248001098633
366,players,9,0.0,6.539109706878662,41.310020446777344
366,players,7,0.0,16.00629997253418,29.484844207763672
366,players,15,0.0,,
366,players,17,1.0,13.665534019470215,33.109107971191406
366,players,132,0.0,,
366,players,10,0.0,18.74753761291504,37.34076690673828
366,players,131,1.0,20.134328842163086,45.732017517089844
366,players,8,0.0,7.038675308227539,48.473976135253906
366,players,18,0.0,,
366,players,136,1.0,,
366,players,5,1.0,7.071317195892334,39.38484191894531
366,players,3,0.0,19.576662063598633,45.338623046875
366,players,149,0.0,,
366,players,154,1.0,,
366,players,173,1.0,,
367,players,14,1.0,4.7637939453125,52.463436126708984
367,players,1,1.0,13.525227546691895,43.39324951171875
367,players,21,0.0,21.146812438964844,58.6441650390625
367,players,4,1.0,13.19115924835205,57.838951110839844
367,players,9,0.0,6.465909957885742,41.387901306152344
367,players,15,0.0,,
367,players,10,0.0,18.71925163269043,37.24824142456055
367,players,132,0.0,,
367,players,17,1.0,13.537971496582031,32.96216583251953
367,players,131,1.0,20.11130714416504,45.68388366699219
367,players,18,0.0,,
367,players,8,0.0,7.000768661499023,48.40314483642578
367,players,136,1.0,,
367,players,3,0.0,19.63993263244629,45.2054443359375
367,players,173,1.0,,
367,players,149,0.0,,
367,players,5,1.0,6.968677043914795,39.567543029785156
368,players,14,1.0,4.730522155761719,52.346988677978516
368,players,4,1.0,13.154313087463379,57.834041595458984
368,players,1,1.0,13.44363021850586,43.507816314697266
368,players,21,0.0,21.154186248779297,58.74043273925781
368,players,132,0.0,,
368,players,9,0.0,6.361840724945068,41.546424865722656
368,players,10,0.0,18.72393798828125,37.391719818115234
368,players,15,0.0,,
368,players,8,0.0,6.968776702880859,48.46474075317383
368,players,131,1.0,20.043432235717773,45.74127197265625
368,players,141,1.0,9.700278282165527,22.110244750976562
368,players,18,0.0,,
368,players,149,1.0,,
368,players,3,0.0,19.685426712036133,45.65135192871094
368,players,17,1.0,13.384013175964355,33.342777252197266
368,players,173,1.0,,
368,players,136,1.0,,
368,players,154,1.0,,
368,players,5,1.0,6.867791175842285,39.727561950683594
368,players,7,0.0,15.74610710144043,29.605012893676758
369,players,141,1.0,9.526983261108398,21.96683120727539
369,players,14,1.0,4.682670593261719,52.33302307128906
369,players,21,0.0,21.154233932495117,58.77801513671875
369,players,4,1.0,13.163891792297363,57.69790267944336
369,players,132,0.0,,
369,players,10,0.0,18.776521682739258,37.24226760864258
369,players,1,1.0,13.399166107177734,43.454627990722656
369,players,17,1.0,13.290212631225586,33.07083511352539
369,players,7,0.0,15.63241958618164,29.704816818237305
369,players,8,0.0,6.947882652282715,48.480342864990234
369,players,15,0.0,,
369,players,154,1.0,,
369,players,173,1.0,,
369,players,5,1.0,6.760453224182129,39.61915588378906
369,players,9,0.0,6.263800144195557,41.52576446533203
369,players,3,0.0,19.671812057495117,45.79306411743164
369,players,18,0.0,,
369,players,136,1.0,,
369,players,149,1.0,,
370,players,21,0.0,21.129478454589844,58.820594787597656
370,players,141,1.0,9.376538276672363,21.944459915161133
370,players,14,1.0,4.66851282119751,52.32732009887695
370,players,4,1.0,13.203715324401855,57.51864242553711
370,players,8,0.0,6.836153030395508,48.496421813964844
370,players,7,0.0,15.565315246582031,29.527385711669922
370,players,10,0.0,18.715681076049805,37.45429992675781
370,players,17,1.0,13.237288475036621,33.12892532348633
370,players,1,1.0,13.414600372314453,43.51304626464844
370,players,154,1.0,,
370,players,3,0.0,19.68988800048828,45.81198501586914
370,players,5,1.0,6.701924800872803,39.77824783325195
370,players,15,0.0,,
370,players,173,1.0,,
370,players,9,0.0,6.210317134857178,41.412506103515625
370,players,18,1.0,,
370,players,136,1.0,,
370,players,149,1.0,,
370,players,132,0.0,,
371,players,21,0.0,21.062515258789062,58.794429779052734
371,players,4,1.0,13.250046730041504,57.18775177001953
371,players,14,1.0,4.642759799957275,52.48350143432617
371,players,17,1.0,13.15353775024414,32.97343444824219
371,players,8,0.0,6.753292083740234,48.59868240356445
371,players,7,0.0,15.437297821044922,29.57374382019043
371,players,10,0.0,18.681917190551758,37.564510345458984
371,players,3,0.0,19.720266342163086,45.8115348815918
371,players,132,0.0,,
371,players,1,1.0,13.344847679138184,43.49435806274414
371,players,149,1.0,,
371,players,15,0.0,,
371,players,9,0.0,6.145495414733887,41.64775466918945
371,players,141,1.0,9.200386047363281,21.886796951293945
371,players,136,1.0,,
371,players,5,1.0,6.585991382598877,39.738346099853516
371,players,18,1.0,,
371,players,173,1.0,,
371,players,154,1.0,,
372,players,4,1.0,13.294562339782715,57.098018646240234
372,players,21,0.0,21.01909828186035,58.72371292114258
372,players,8,0.0,6.6528472900390625,48.61122131347656
372,players,17,1.0,13.04265022277832,33.18027114868164
372,players,3,0.0,19.69813346862793,45.68541717529297
372,players,132,0.0,,
372,players,14,1.0,4.551177024841309,52.42734909057617
372,players,7,0.0,15.344889640808105,29.52825927734375
372,players,10,0.0,18.697078704833984,37.46510314941406
372,players,1,1.0,13.279062271118164,43.48619842529297
372,players,141,1.0,9.058393478393555,21.83799934387207
372,players,9,0.0,6.032174110412598,41.70784378051758
372,players,149,1.0,,
372,players,15,0.0,,
372,players,5,1.0,6.512956619262695,39.90133285522461
372,players,136,1.0,,
372,players,18,0.0,,
372,players,173,1.0,,
372,players,154,1.0,,
373,players,14,1.0,4.50748348236084,52.46176528930664
373,players,21,0.0,20.99733543395996,58.77642059326172
373,players,4,1.0,13.335477828979492,57.28843307495117
373,players,17,1.0,13.01501178741455,32.97507858276367
373,players,132,0.0,,
373,players,8,0.0,6.621524810791016,48.673492431640625
373,players,1,1.0,13.19912052154541,43.62601852416992
373,players,141,1.0,8.906901359558105,22.23687744140625
373,players,3,0.0,19.690479278564453,45.6583366394043
373,players,10,0.0,18.692476272583008,37.245887756347656
373,players,149,0.0,,
373,players,9,0.0,5.981494903564453,41.71722412109375
373,players,7,0.0,15.229408264160156,29.648042678833008
373,players,154,1.0,,
373,players,15,0.0,,
373,players,18,0.0,,
373,players,5,1.0,6.443881034851074,39.98674392700195
373,players,136,1.0,,
373,players,173,1.0,,
374,players,14,1.0,4.461552143096924,52.42742919921875
374,players,1,1.0,13.130207061767578,43.54471206665039
374,players,21,0.0,21.012460708618164,58.752384185791016
374,players,8,0.0,6.527715682983398,48.56824493408203
374,players,4,1.0,13.388469696044922,57.3145866394043
374,players,141,1.0,8.734281539916992,21.973377227783203
374,players,132,0.0,,
374,players,10,0.0,18.586090087890625,37.460716247558594
374,players,149,0.0,,
374,players,17,1.0,12.856005668640137,33.15067672729492
374,players,7,0.0,15.113422393798828,29.527305603027344
374,players,9,0.0,5.872687816619873,41.68084716796875
374,players,3,0.0,19.84341049194336,45.88701248168945
374,players,154,1.0,,
374,players,173,1.0,,
374,players,15,0.0,,
374,players,18,0.0,,
374,players,136,1.0,,
374,players,5,1.0,6.386237621307373,39.88357162475586
374,players,131,0.0,19.627363204956055,45.896331787109375
375,players,14,1.0,4.421716690063477,52.2073860168457
375,players,1,1.0,13.102910041809082,43.505550384521484
375,players,4,1.0,13.44428825378418,57.27610397338867
375,players,21,0.0,21.023244857788086,58.74384307861328
375,players,10,0.0,18.492216110229492,37.630672454833984
375,players,8,0.0,6.483621120452881,48.706626892089844
375,players,141,1.0,8.5481538772583,22.22751808166504
375,players,7,0.0,14.992476463317871,29.610319137573242
375,players,3,0.0,19.821533203125,46.00369644165039
375,players,132,0.0,,
375,players,149,0.0,,
375,players,9,0.0,5.779238224029541,41.643009185791016
375,players,173,1.0,,
375,players,154,1.0,,
375,players,17,1.0,12.729936599731445,33.35136032104492
375,players,15,0.0,,
375,players,18,0.0,,
375,players,5,1.0,6.164871692657471,40.41707229614258
375,players,136,1.0,,
376,players,14,1.0,4.396885395050049,52.17393493652344
376,players,10,0.0,18.46881866455078,37.657039642333984
376,players,1,1.0,13.042024612426758,43.472076416015625
376,players,4,1.0,13.403743743896484,57.342994689941406
376,players,21,0.0,20.99365234375,58.831661224365234
376,players,17,1.0,12.603238105773926,33.353294372558594
376,players,149,0.0,,
376,players,7,0.0,14.910988807678223,29.832536697387695
376,players,9,0.0,5.680695533752441,41.79718017578125
376,players,15,0.0,,
376,players,3,0.0,19.764665603637695,46.16215896606445
376,players,173,1.0,,
376,players,8,0.0,6.406710147857666,48.84598922729492
376,players,18,0.0,,
376,players,136,1.0,,
376,players,5,1.0,6.125716209411621,40.23151397705078
376,players,182,1.0,,
377,players,14,1.0,4.308995246887207,52.11073684692383
377,players,10,0.0,18.432497024536133,37.63044357299805
377,players,141,1.0,8.214666366577148,22.05583381652832
377,players,4,1.0,13.39555549621582,57.15168380737305
377,players,21,0.0,20.968605041503906,58.696327209472656
377,players,17,1.0,12.502840995788574,33.32529067993164
377,players,1,1.0,12.969255447387695,43.462528228759766
377,players,149,0.0,,
377,players,9,0.0,5.571256637573242,41.749977111816406
377,players,7,0.0,14.747831344604492,29.85971450805664
377,players,173,1.0,,
377,players,136,1.0,,
377,players,3,0.0,19.74764060974121,46.034507751464844
377,players,15,0.0,,
377,players,8,0.0,6.343295574188232,48.803462982177734
377,players,18,0.0,,
377,players,5,1.0,6.037173271179199,40.3085823059082
377,players,154,1.0,,
377,players,131,1.0,19.57170295715332,45.88592529296875
378,players,14,1.0,4.284435272216797,52.21366882324219
378,players,141,1.0,8.075668334960938,22.021121978759766
378,players,4,1.0,13.464031219482422,56.92395782470703
378,players,21,0.0,21.030317306518555,58.73093795776367
378,players,17,1.0,12.43194580078125,33.443443298339844
378,players,149,0.0,,
378,players,1,1.0,12.975576400756836,43.55987548828125
378,players,10,0.0,18.42933464050293,37.79329299926758
378,players,173,1.0,,
378,players,136,1.0,,
378,players,8,0.0,6.32886266708374,48.891841888427734
378,players,7,0.0,14.646644592285156,29.829500198364258
378,players,9,0.0,5.500067710876465,41.73130416870117
378,players,154,1.0,,
378,players,3,0.0,19.76318359375,45.85696792602539
378,players,15,0.0,,
378,players,18,0.0,,
378,players,5,1.0,5.943404674530029,40.22954559326172
378,players,132,0.0,,
379,players,17,1.0,12.35244083404541,33.33420181274414
379,players,14,1.0,4.277656078338623,52.22690963745117
379,players,4,1.0,13.504188537597656,56.78158187866211
379,players,21,0.0,21.01463508605957,58.74776840209961
379,players,141,1.0,7.8977837562561035,21.986541748046875
379,players,132,0.0,,
379,players,1,1.0,12.933465003967285,43.57530975341797
379,players,149,0.0,,
379,players,136,1.0,,
379,players,173,1.0,,
379,players,8,0.0,6.272762775421143,48.94185256958008
379,players,9,0.0,5.395358085632324,41.804935455322266
379,players,15,0.0,,
379,players,18,0.0,,
379,players,10,0.0,18.444843292236328,37.67208480834961
379,players,154,1.0,,
379,players,5,1.0,5.8556413650512695,40.39651870727539
379,players,131,1.0,19.56928825378418,45.98920440673828
379,players,3,0.0,19.766042709350586,46.277957916259766
379,players,184,0.0,,
380,players,21,0.0,20.975849151611328,58.790828704833984
380,players,14,1.0,4.277978420257568,52.43201446533203
380,players,132,0.0,,
380,players,149,0.0,,
380,players,4,1.0,13.593164443969727,56.6501579284668
380,players,131,1.0,19.472558975219727,46.542877197265625
380,players,8,0.0,6.236432075500488,49.0096549987793
380,players,141,1.0,7.714101791381836,21.81049156188965
380,players,17,1.0,12.245577812194824,33.409820556640625
380,players,1,1.0,12.894845962524414,43.52287673950195
380,players,136,1.0,,
380,players,15,0.0,,
380,players,18,0.0,,
380,players,9,0.0,5.303305149078369,41.896507263183594
380,players,173,1.0,,
380,players,10,0.0,18.392438888549805,37.654998779296875
380,players,5,1.0,5.715298175811768,40.39398956298828
380,players,154,1.0,,
380,players,184,0.0,,
380,players,7,0.0,14.410087585449219,29.736352920532227
381,players,21,0.0,20.990814208984375,58.77338409423828
381,players,132,0.0,,
381,players,141,1.0,7.547167778015137,22.181697845458984
381,players,14,1.0,4.220355033874512,52.48720932006836
381,players,131,1.0,19.428380966186523,46.67024230957031
381,players,149,0.0,,
381,players,8,0.0,6.164683818817139,49.09921646118164
381,players,4,1.0,13.599259376525879,56.85149002075195
381,players,1,1.0,12.884416580200195,43.572391510009766
381,players,7,0.0,14.266969680786133,30.032550811767578
381,players,136,1.0,,
381,players,17,1.0,12.134711265563965,33.54317092895508
381,players,18,0.0,,
381,players,15,0.0,,
381,players,173,1.0,,
381,players,5,1.0,5.581242084503174,40.272823333740234
381,players,10,0.0,18.37361717224121,37.674922943115234
381,players,154,1.0,,
381,players,182,1.0,,
381,players,9,0.0,5.2484564781188965,42.087379455566406
381,players,184,0.0,,
382,players,21,0.0,20.97817611694336,58.72473907470703
382,players,141,1.0,7.354462623596191,22.36655044555664
382,players,4,1.0,13.63143253326416,56.85179901123047
382,players,149,0.0,,
382,players,8,0.0,6.0559492111206055,49.21268844604492
382,players,7,0.0,14.12158489227295,30.056480407714844
382,players,17,1.0,12.035501480102539,33.28377914428711
382,players,14,1.0,4.122128963470459,52.460269927978516
382,players,1,1.0,12.80580997467041,43.72113037109375
382,players,9,0.0,5.0958147048950195,42.17293930053711
382,players,132,0.0,,
382,players,136,1.0,,
382,players,154,1.0,,
382,players,5,1.0,5.527651786804199,40.49634552001953
382,players,3,0.0,19.629154205322266,46.58872604370117
382,players,131,1.0,19.485031127929688,46.18291473388672
382,players,18,0.0,,
382,players,15,0.0,,
382,players,10,0.0,18.279510498046875,37.75516891479492
382,players,173,1.0,,
383,players,8,0.0,5.992697238922119,49.13319778442383
383,players,14,1.0,4.033000469207764,52.297515869140625
383,players,21,0.0,20.983383178710938,58.800479888916016
383,players,17,1.0,11.886672973632812,33.378753662109375
383,players,10,0.0,18.281532287597656,37.552276611328125
383,players,141,1.0,7.193450927734375,22.509784698486328
383,players,149,0.0,,
383,players,7,0.0,14.001203536987305,30.2192440032959
383,players,9,0.0,5.001407146453857,42.23992919921875
383,players,1,1.0,12.790703773498535,43.674320220947266
383,players,4,1.0,13.660602569580078,56.77661895751953
383,players,154,1.0,,
383,players,132,0.0,,
383,players,173,1.0,,
383,players,3,0.0,19.71855926513672,46.53678894042969
383,players,136,1.0,,
383,players,5,1.0,5.454483985900879,40.64950942993164
383,players,18,0.0,,
383,players,15,0.0,,
383,players,182,1.0,,
383,players,131,1.0,19.517536163330078,45.753170013427734
384,players,14,1.0,4.028324604034424,52.138301849365234
384,players,8,0.0,5.9553117752075195,49.14077377319336
384,players,10,0.0,18.22412109375,37.64889144897461
384,players,21,0.0,21.016769409179688,58.8251953125
384,players,149,0.0,,
384,players,17,1.0,11.771681785583496,33.542301177978516
384,players,9,0.0,4.941401958465576,42.460243225097656
384,players,132,0.0,,
384,players,173,1.0,,
384,players,1,1.0,12.733095169067383,43.756046295166016
384,players,4,1.0,13.66115951538086,56.90825653076172
384,players,3,0.0,19.64878273010254,46.628204345703125
384,players,131,1.0,19.399864196777344,45.541648864746094
384,players,182,1.0,,
384,players,7,0.0,13.828641891479492,30.245758056640625
384,players,5,1.0,5.368693828582764,40.596702575683594
384,players,15,0.0,,
384,players,154,1.0,,
384,players,141,1.0,6.97822380065918,22.669038772583008
384,players,18,0.0,,
385,players,14,1.0,3.974914312362671,51.99047088623047
385,players,8,0.0,5.862668514251709,49.13371276855469
385,players,149,0.0,,
385,players,21,0.0,20.98875617980957,58.86714172363281
385,players,17,1.0,11.677275657653809,33.31591033935547
385,players,141,1.0,6.817615032196045,22.508079528808594
385,players,10,0.0,18.21575355529785,37.41555404663086
385,players,132,0.0,,
385,players,4,1.0,13.632888793945312,56.84659957885742
385,players,9,0.0,4.844393730163574,42.339351654052734
385,players,3,0.0,19.592065811157227,46.45182418823242
385,players,173,1.0,,
385,players,7,0.0,13.677111625671387,30.376089096069336
385,players,131,1.0,19.31074333190918,45.441688537597656
385,players,182,1.0,,
385,players,5,1.0,5.287914752960205,40.5035285949707
385,players,18,0.0,,
385,players,15,0.0,,
385,players,154,1.0,,
385,players,1,1.0,12.586221694946289,43.90024948120117
386,players,14,1.0,3.9215424060821533,52.03553009033203
386,players,21,0.0,20.95074462890625,58.96608352661133
386,players,4,1.0,13.6508207321167,56.9295654296875
386,players,8,0.0,5.800014972686768,49.40130615234375
386,players,1,1.0,12.556958198547363,44.08530807495117
386,players,17,1.0,11.59277629852295,33.63235855102539
386,players,149,0.0,,
386,players,141,1.0,6.668598175048828,22.57550811767578
386,players,132,0.0,,
386,players,10,0.0,18.186573028564453,37.74386215209961
386,players,9,0.0,4.744978427886963,42.58088302612305
386,players,154,1.0,,
386,players,3,0.0,19.5643310546875,46.57109832763672
386,players,173,1.0,,
386,players,5,1.0,5.265222072601318,40.74163818359375
386,players,182,1.0,,
386,players,7,0.0,13.593185424804688,30.604873657226562
386,players,131,1.0,19.28731918334961,45.51276397705078
386,players,18,0.0,,
386,players,15,0.0,,
387,players,4,1.0,13.722771644592285,56.91498947143555
387,players,21,0.0,20.881078720092773,58.997886657714844
387,players,1,1.0,12.496767044067383,44.02214431762695
387,players,14,1.0,3.847283124923706,51.9986686706543
387,players,132,0.0,,
387,players,141,1.0,6.511743545532227,22.439430236816406
387,players,149,0.0,,
387,players,8,0.0,5.755108833312988,49.38481140136719
387,players,17,1.0,11.451061248779297,33.56414794921875
387,players,7,0.0,13.469195365905762,30.763099670410156
387,players,10,0.0,18.195539474487305,37.6801643371582
387,players,154,1.0,,
387,players,182,1.0,,
387,players,3,0.0,19.548824310302734,46.597835540771484
387,players,131,1.0,19.262598037719727,45.449161529541016
387,players,9,0.0,4.674394607543945,42.478275299072266
387,players,5,1.0,5.147904872894287,40.77073287963867
387,players,15,0.0,,
387,players,173,1.0,,
387,players,184,1.0,,
387,players,18,0.0,,
388,players,4,1.0,13.766733169555664,56.72300720214844
388,players,21,0.0,20.78434181213379,59.02020263671875
388,players,17,1.0,11.401832580566406,33.50053024291992
388,players,149,0.0,,
388,players,1,1.0,12.437016487121582,43.90546798706055
388,players,14,1.0,3.8227269649505615,52.01800537109375
388,players,5,1.0,5.060009002685547,40.67949295043945
388,players,154,1.0,,
388,players,8,0.0,5.777866840362549,49.455833435058594
388,players,7,0.0,13.366278648376465,30.65311050415039
388,players,136,1.0,,
388,players,132,0.0,,
388,players,131,1.0,19.2297420501709,45.33808517456055
388,players,173,1.0,23.261743545532227,46.84111022949219
388,players,10,0.0,18.24187469482422,37.61143493652344
388,players,141,1.0,6.338459014892578,22.41880989074707
388,players,3,1.0,19.48924446105957,46.68883514404297
388,players,15,0.0,,
388,players,9,0.0,4.604341506958008,42.511375427246094
388,players,18,0.0,,
389,players,21,0.0,20.78142738342285,58.99414825439453
389,players,8,0.0,5.801671981811523,49.58499526977539
389,players,17,1.0,11.409126281738281,33.5238151550293
389,players,4,1.0,13.805075645446777,56.744911193847656
389,players,149,0.0,,
389,players,1,1.0,12.383550643920898,44.089935302734375
389,players,14,1.0,3.8333208560943604,52.03025817871094
389,players,7,0.0,13.307840347290039,30.669858932495117
389,players,5,1.0,4.997893333435059,40.82851791381836
389,players,141,1.0,6.196864128112793,22.618144989013672
389,players,9,0.0,4.572407245635986,42.741615295410156
389,players,173,1.0,23.23920249938965,46.928466796875
389,players,136,1.0,,
389,players,10,0.0,18.23656463623047,37.80470275878906
389,players,15,0.0,,
389,players,3,1.0,19.43280792236328,46.75806427001953
389,players,131,1.0,19.156185150146484,45.55296325683594
389,players,154,1.0,,
389,players,18,0.0,,
390,players,21,0.0,20.765127182006836,59.00368881225586
390,players,149,0.0,,
390,players,17,1.0,11.3754301071167,33.488914489746094
390,players,1,1.0,12.330904960632324,44.093231201171875
390,players,141,1.0,6.043086528778076,22.722124099731445
390,players,14,1.0,3.7909815311431885,52.02986526489258
390,players,8,0.0,5.702454566955566,49.570274353027344
390,players,4,1.0,13.789541244506836,56.69589614868164
390,players,7,0.0,13.178060531616211,30.782962799072266
390,players,9,0.0,4.502971649169922,42.70175552368164
390,players,10,0.0,18.226276397705078,37.72064208984375
390,players,173,1.0,23.18918800354004,46.998870849609375
390,players,136,1.0,,
390,players,154,1.0,,
390,players,5,1.0,4.895220756530762,40.911983489990234
390,players,3,0.0,19.32447052001953,46.715667724609375
390,players,15,0.0,,
390,players,18,0.0,,
390,players,131,1.0,19.04378318786621,45.81121826171875
391,players,21,0.0,20.736679077148438,59.09029006958008
391,players,149,0.0,,
391,players,14,1.0,3.711333990097046,52.0705451965332
391,players,17,1.0,11.30965805053711,33.62863540649414
391,players,1,1.0,12.330384254455566,44.23699951171875
391,players,141,1.0,5.898338794708252,22.895221710205078
391,players,8,0.0,5.665018081665039,49.56217575073242
391,players,10,0.0,18.16663932800293,37.83944320678711
391,players,4,1.0,13.71757698059082,56.77267837524414
391,players,7,0.0,13.106240272521973,30.615379333496094
391,players,154,1.0,,
391,players,9,0.0,4.381160736083984,42.7386474609375
391,players,173,1.0,23.12257957458496,47.25596618652344
391,players,3,0.0,19.240421295166016,46.698055267333984
391,players,5,1.0,4.765192031860352,41.07269287109375
391,players,136,1.0,,
391,players,15,0.0,,
391,players,18,0.0,,
391,players,131,0.0,19.139755249023438,46.31966781616211
392,players,14,1.0,3.694927930831909,52.04158020019531
392,players,149,0.0,,
392,players,21,0.0,20.753808975219727,59.04475021362305
392,players,1,1.0,12.271562576293945,44.335201263427734
392,players,154,1.0,,
392,players,132,0.0,,
392,players,4,1.0,13.678722381591797,56.770172119140625
392,players,17,1.0,11.211780548095703,33.68836975097656
392,players,141,1.0,5.744381904602051,23.218570709228516
392,players,8,0.0,5.608644008636475,49.59621810913086
392,players,10,0.0,18.116106033325195,37.96858215332031
392,players,9,0.0,4.308185577392578,42.826786041259766
392,players,173,1.0,23.11452865600586,47.38444137573242
392,players,7,0.0,12.97842788696289,30.589366912841797
392,players,136,1.0,,
392,players,3,0.0,19.06340789794922,46.64552307128906
392,players,18,0.0,,
392,players,5,1.0,4.683167457580566,41.19147872924805
392,players,15,0.0,,
392,players,131,0.0,18.94916534423828,45.69011306762695
393,players,14,1.0,3.655747175216675,51.66331481933594
393,players,132,0.0,,
393,players,4,1.0,13.661233901977539,56.546974182128906
393,players,1,1.0,12.171492576599121,44.29972839355469
393,players,21,0.0,20.70180320739746,59.03044891357422
393,players,154,1.0,,
393,players,149,0.0,,
393,players,17,1.0,11.145294189453125,33.53656005859375
393,players,8,0.0,5.568295478820801,49.342529296875
393,players,10,0.0,18.155885696411133,37.717403411865234
393,players,3,0.0,18.91986846923828,46.404048919677734
393,players,7,0.0,12.86335563659668,30.63790512084961
393,players,9,0.0,4.22756814956665,42.90121078491211
393,players,136,1.0,,
393,players,173,1.0,23.05313491821289,47.3691291809082
393,players,18,0.0,,
393,players,15,0.0,,
393,players,5,1.0,4.477657318115234,42.89620590209961
393,players,141,1.0,5.5931782722473145,23.11788558959961
394,players,14,1.0,3.6446642875671387,51.57543182373047
394,players,132,0.0,,
394,players,21,0.0,20.66497230529785,59.15142059326172
394,players,4,1.0,13.67345905303955,56.526283264160156
394,players,149,0.0,,
394,players,1,1.0,12.119772911071777,44.50543975830078
394,players,17,1.0,11.12729263305664,33.629390716552734
394,players,8,0.0,5.59589958190918,49.37592315673828
394,players,141,1.0,5.4744086265563965,23.277055740356445
394,players,154,1.0,,
394,players,9,0.0,4.160644054412842,42.82270050048828
394,players,7,0.0,12.8402681350708,31.03812026977539
394,players,10,0.0,18.130496978759766,38.058528900146484
394,players,173,1.0,22.963468551635742,47.59292984008789
394,players,18,0.0,,
394,players,3,0.0,18.866479873657227,46.52244567871094
394,players,136,1.0,,
394,players,5,1.0,4.465526580810547,42.00252914428711
394,players,15,0.0,,
395,players,14,1.0,3.5373871326446533,51.57859802246094
395,players,132,0.0,,
395,players,149,0.0,,
395,players,21,0.0,20.577241897583008,59.26866149902344
395,players,4,1.0,13.602544784545898,56.55485534667969
395,players,17,1.0,11.034860610961914,33.733184814453125
395,players,141,1.0,5.330489158630371,23.13372230529785
395,players,8,0.0,5.54581880569458,49.46709060668945
395,players,1,1.0,11.968999862670898,44.77592468261719
395,players,9,0.0,4.055682182312012,42.8310546875
395,players,10,0.0,18.042495727539062,38.28769302368164
395,players,7,0.0,12.761775970458984,31.015625
395,players,18,0.0,,
395,players,173,1.0,22.895292282104492,47.573829650878906
395,players,5,1.0,4.415302276611328,41.60451889038086
395,players,136,1.0,,
395,players,15,0.0,,
395,players,3,0.0,18.737117767333984,46.456600189208984
396,players,21,0.0,20.49827766418457,59.26123809814453
396,players,14,1.0,3.457047700881958,51.530181884765625
396,players,149,0.0,,
396,players,4,1.0,13.577934265136719,56.472618103027344
396,players,132,0.0,,
396,players,17,1.0,10.959129333496094,33.606788635253906
396,players,141,1.0,5.190484523773193,23.09981346130371
396,players,173,1.0,22.810020446777344,47.61130905151367
396,players,9,0.0,3.9314446449279785,42.871517181396484
396,players,7,0.0,12.69279956817627,30.878870010375977
396,players,1,1.0,11.9131441116333,44.83495330810547
396,players,154,1.0,23.182598114013672,11.197288513183594
396,players,8,0.0,5.4992570877075195,49.535865783691406
396,players,18,0.0,,
396,players,10,0.0,18.00787925720215,38.150962829589844
396,players,15,0.0,,
396,players,5,1.0,4.336813449859619,41.78591537475586
396,players,136,1.0,,
396,players,3,0.0,18.64337158203125,46.62449645996094
397,players,4,1.0,13.58720874786377,56.31349563598633
397,players,14,1.0,3.4837329387664795,51.52591323852539
397,players,149,0.0,,
397,players,21,0.0,20.424177169799805,59.28407669067383
397,players,132,0.0,,
397,players,7,0.0,12.64223575592041,30.92191505432129
397,players,154,1.0,23.03765106201172,11.222692489624023
397,players,8,0.0,5.609572887420654,49.74227523803711
397,players,173,1.0,22.7179012298584,47.758907318115234
397,players,1,1.0,11.910431861877441,44.95929718017578
397,players,141,1.0,5.043869495391846,22.876325607299805
397,players,9,0.0,3.9389872550964355,42.921119689941406
397,players,3,0.0,18.49858283996582,46.786537170410156
397,players,10,0.0,17.951711654663086,38.425880432128906
397,players,18,0.0,,
397,players,17,1.0,10.869058609008789,33.68285369873047
397,players,136,1.0,,
397,players,15,0.0,,
397,players,5,1.0,4.204521179199219,41.60538101196289
398,players,4,1.0,13.575785636901855,56.28646469116211
398,players,149,0.0,,
398,players,21,0.0,20.336050033569336,59.30158615112305
398,players,8,0.0,5.600555419921875,49.67380142211914
398,players,14,1.0,3.502169132232666,51.539215087890625
398,players,7,0.0,12.545554161071777,30.96295738220215
398,players,154,1.0,22.88289451599121,11.138348579406738
398,players,1,1.0,11.886548042297363,45.03521728515625
398,players,173,1.0,22.685327529907227,47.73493194580078
398,players,132,0.0,,
398,players,141,1.0,4.879290580749512,22.754642486572266
398,players,10,0.0,17.982969284057617,38.35860061645508
398,players,17,1.0,10.810544967651367,33.53590393066406
398,players,9,0.0,3.8821940422058105,43.158756256103516
398,players,15,0.0,,
398,players,131,1.0,18.61989974975586,46.14392852783203
398,players,18,0.0,,
398,players,136,1.0,,
398,players,5,1.0,4.135593891143799,41.74709701538086
398,players,3,0.0,18.368375778198242,46.88235855102539
399,players,4,1.0,13.552188873291016,56.26393508911133
399,players,149,0.0,,
399,players,132,0.0,,
399,players,14,1.0,3.4272913932800293,51.65424728393555
399,players,21,0.0,20.327049255371094,59.312374114990234
399,players,1,1.0,11.805315971374512,45.390159606933594
399,players,141,1.0,4.724109172821045,23.125391006469727
399,players,8,0.0,5.540655136108398,49.73896026611328
399,players,7,0.0,12.433479309082031,31.29131507873535
399,players,173,1.0,22.62990951538086,47.93838119506836
399,players,17,1.0,10.752838134765625,33.576171875
399,players,10,0.0,18.009408950805664,38.184295654296875
399,players,9,0.0,3.9065663814544678,43.27949142456055
399,players,18,0.0,,
399,players,3,0.0,17.882314682006836,47.064491271972656
399,players,15,0.0,,
399,players,154,1.0,22.664243698120117,11.453071594238281
399,players,136,1.0,,
399,players,131,1.0,18.489900588989258,46.50412368774414
399,players,5,0.0,4.007822036743164,42.16947937011719
400,players,4,1.0,13.490045547485352,56.23619079589844
400,players,21,0.0,20.29322624206543,59.19469451904297
400,players,14,1.0,3.3156373500823975,51.57427215576172
400,players,8,0.0,5.49380350112915,49.92758560180664
400,players,149,0.0,,
400,players,141,1.0,4.558965682983398,23.06850814819336
400,players,1,1.0,11.760774612426758,45.43162536621094
400,players,132,0.0,,
400,players,17,1.0,10.675057411193848,33.50645446777344
400,players,173,1.0,22.556474685668945,48.04035568237305
400,players,154,1.0,22.54922103881836,11.1251859664917
400,players,10,0.0,17.97277069091797,38.17119598388672
400,players,9,0.0,3.809173583984375,43.29397964477539
400,players,3,0.0,17.746793746948242,46.97247314453125
400,players,18,0.0,,
400,players,15,0.0,,
400,players,136,1.0,,
400,players,131,1.0,18.359968185424805,46.62646484375
400,players,5,0.0,3.8751087188720703,42.756500244140625
400,players,7,0.0,12.312583923339844,31.059364318847656
401,players,8,0.0,5.448404312133789,49.93095016479492
401,players,21,0.0,20.220306396484375,59.126747131347656
401,players,4,1.0,13.431295394897461,56.155723571777344
401,players,10,0.0,17.932594299316406,38.1933479309082
401,players,14,1.0,3.255796432495117,51.63969421386719
401,players,141,1.0,4.402374744415283,23.14793586730957
401,players,132,0.0,,
401,players,149,0.0,,
401,players,17,1.0,10.575990676879883,33.50975036621094
401,players,1,1.0,11.77442741394043,45.53488540649414
401,players,9,0.0,3.713865041732788,43.30701446533203
401,players,154,1.0,22.327619552612305,11.065980911254883
401,players,173,1.0,22.437747955322266,48.17826843261719
401,players,3,0.0,17.556684494018555,47.02058792114258
401,players,7,0.0,12.202642440795898,31.116992950439453
401,players,18,0.0,,
401,players,131,1.0,18.337894439697266,45.96230697631836
401,players,15,0.0,,
401,players,136,1.0,,
401,players,5,1.0,3.8377363681793213,40.79594802856445
401,players,198,1.0,,
402,players,8,0.0,5.487639427185059,49.92491912841797
402,players,21,0.0,20.159339904785156,59.22216033935547
402,players,14,1.0,3.2829647064208984,51.67565155029297
402,players,10,0.0,17.983779907226562,38.13359451293945
402,players,132,0.0,,
402,players,4,1.0,13.373379707336426,56.270442962646484
402,players,154,1.0,22.31639862060547,10.745113372802734
402,players,17,1.0,10.553139686584473,33.692596435546875
402,players,149,0.0,,
402,players,141,1.0,4.322939872741699,23.4061336517334
402,players,1,1.0,11.795999526977539,45.74369430541992
402,players,9,0.0,3.666910171508789,43.50837326049805
402,players,173,1.0,22.371076583862305,48.46282958984375
402,players,7,0.0,12.2236909866333,31.296510696411133
402,players,18,0.0,,
402,players,131,1.0,18.291316986083984,45.76007843017578
402,players,15,0.0,,
402,players,3,0.0,17.419261932373047,47.078617095947266
402,players,136,1.0,,
402,players,5,1.0,3.768186092376709,40.935546875
403,players,8,0.0,5.462325096130371,49.878665924072266
403,players,21,0.0,20.074617385864258,59.28541564941406
403,players,14,1.0,3.245725631713867,51.59516525268555
403,players,4,1.0,13.308314323425293,56.19627380371094
403,players,1,1.0,11.76898193359375,45.63252639770508
403,players,10,0.0,17.991682052612305,38.109642028808594
403,players,154,1.0,22.196680068969727,10.547670364379883
403,players,17,1.0,10.478307723999023,33.70606994628906
403,players,132,0.0,,
403,players,149,0.0,,
403,players,9,0.0,3.597156286239624,43.46791076660156
403,players,173,1.0,22.288782119750977,48.519622802734375
403,players,7,0.0,12.177396774291992,31.3095645904541
403,players,18,0.0,,
403,players,15,0.0,,
403,players,141,1.0,4.195308208465576,23.277088165283203
403,players,131,1.0,18.261796951293945,45.61123275756836
403,players,136,1.0,,
403,players,3,0.0,17.241052627563477,47.11911392211914
403,players,198,0.0,,
403,players,5,0.0,3.6432814598083496,41.010196685791016
404,players,14,1.0,3.2202680110931396,51.66225051879883
404,players,4,1.0,13.254056930541992,56.184452056884766
404,players,17,1.0,10.391504287719727,33.77091598510742
404,players,21,0.0,20.001760482788086,59.27698516845703
404,players,173,1.0,22.1588134765625,48.75094985961914
404,players,18,0.0,,
404,players,1,1.0,11.7335205078125,45.58646011352539
404,players,8,0.0,5.5014729499816895,49.93598175048828
404,players,10,0.0,17.98843765258789,38.256614685058594
404,players,141,1.0,4.087116718292236,23.28365707397461
404,players,132,0.0,,
404,players,7,0.0,12.123469352722168,31.281959533691406
404,players,149,0.0,,
404,players,15,0.0,,
404,players,131,1.0,18.062021255493164,45.941078186035156
404,players,136,1.0,,
404,players,154,1.0,22.029632568359375,10.5535306930542
404,players,3,0.0,17.08428192138672,46.94774627685547
404,players,9,0.0,3.5661187171936035,43.10045623779297
404,players,5,0.0,3.5562517642974854,41.42271041870117
405,players,21,0.0,19.833234786987305,59.36996841430664
405,players,4,1.0,13.10774040222168,56.258094787597656
405,players,18,0.0,,
405,players,1,1.0,11.728724479675293,45.44941329956055
405,players,14,1.0,3.111217737197876,51.645137786865234
405,players,141,1.0,3.9216082096099854,23.31079864501953
405,players,7,0.0,12.011229515075684,31.334880828857422
405,players,10,0.0,17.942277908325195,38.30670166015625
405,players,17,1.0,10.232304573059082,33.78329086303711
405,players,132,0.0,,
405,players,8,0.0,5.618391513824463,50.029022216796875
405,players,149,0.0,,
405,players,9,0.0,3.454503059387207,43.65885543823242
405,players,131,1.0,18.024532318115234,45.72576141357422
405,players,173,1.0,22.066814422607422,48.77481460571289
405,players,182,1.0,,
405,players,154,1.0,21.816102981567383,10.401687622070312
405,players,15,0.0,,
405,players,3,0.0,16.83176040649414,47.01165771484375
405,players,136,1.0,,
406,players,4,1.0,13.03359603881836,56.218238830566406
406,players,17,1.0,10.117472648620605,33.70585250854492
406,players,21,0.0,19.757902145385742,59.36701965332031
406,players,14,1.0,3.058623790740967,51.5455207824707
406,players,141,1.0,3.834228515625,22.95779037475586
406,players,1,1.0,11.707986831665039,45.692649841308594
406,players,7,0.0,11.923136711120605,31.23178482055664
406,players,132,0.0,,
406,players,18,0.0,,
406,players,10,0.0,17.862720489501953,38.605403900146484
406,players,154,1.0,21.6479549407959,10.06899642944336
406,players,149,0.0,,
406,players,8,0.0,5.565976142883301,49.935420989990234
406,players,173,1.0,21.93212890625,48.98390197753906
406,players,131,1.0,17.945072174072266,45.75574493408203
406,players,182,1.0,,
406,players,9,0.0,3.3783907890319824,43.58318328857422
406,players,5,1.0,3.3079497814178467,39.375328063964844
406,players,3,0.0,16.584022521972656,47.00283432006836
406,players,15,0.0,,
407,players,21,0.0,19.691911697387695,59.379276275634766
407,players,17,1.0,10.053115844726562,33.7254753112793
407,players,173,1.0,21.85757064819336,49.022186279296875
407,players,7,0.0,11.81558895111084,31.315467834472656
407,players,4,1.0,12.910453796386719,56.33913040161133
407,players,8,0.0,5.570842266082764,50.07469940185547
407,players,10,0.0,17.839323043823242,38.51227951049805
407,players,14,1.0,3.0150485038757324,51.56142807006836
407,players,141,1.0,3.7019436359405518,23.115070343017578
407,players,149,0.0,,
407,players,132,0.0,,
407,players,1,1.0,11.648370742797852,45.961795806884766
407,players,18,0.0,,
407,players,154,1.0,21.471717834472656,10.083112716674805
407,players,131,1.0,17.84419822692871,45.648765563964844
407,players,182,1.0,,
407,players,15,0.0,,
407,players,9,0.0,3.3161795139312744,43.668418884277344
407,players,3,0.0,16.46066665649414,47.037078857421875
407,players,5,0.0,3.283585548400879,41.507999420166016
408,players,10,0.0,17.780988693237305,38.574947357177734
408,players,21,0.0,19.619796752929688,59.33240509033203
408,players,4,1.0,12.7819242477417,56.29605484008789
408,players,17,1.0,9.973843574523926,33.838348388671875
408,players,173,1.0,21.804325103759766,48.93022155761719
408,players,14,1.0,2.9772565364837646,51.623008728027344
408,players,141,1.0,3.5447824001312256,22.94658660888672
408,players,149,0.0,,
408,players,132,0.0,,
408,players,1,1.0,11.56362533569336,46.401100158691406
408,players,8,0.0,5.54640531539917,50.02945327758789
408,players,18,0.0,,
408,players,7,0.0,11.6940336227417,31.205821990966797
408,players,154,1.0,21.261558532714844,10.065784454345703
408,players,182,1.0,,
408,players,3,0.0,16.03767204284668,46.82358169555664
408,players,9,0.0,3.2447402477264404,43.676170349121094
408,players,15,0.0,,
408,players,131,1.0,17.68256950378418,45.79758071899414
408,players,5,1.0,3.1356735229492188,41.31332778930664
409,players,4,1.0,12.673874855041504,56.247920989990234
409,players,141,1.0,3.3848259449005127,22.87828826904297
409,players,14,1.0,2.8942625522613525,51.47708511352539
409,players,21,0.0,19.602689743041992,59.20051574707031
409,players,10,0.0,17.731775283813477,38.72676467895508
409,players,173,1.0,21.760162353515625,48.86314392089844
409,players,132,0.0,,
409,players,149,0.0,,
409,players,1,1.0,11.579791069030762,46.41161346435547
409,players,7,0.0,11.615731239318848,31.117067337036133
409,players,17,1.0,9.871623039245605,33.742218017578125
409,players,131,1.0,17.59552574157715,45.848201751708984
409,players,8,0.0,5.502276420593262,49.99519729614258
409,players,18,0.0,,
409,players,9,0.0,3.1994669437408447,43.63255310058594
409,players,182,1.0,,
409,players,154,1.0,21.08680534362793,9.86695671081543
409,players,15,0.0,,
409,players,3,0.0,15.787994384765625,46.869380950927734
410,players,4,1.0,12.581783294677734,56.40435028076172
410,players,14,1.0,2.8784589767456055,51.64965057373047
410,players,8,0.0,5.537608623504639,50.292137145996094
410,players,10,0.0,17.760986328125,38.87333297729492
410,players,141,1.0,3.3495657444000244,23.00479507446289
410,players,7,0.0,11.60401439666748,31.376575469970703
410,players,21,0.0,19.601377487182617,59.215850830078125
410,players,149,0.0,,
410,players,132,0.0,,
410,players,173,1.0,21.66806411743164,49.303646087646484
410,players,17,1.0,9.843597412109375,34.06069564819336
410,players,1,1.0,11.594741821289062,46.51858139038086
410,players,3,0.0,15.64294147491455,46.984474182128906
410,players,131,1.0,17.56697654724121,46.0694580078125
410,players,18,0.0,,
410,players,182,1.0,,
410,players,154,1.0,21.0321102142334,9.80766773223877
410,players,15,0.0,,
410,players,9,0.0,3.1767940521240234,43.59943771362305
410,players,5,1.0,2.9802682399749756,43.179378509521484
411,players,4,1.0,12.519594192504883,56.37351608276367
411,players,14,1.0,2.8651981353759766,51.52751922607422
411,players,8,0.0,5.542579174041748,50.09012222290039
411,players,10,0.0,17.71286964416504,38.995391845703125
411,players,141,1.0,3.271986484527588,22.87940216064453
411,players,149,0.0,,
411,players,131,1.0,17.56386375427246,45.857059478759766
411,players,1,1.0,11.55835247039795,46.4203987121582
411,players,154,1.0,20.867477416992188,9.653568267822266
411,players,21,0.0,19.582305908203125,59.039852142333984
411,players,132,0.0,,
411,players,173,1.0,21.59706687927246,49.31260299682617
411,players,18,0.0,,
411,players,17,1.0,9.770964622497559,33.938140869140625
411,players,7,0.0,11.561149597167969,31.3466739654541
411,players,3,0.0,15.52524185180664,46.82456588745117
411,players,182,1.0,,
411,players,9,0.0,3.104381561279297,43.66770935058594
411,players,15,0.0,,
411,players,5,1.0,2.837430715560913,42.145225524902344
412,players,14,1.0,2.815777063369751,51.38314437866211
412,players,4,1.0,12.421307563781738,56.26073455810547
412,players,8,0.0,5.622654914855957,49.939666748046875
412,players,149,0.0,,
412,players,131,1.0,17.57767677307129,45.63754653930664
412,players,141,1.0,3.196293592453003,22.687076568603516
412,players,17,1.0,9.698357582092285,33.8672981262207
412,players,10,0.0,17.704374313354492,38.90272521972656
412,players,173,1.0,21.51673126220703,49.27867889404297
412,players,1,1.0,11.530474662780762,46.43500900268555
412,players,18,0.0,,
412,players,154,1.0,20.769155502319336,9.159964561462402
412,players,3,0.0,15.382672309875488,46.826358795166016
412,players,21,0.0,19.527400970458984,58.9023551940918
412,players,132,0.0,,
412,players,15,0.0,,
412,players,9,0.0,3.0690813064575195,43.53974151611328
412,players,182,1.0,,
412,players,7,0.0,11.548395156860352,31.3074951171875
412,players,5,1.0,2.7689049243927,43.2581672668457
413,players,14,1.0,2.826247215270996,51.34437942504883
413,players,131,1.0,17.614242553710938,45.53703308105469
413,players,3,0.0,15.196709632873535,47.17790603637695
413,players,4,1.0,12.370088577270508,56.24648666381836
413,players,17,1.0,9.688087463378906,33.890995025634766
413,players,141,1.0,3.258331775665283,22.693668365478516
413,players,8,0.0,5.713287830352783,50.116451263427734
413,players,21,0.0,19.496335983276367,58.784400939941406
413,players,18,0.0,,
413,players,173,1.0,21.430404663085938,49.438934326171875
413,players,10,0.0,17.7025089263916,38.99332809448242
413,players,149,0.0,,
413,players,7,0.0,11.612486839294434,31.27945899963379
413,players,154,1.0,20.66579246520996,9.149433135986328
413,players,15,0.0,,
413,players,1,1.0,11.519144058227539,46.792171478271484
413,players,132,0.0,,
413,players,182,1.0,,
413,players,9,0.0,3.052583694458008,43.50212860107422
413,players,5,1.0,2.7443039417266846,43.176185607910156
414,players,131,1.0,17.659687042236328,45.45753479003906
414,players,14,1.0,2.82924747467041,51.263427734375
414,players,4,1.0,12.329806327819824,56.24285125732422
414,players,17,1.0,9.675886154174805,34.052616119384766
414,players,21,0.0,19.472000122070312,58.69083786010742
414,players,3,1.0,15.056925773620605,47.35734939575195
414,players,18,0.0,,
414,players,10,0.0,17.776042938232422,38.94626235961914
414,players,173,1.0,21.352497100830078,49.552406311035156
414,players,141,1.0,3.2872912883758545,22.843753814697266
414,players,149,0.0,,
414,players,182,1.0,,
414,players,7,0.0,11.65562915802002,31.331666946411133
414,players,132,0.0,,
414,players,154,1.0,20.583892822265625,9.266755104064941
414,players,15,0.0,,
414,players,8,0.0,5.988424301147461,50.227149963378906
414,players,1,1.0,11.60550308227539,46.87150192260742
414,players,5,1.0,2.7390031814575195,42.65574264526367
414,players,9,0.0,3.2326345443725586,43.50477600097656
415,players,131,1.0,17.656524658203125,45.401092529296875
415,players,14,1.0,2.837402820587158,51.19437026977539
415,players,21,0.0,19.40570640563965,58.60713577270508
415,players,4,1.0,12.282870292663574,56.204986572265625
415,players,17,1.0,9.666618347167969,34.09314727783203
415,players,173,1.0,21.307212829589844,49.67795944213867
415,players,7,0.0,11.669637680053711,31.238420486450195
415,players,18,0.0,,
415,players,15,0.0,,
415,players,182,1.0,,
415,players,154,1.0,20.50433921813965,9.340646743774414
415,players,132,0.0,,
415,players,149,0.0,,
415,players,1,1.0,11.654151916503906,46.927589416503906
415,players,141,1.0,3.2929141521453857,22.74678611755371
415,players,3,1.0,14.974906921386719,47.46269607543945
415,players,8,0.0,6.071813583374023,50.289710998535156
415,players,9,0.0,3.2794277667999268,43.406715393066406
415,players,5,1.0,2.7407002449035645,42.22686767578125
415,players,10,0.0,17.857648849487305,38.8354606628418
416,players,131,1.0,17.64851188659668,45.373992919921875
416,players,21,0.0,19.37630271911621,58.598079681396484
416,players,7,0.0,11.667302131652832,31.40891456604004
416,players,4,1.0,12.244589805603027,56.1983642578125
416,players,17,1.0,9.682721138000488,34.006900787353516
416,players,173,1.0,21.295743942260742,49.742523193359375
416,players,1,1.0,11.75719165802002,46.6412353515625
416,players,18,0.0,,
416,players,14,1.0,2.91170597076416,51.16200637817383
416,players,8,0.0,6.183592796325684,50.27008056640625
416,players,132,0.0,,
416,players,141,1.0,3.2635550498962402,22.603759765625
416,players,15,0.0,,
416,players,3,0.0,14.898269653320312,47.60243225097656
416,players,182,1.0,,
416,players,149,0.0,,
416,players,154,1.0,20.43247413635254,9.323542594909668
416,players,10,0.0,17.885034561157227,38.9460563659668
416,players,9,0.0,3.315347194671631,43.552268981933594
416,players,5,1.0,2.73825740814209,42.13636779785156
417,players,131,1.0,17.66867446899414,45.22846603393555
417,players,7,0.0,11.67296028137207,31.42072868347168
417,players,21,0.0,19.384334564208984,58.59500503540039
417,players,141,1.0,3.3030214309692383,22.66392707824707
417,players,17,1.0,9.70133113861084,34.03232192993164
417,players,173,1.0,21.317644119262695,49.74222183227539
417,players,4,1.0,12.232008934020996,56.120880126953125
417,players,1,1.0,11.771493911743164,46.833526611328125
417,players,18,0.0,,
417,players,132,0.0,,
417,players,3,0.0,14.882505416870117,47.61616516113281
417,players,15,0.0,,
417,players,154,1.0,20.38796043395996,9.23719310760498
417,players,149,0.0,,
417,players,8,0.0,6.2885332107543945,50.31879425048828
417,players,10,0.0,17.911418914794922,38.97768020629883
417,players,182,1.0,,
417,players,5,1.0,2.7398719787597656,42.14867401123047
417,players,14,1.0,3.0486831665039062,51.23283004760742
417,players,9,0.0,3.395923614501953,43.63106155395508
418,players,131,1.0,17.607694625854492,45.320552825927734
418,players,1,1.0,11.83696460723877,46.81135559082031
418,players,21,0.0,19.390180587768555,58.56209182739258
418,players,17,1.0,9.752777099609375,33.96490478515625
418,players,7,0.0,11.731051445007324,31.601057052612305
418,players,18,0.0,,
418,players,141,1.0,3.384033203125,22.712657928466797
418,players,4,1.0,12.226191520690918,56.12580108642578
418,players,173,1.0,21.366931915283203,49.71416473388672
418,players,3,0.0,14.846704483032227,47.664424896240234
418,players,15,0.0,,
418,players,14,1.0,3.1177470684051514,51.26675033569336
418,players,132,0.0,,
418,players,149,0.0,,
418,players,8,0.0,6.380155563354492,50.33705520629883
418,players,154,1.0,20.374547958374023,9.245064735412598
418,players,5,1.0,2.744776964187622,42.284576416015625
418,players,182,1.0,,
418,players,10,0.0,17.99105453491211,38.78825378417969
418,players,9,0.0,3.379046678543091,43.7266960144043
419,players,131,1.0,17.579187393188477,45.3931999206543
419,players,1,1.0,11.886630058288574,46.94436264038086
419,players,18,0.0,,
419,players,8,0.0,6.427177429199219,50.35404586791992
419,players,17,1.0,9.777064323425293,33.9850959777832
419,players,4,1.0,12.218611717224121,56.13896560668945
419,players,21,0.0,19.4080867767334,58.544837951660156
419,players,141,1.0,3.4371449947357178,22.715497970581055
419,players,173,1.0,21.343202590942383,49.83323669433594
419,players,10,0.0,18.023107528686523,38.937255859375
419,players,7,0.0,11.778365135192871,31.81292152404785
419,players,3,0.0,14.845025062561035,47.62055969238281
419,players,14,1.0,3.149604320526123,51.20616149902344
419,players,154,1.0,20.308605194091797,9.505367279052734
419,players,132,0.0,,
419,players,149,0.0,,
419,players,5,1.0,2.783328056335449,42.386558532714844
419,players,15,0.0,,
419,players,182,1.0,,
419,players,9,0.0,3.4268150329589844,43.84664535522461
420,players,8,0.0,6.535717487335205,50.43362808227539
420,players,131,1.0,17.56938362121582,45.42299270629883
420,players,1,1.0,11.917027473449707,46.93211364746094
420,players,18,0.0,,
420,players,141,1.0,3.456183671951294,22.669038772583008
420,players,17,1.0,9.791244506835938,34.116294860839844
420,players,4,1.0,12.26132583618164,56.021934509277344
420,players,14,1.0,3.1613948345184326,51.24013137817383
420,players,5,1.0,2.8206398487091064,42.50205612182617
420,players,10,0.0,18.13323974609375,38.86968231201172
420,players,3,0.0,14.843607902526855,47.58306121826172
420,players,154,1.0,20.31794548034668,9.404912948608398
420,players,21,0.0,19.441905975341797,58.493080139160156
420,players,173,1.0,21.309810638427734,49.965309143066406
420,players,15,0.0,,
420,players,9,0.0,3.4708340167999268,43.74788284301758
420,players,7,0.0,11.92027759552002,31.883525848388672
420,players,132,0.0,,
420,players,182,1.0,,
420,players,149,0.0,,
421,players,5,1.0,2.825132369995117,42.604248046875
421,players,14,1.0,3.23779296875,51.24005126953125
421,players,1,1.0,11.98546028137207,46.88026809692383
421,players,131,1.0,17.626819610595703,45.31107711791992
421,players,8,0.0,6.670193195343018,50.46079635620117
421,players,141,1.0,3.559878349304199,22.66685676574707
421,players,4,1.0,12.274585723876953,56.05726623535156
421,players,17,1.0,9.821629524230957,34.17525863647461
421,players,21,0.0,19.470251083374023,58.439876556396484
421,players,9,0.0,3.558493137359619,43.775577545166016
421,players,3,0.0,14.826582908630371,47.60784912109375
421,players,173,1.0,21.3082275390625,50.17112350463867
421,players,154,1.0,20.324453353881836,9.461514472961426
421,players,15,0.0,,
421,players,18,0.0,,
421,players,182,1.0,,
421,players,149,0.0,,
421,players,7,0.0,11.986281394958496,31.84203338623047
421,players,10,1.0,18.280376434326172,38.65998840332031
421,players,132,0.0,,
422,players,5,1.0,2.838873863220215,42.60218811035156
422,players,131,1.0,17.66139793395996,45.312278747558594
422,players,9,0.0,3.6343727111816406,43.86770248413086
422,players,4,1.0,12.326430320739746,56.04352569580078
422,players,8,0.0,6.7748589515686035,50.48847961425781
422,players,17,1.0,9.82670783996582,34.27653884887695
422,players,14,1.0,3.2779529094696045,51.312538146972656
422,players,21,0.0,19.53888702392578,58.310943603515625
422,players,141,1.0,3.6567862033843994,22.676273345947266
422,players,15,0.0,,
422,players,3,0.0,14.819643020629883,47.62796401977539
422,players,1,1.0,12.110871315002441,46.9564208984375
422,players,18,0.0,,
422,players,173,1.0,21.226516723632812,50.36771011352539
422,players,154,1.0,20.341175079345703,9.397791862487793
422,players,7,0.0,12.073883056640625,31.870885848999023
422,players,182,1.0,,
422,players,10,0.0,18.519853591918945,39.063804626464844
422,players,149,0.0,,
422,players,132,0.0,,
423,players,9,0.0,3.706357717514038,43.857093811035156
423,players,17,1.0,9.875614166259766,34.39126968383789
423,players,14,1.0,3.3225319385528564,51.25666809082031
423,players,5,1.0,2.8580522537231445,42.48582077026367
423,players,141,1.0,3.772632122039795,22.639936447143555
423,players,21,0.0,19.67654800415039,58.08519744873047
423,players,4,1.0,12.436420440673828,56.02164840698242
423,players,15,0.0,,
423,players,154,1.0,20.381406784057617,9.341259956359863
423,players,131,1.0,17.71461296081543,45.32197570800781
423,players,3,0.0,14.840384483337402,47.47831344604492
423,players,1,1.0,12.254969596862793,46.956871032714844
423,players,18,0.0,,
423,players,173,1.0,21.227848052978516,50.59543228149414
423,players,8,0.0,7.086820602416992,50.6777458190918
423,players,132,0.0,,
423,players,10,0.0,18.59545135498047,39.3872184753418
423,players,149,0.0,,
423,players,182,1.0,,
423,players,7,0.0,12.113723754882812,31.896821975708008
424,players,4,1.0,12.489653587341309,56.06532669067383
424,players,9,0.0,3.7224957942962646,43.86764907836914
424,players,17,1.0,9.907583236694336,34.49403762817383
424,players,14,1.0,3.3747410774230957,51.28236770629883
424,players,141,1.0,3.795319080352783,22.785099029541016
424,players,8,0.0,7.159725666046143,50.957820892333984
424,players,21,0.0,19.74152183532715,58.09413528442383
424,players,18,0.0,,
424,players,3,0.0,14.766657829284668,47.50307083129883
424,players,154,1.0,20.362096786499023,9.506917953491211
424,players,7,0.0,12.173419952392578,31.925640106201172
424,players,131,1.0,17.751447677612305,45.410484313964844
424,players,132,0.0,,
424,players,173,1.0,21.31540870666504,50.575408935546875
424,players,1,1.0,12.346033096313477,46.96436309814453
424,players,5,1.0,2.868640422821045,42.52098083496094
424,players,10,0.0,18.732425689697266,39.01746368408203
424,players,15,0.0,,
424,players,149,0.0,,
424,players,182,1.0,,
425,players,4,1.0,12.524494171142578,56.0698127746582
425,players,131,1.0,17.80925941467285,45.40167236328125
425,players,3,0.0,14.72000503540039,47.75074005126953
425,players,141,1.0,3.848468780517578,22.685007095336914
425,players,18,0.0,,
425,players,173,1.0,21.357402801513672,50.76704406738281
425,players,1,1.0,12.382354736328125,46.9936408996582
425,players,154,1.0,20.39349937438965,9.431303977966309
425,players,7,0.0,12.204394340515137,31.88227081298828
425,players,132,0.0,,
425,players,21,0.0,19.867734909057617,58.07101058959961
425,players,8,0.0,7.182490825653076,50.98921203613281
425,players,14,1.0,3.4765241146087646,51.279296875
425,players,9,0.0,3.815329074859619,43.914974212646484
425,players,149,0.0,,
425,players,17,1.0,9.98681354522705,34.49327087402344
425,players,15,0.0,,
425,players,182,1.0,,
425,players,10,0.0,18.7736873626709,39.24649429321289
425,players,5,1.0,2.9076294898986816,42.535953521728516
426,players,141,1.0,3.9105451107025146,22.742876052856445
426,players,3,0.0,14.679763793945312,47.895748138427734
426,players,4,1.0,12.563230514526367,55.94016647338867
426,players,18,0.0,,
426,players,173,1.0,21.32521629333496,50.954471588134766
426,players,1,1.0,12.45407485961914,47.08213806152344
426,players,131,1.0,17.806377410888672,45.495079040527344
426,players,154,1.0,20.36253547668457,9.650749206542969
426,players,17,1.0,10.03632926940918,34.59055709838867
426,players,14,1.0,3.6269960403442383,51.273536682128906
426,players,21,0.0,19.9421329498291,58.083187103271484
426,players,15,0.0,,
426,players,132,0.0,,
426,players,5,1.0,2.958878517150879,42.77307891845703
426,players,149,0.0,,
426,players,8,0.0,7.233587265014648,50.91267395019531
426,players,7,0.0,12.242563247680664,31.832937240600586
426,players,10,0.0,18.798954010009766,39.44602584838867
426,players,182,1.0,,
426,players,9,0.0,3.9048006534576416,43.882606506347656
427,players,141,1.0,3.985574245452881,22.74826431274414
427,players,1,1.0,12.545011520385742,47.04117202758789
427,players,5,1.0,2.974999189376831,42.85349655151367
427,players,17,1.0,10.093907356262207,34.650814056396484
427,players,173,1.0,21.324405670166016,51.05054473876953
427,players,3,0.0,14.631936073303223,48.047637939453125
427,players,154,1.0,20.359920501708984,9.87543773651123
427,players,18,0.0,,
427,players,4,1.0,12.5923490524292,55.92946243286133
427,players,7,1.0,12.298040390014648,31.90193748474121
427,players,131,1.0,17.805702209472656,45.54508972167969
427,players,14,1.0,3.6831369400024414,51.31941223144531
427,players,15,0.0,,
427,players,8,0.0,7.419804573059082,50.979400634765625
427,players,132,0.0,,
427,players,149,0.0,,
427,players,21,0.0,19.983604431152344,58.07835388183594
427,players,182,1.0,,
427,players,10,0.0,18.93309783935547,39.2920036315918
427,players,9,0.0,3.9775147438049316,44.00832748413086
428,players,5,1.0,2.982689142227173,42.90968704223633
428,players,1,1.0,12.613739967346191,47.03474807739258
428,players,141,1.0,4.04103946685791,22.65323257446289
428,players,17,1.0,10.096314430236816,34.641170501708984
428,players,173,1.0,21.31707000732422,51.29182434082031
428,players,154,1.0,20.400896072387695,9.773672103881836
428,players,18,0.0,,
428,players,4,1.0,12.653593063354492,55.920806884765625
428,players,8,0.0,7.49722146987915,50.981082916259766
428,players,131,1.0,17.826547622680664,45.474586486816406
428,players,14,1.0,3.6978983879089355,51.41475296020508
428,players,7,0.0,12.269962310791016,32.65074157714844
428,players,3,0.0,14.588777542114258,48.17744445800781
428,players,132,0.0,,
428,players,15,0.0,,
428,players,21,0.0,20.01767349243164,58.088958740234375
428,players,10,0.0,19.136632919311523,39.06222915649414
428,players,9,0.0,4.032534599304199,43.94526290893555
428,players,182,1.0,,
428,players,149,1.0,,
429,players,5,1.0,2.9752118587493896,42.823577880859375
429,players,8,0.0,7.59450101852417,50.934181213378906
429,players,17,1.0,10.11081600189209,34.82381057739258
429,players,131,1.0,17.868669509887695,45.33695602416992
429,players,14,1.0,3.727839231491089,51.41323471069336
429,players,1,1.0,12.653427124023438,47.34449768066406
429,players,4,1.0,12.73923397064209,55.83644104003906
429,players,18,0.0,,
429,players,154,1.0,20.413471221923828,10.117780685424805
429,players,21,0.0,20.139326095581055,57.97556686401367
429,players,173,1.0,21.408950805664062,51.48401641845703
429,players,9,0.0,4.059694766998291,43.96632766723633
429,players,3,0.0,14.54868221282959,48.184329986572266
429,players,15,0.0,,
429,players,132,0.0,,
429,players,10,0.0,19.23784637451172,39.312950134277344
429,players,141,1.0,4.107313632965088,22.669984817504883
429,players,7,0.0,12.521430015563965,32.293479919433594
429,players,182,1.0,,
429,players,149,1.0,,
430,players,5,1.0,2.939234733581543,42.80214309692383
430,players,8,0.0,7.6776957511901855,50.851444244384766
430,players,14,1.0,3.761110544204712,51.48664093017578
430,players,17,1.0,10.106810569763184,34.92873764038086
430,players,1,1.0,12.715514183044434,47.32105255126953
430,players,9,0.0,4.06404447555542,44.02656173706055
430,players,18,0.0,,
430,players,173,1.0,21.497419357299805,51.49616241455078
430,players,131,1.0,17.846698760986328,45.389774322509766
430,players,21,0.0,20.27712631225586,57.80238723754883
430,players,4,1.0,12.811766624450684,55.86498260498047
430,players,3,0.0,14.506898880004883,48.189456939697266
430,players,154,1.0,20.40360450744629,9.911477088928223
430,players,132,0.0,,
430,players,10,0.0,19.272632598876953,39.29038619995117
430,players,15,0.0,,
430,players,141,1.0,4.077144622802734,22.619182586669922
430,players,7,0.0,12.607213973999023,32.30375289916992
430,players,182,1.0,,
430,players,206,0.0,,
430,players,149,1.0,,
431,players,5,1.0,2.899482488632202,42.78731155395508
431,players,8,0.0,7.774966239929199,50.8724365234375
431,players,17,1.0,10.088236808776855,35.02631378173828
431,players,14,1.0,3.794743061065674,51.47822189331055
431,players,9,0.0,4.082559585571289,44.045570373535156
431,players,18,0.0,,
431,players,3,0.0,14.467388153076172,48.26618194580078
431,players,131,1.0,17.768613815307617,45.548728942871094
431,players,4,1.0,12.923811912536621,55.972206115722656
431,players,173,1.0,21.562532424926758,51.57526779174805
431,players,1,1.0,12.845558166503906,47.330867767333984
431,players,21,0.0,20.386472702026367,57.73575973510742
431,players,154,1.0,20.390867233276367,9.958230972290039
431,players,182,1.0,,
431,players,132,0.0,,
431,players,15,1.0,,
431,players,206,0.0,,
431,players,10,0.0,19.33160400390625,39.17564392089844
431,players,141,1.0,4.15302848815918,22.819416046142578
431,players,7,0.0,12.743148803710938,31.281204223632812
432,players,8,0.0,7.826723098754883,50.893653869628906
432,players,5,1.0,2.888958692550659,42.8511962890625
432,players,17,1.0,10.08198356628418,34.954551696777344
432,players,9,0.0,4.0514984130859375,44.13465118408203
432,players,14,1.0,3.8190460205078125,51.502986907958984
432,players,18,0.0,,
432,players,173,1.0,21.562692642211914,51.54702377319336
432,players,131,1.0,17.736339569091797,45.627586364746094
432,players,3,0.0,14.407562255859375,48.38390350341797
432,players,4,1.0,12.942451477050781,55.913978576660156
432,players,1,1.0,12.910808563232422,47.39739990234375
432,players,7,0.0,12.600855827331543,32.46617126464844
432,players,154,1.0,20.355165481567383,9.791221618652344
432,players,21,0.0,20.506065368652344,57.76467514038086
432,players,182,1.0,,
432,players,206,0.0,,
432,players,10,0.0,19.356510162353516,39.38465881347656
432,players,15,0.0,,
432,players,132,0.0,,
432,players,141,1.0,4.16562557220459,23.00787925720215
433,players,5,1.0,2.8938236236572266,42.86241912841797
433,players,173,1.0,21.600435256958008,51.555973052978516
433,players,17,1.0,10.117364883422852,34.915855407714844
433,players,9,0.0,4.071860313415527,44.205726623535156
433,players,1,1.0,12.959973335266113,47.368595123291016
433,players,8,0.0,7.904099941253662,50.989837646484375
433,players,14,1.0,3.8380119800567627,51.498741149902344
433,players,131,1.0,17.724706649780273,45.5445556640625
433,players,18,0.0,,
433,players,4,1.0,12.942160606384277,56.00767135620117
433,players,7,0.0,12.63571834564209,32.458038330078125
433,players,21,0.0,20.602863311767578,57.800437927246094
433,players,3,0.0,14.383381843566895,48.45458984375
433,players,154,1.0,20.298187255859375,9.857311248779297
433,players,182,1.0,,
433,players,15,0.0,,
433,players,10,0.0,19.461536407470703,39.20420455932617
433,players,206,0.0,,
433,players,132,0.0,,
433,players,141,1.0,4.189556121826172,22.686582565307617
434,players,7,0.0,12.613984107971191,32.649681091308594
434,players,8,0.0,8.141634941101074,51.213134765625
434,players,173,1.0,21.67825698852539,51.494834899902344
434,players,1,1.0,12.989799499511719,47.32880401611328
434,players,4,1.0,12.951098442077637,56.100486755371094
434,players,17,1.0,10.158370971679688,34.96272659301758
434,players,5,1.0,2.8938486576080322,42.841148376464844
434,players,18,0.0,,
434,players,154,1.0,20.249652862548828,9.939303398132324
434,players,131,1.0,17.71295928955078,45.54156494140625
434,players,3,0.0,14.374751091003418,48.521278381347656
434,players,21,0.0,20.666608810424805,57.83684158325195
434,players,182,1.0,,
434,players,9,0.0,4.126633167266846,44.22929000854492
434,players,14,1.0,3.8719370365142822,51.541324615478516
434,players,15,0.0,,
434,players,10,0.0,19.500993728637695,39.25986862182617
434,players,132,0.0,,
434,players,206,0.0,,
434,players,141,1.0,4.179954528808594,22.521169662475586
435,players,1,1.0,13.038604736328125,47.15182876586914
435,players,4,1.0,12.973196029663086,56.145042419433594
435,players,7,0.0,12.65363883972168,32.63435363769531
435,players,18,0.0,,
435,players,17,1.0,10.178126335144043,34.91611862182617
435,players,3,0.0,14.382512092590332,48.47048568725586
435,players,8,0.0,8.172636032104492,51.24576950073242
435,players,154,1.0,20.189245223999023,10.058076858520508
435,players,21,0.0,20.757356643676758,57.80248260498047
435,players,5,1.0,2.9001057147979736,42.937564849853516
435,players,132,0.0,,
435,players,9,0.0,4.16193151473999,44.2147331237793
435,players,15,0.0,,
435,players,182,1.0,,
435,players,173,1.0,21.72335433959961,51.55451583862305
435,players,10,0.0,19.45184326171875,39.63690185546875
435,players,141,1.0,4.162768840789795,22.728919982910156
435,players,14,1.0,3.9470036029815674,51.59558868408203
435,players,206,0.0,,
435,players,131,1.0,17.727354049682617,45.48719024658203
436,players,1,1.0,13.0664701461792,47.208831787109375
436,players,4,1.0,12.990549087524414,56.17390441894531
436,players,132,0.0,,
436,players,8,0.0,8.252400398254395,51.26290512084961
436,players,5,1.0,2.9042820930480957,43.073028564453125
436,players,182,1.0,,
436,players,17,1.0,10.152697563171387,35.00193786621094
436,players,18,0.0,,
436,players,14,1.0,4.010454177856445,51.658267974853516
436,players,9,0.0,4.156158924102783,44.18714904785156
436,players,3,0.0,14.411218643188477,48.470760345458984
436,players,7,0.0,12.680891990661621,32.5799446105957
436,players,21,0.0,20.794513702392578,57.81413269042969
436,players,206,1.0,,
436,players,15,0.0,,
436,players,154,1.0,20.151098251342773,10.041964530944824
436,players,141,1.0,4.170379638671875,22.83729362487793
436,players,10,0.0,19.430688858032227,39.7922477722168
436,players,173,1.0,22.012331008911133,51.88807678222656
437,players,132,0.0,,
437,players,182,1.0,,
437,players,1,1.0,13.085470199584961,47.31930160522461
437,players,5,1.0,2.8769211769104004,43.17793655395508
437,players,8,0.0,8.275541305541992,51.301021575927734
437,players,21,0.0,20.84874725341797,57.84423828125
437,players,9,0.0,4.223417282104492,44.31360626220703
437,players,17,1.0,10.122214317321777,34.96247863769531
437,players,14,1.0,4.030187129974365,51.66942596435547
437,players,4,1.0,13.060281753540039,56.15498733520508
437,players,3,0.0,14.416400909423828,48.536285400390625
437,players,173,1.0,21.997732162475586,51.840721130371094
437,players,18,0.0,,
437,players,154,1.0,20.092235565185547,10.18093490600586
437,players,15,0.0,,
437,players,131,1.0,17.696332931518555,45.535526275634766
437,players,10,0.0,19.4038028717041,40.1141471862793
437,players,7,0.0,12.658652305603027,32.87774658203125
437,players,141,1.0,4.140730381011963,22.815914154052734
437,players,206,0.0,,
438,players,132,0.0,,
438,players,173,1.0,22.131961822509766,51.925331115722656
438,players,5,1.0,2.8592827320098877,43.15546417236328
438,players,15,0.0,,
438,players,17,1.0,10.080166816711426,35.07530975341797
438,players,8,0.0,8.30479907989502,51.366119384765625
438,players,9,0.0,4.150626182556152,44.35816192626953
438,players,3,0.0,14.379203796386719,48.63353729248047
438,players,18,0.0,,
438,players,131,1.0,17.669208526611328,45.42982482910156
438,players,1,1.0,13.1295747756958,47.15634536743164
438,players,182,1.0,,
438,players,154,1.0,20.065750122070312,10.202438354492188
438,players,4,1.0,13.199933052062988,56.20366668701172
438,players,14,1.0,4.023730278015137,51.67091751098633
438,players,10,0.0,19.464670181274414,40.24664306640625
438,players,141,1.0,4.1194329261779785,22.83210563659668
438,players,7,0.0,12.72705364227295,32.970130920410156
438,players,21,0.0,20.93391990661621,57.93392562866211
438,players,206,0.0,,
439,players,173,1.0,22.108877182006836,51.96419906616211
439,players,15,0.0,,
439,players,5,1.0,2.829756021499634,43.31470489501953
439,players,8,0.0,8.3275785446167,51.4901008605957
439,players,3,0.0,14.320674896240234,48.74085998535156
439,players,18,0.0,,
439,players,9,0.0,4.155249118804932,44.44111633300781
439,players,17,1.0,10.052580833435059,35.0928955078125
439,players,154,1.0,20.018627166748047,10.242393493652344
439,players,14,1.0,4.008471965789795,51.789695739746094
439,players,131,1.0,17.653757095336914,45.293331146240234
439,players,4,1.0,13.26519775390625,56.23088455200195
439,players,182,1.0,,
439,players,132,1.0,,
439,players,1,1.0,13.193554878234863,47.270652770996094
439,players,21,0.0,20.996076583862305,57.931217193603516
439,players,10,0.0,19.463382720947266,40.3715705871582
439,players,7,0.0,12.761987686157227,33.00005340576172
439,players,141,1.0,4.093561172485352,22.674150466918945
439,players,206,0.0,,
440,players,5,1.0,2.806018829345703,43.324501037597656
440,players,173,1.0,22.17752456665039,51.88214874267578
440,players,14,1.0,4.018453598022461,51.83266067504883
440,players,8,0.0,8.332061767578125,51.5821533203125
440,players,18,0.0,,
440,players,3,0.0,14.29569149017334,48.72825241088867
440,players,9,0.0,4.14253568649292,44.42448043823242
440,players,4,1.0,13.278142929077148,56.15235137939453
440,players,131,1.0,17.578022003173828,45.491397857666016
440,players,15,0.0,,
440,players,1,1.0,13.260169982910156,47.4495964050293
440,players,182,1.0,,
440,players,17,1.0,10.023883819580078,35.13933181762695
440,players,206,0.0,,
440,players,154,1.0,20.006940841674805,10.34054183959961
440,players,21,0.0,21.142345428466797,57.98849105834961
440,players,10,0.0,19.601173400878906,40.53986358642578
440,players,7,0.0,12.756926536560059,32.963748931884766
440,players,141,1.0,4.08915901184082,22.95683479309082
440,players,132,1.0,,
441,players,14,1.0,4.048750400543213,51.94410705566406
441,players,5,1.0,2.7577033042907715,43.294620513916016
441,players,8,0.0,8.377849578857422,51.566993713378906
441,players,18,0.0,,
441,players,9,0.0,4.1437554359436035,44.497806549072266
441,players,4,1.0,13.279072761535645,56.17555236816406
441,players,3,0.0,14.241010665893555,48.71517562866211
441,players,1,1.0,13.312146186828613,47.505393981933594
441,players,131,1.0,17.537303924560547,45.587059020996094
441,players,173,1.0,22.270061492919922,51.80088424682617
441,players,182,1.0,,
441,players,206,0.0,,
441,players,141,1.0,4.064389228820801,23.15599822998047
441,players,17,1.0,9.977395057678223,35.20436477661133
441,players,154,1.0,20.002683639526367,10.281164169311523
441,players,7,0.0,12.75365161895752,32.792911529541016
441,players,10,0.0,19.726272583007812,40.41347122192383
441,players,21,0.0,21.31583595275879,58.005088806152344
441,players,132,0.0,,
441,players,15,1.0,,
442,players,14,1.0,4.051569938659668,52.10919952392578
442,players,5,1.0,2.6854162216186523,43.32918167114258
442,players,8,0.0,8.404336929321289,51.51976776123047
442,players,131,1.0,17.504669189453125,45.56818771362305
442,players,4,1.0,13.287235260009766,56.20355987548828
442,players,182,1.0,,
442,players,18,0.0,,
442,players,9,0.0,4.077465057373047,44.464691162109375
442,players,141,1.0,4.022385597229004,23.163557052612305
442,players,154,1.0,19.88511085510254,10.560297012329102
442,players,132,0.0,,
442,players,3,0.0,14.16701889038086,48.81770706176758
442,players,17,1.0,9.949542045593262,35.23617935180664
442,players,1,1.0,13.322847366333008,47.40994644165039
442,players,15,0.0,,
442,players,10,0.0,19.734912872314453,40.34385299682617
442,players,21,0.0,21.358304977416992,57.9842643737793
442,players,206,0.0,,
442,players,7,0.0,12.697608947753906,32.90279006958008
442,players,173,1.0,22.227121353149414,52.07413864135742
443,players,5,1.0,2.6563684940338135,43.28678512573242
443,players,131,1.0,17.479063034057617,45.514320373535156
443,players,4,1.0,13.293264389038086,56.360755920410156
443,players,18,0.0,,
443,players,182,1.0,,
443,players,9,0.0,4.050426483154297,44.53325653076172
443,players,3,0.0,14.1531343460083,48.90814971923828
443,players,1,1.0,13.31419849395752,47.49646759033203
443,players,14,1.0,4.041256904602051,52.137596130371094
443,players,141,1.0,3.9440994262695312,23.50926971435547
443,players,132,0.0,,
443,players,8,0.0,8.424893379211426,51.781211853027344
443,players,15,0.0,,
443,players,7,0.0,12.684813499450684,32.890377044677734
443,players,21,0.0,21.39667320251465,57.88691329956055
443,players,154,1.0,19.728485107421875,10.987279891967773
443,players,10,0.0,19.75872230529785,40.3597297668457
443,players,17,1.0,9.972563743591309,35.24274444580078
443,players,206,0.0,,
443,players,215,1.0,22.500768661499023,52.385032653808594
443,players,173,1.0,22.30977439880371,52.32600784301758
444,players,5,1.0,2.6080753803253174,43.29901885986328
444,players,18,0.0,,
444,players,131,1.0,17.412099838256836,45.6212158203125
444,players,154,1.0,19.630767822265625,10.975622177124023
444,players,21,0.0,21.443017959594727,57.85685729980469
444,players,1,1.0,13.317239761352539,47.4475212097168
444,players,141,1.0,3.898483991622925,23.717817306518555
444,players,8,0.0,8.487682342529297,51.861793518066406
444,players,14,1.0,4.086475849151611,52.19297790527344
444,players,182,1.0,,
444,players,10,0.0,19.768033981323242,40.306880950927734
444,players,7,0.0,12.710376739501953,32.77278137207031
444,players,173,1.0,22.39385986328125,52.32316970825195
444,players,132,0.0,,
444,players,4,1.0,13.329365730285645,56.36079025268555
444,players,9,0.0,4.049139499664307,44.68488693237305
444,players,3,0.0,14.147764205932617,48.87142562866211
444,players,15,0.0,,
444,players,17,1.0,10.006366729736328,35.2962532043457
444,players,206,0.0,,
445,players,131,1.0,17.335697174072266,45.628150939941406
445,players,215,1.0,22.586307525634766,52.39810562133789
445,players,5,1.0,2.5496480464935303,43.3045768737793
445,players,4,1.0,13.455890655517578,56.396976470947266
445,players,141,1.0,3.836336135864258,23.87432289123535
445,players,14,1.0,4.134602069854736,52.24567413330078
445,players,154,1.0,19.58759307861328,10.927103042602539
445,players,10,0.0,19.703811645507812,40.46452713012695
445,players,18,0.0,,
445,players,21,0.0,21.536415100097656,57.724281311035156
445,players,8,0.0,8.487924575805664,51.83912658691406
445,players,7,0.0,12.66159725189209,32.868370056152344
445,players,182,1.0,,
445,players,1,1.0,13.364367485046387,47.44823455810547
445,players,17,1.0,9.972290992736816,35.436790466308594
445,players,132,0.0,,
445,players,9,0.0,4.047482490539551,44.72340774536133
445,players,3,0.0,14.084736824035645,49.090850830078125
445,players,15,0.0,,
445,players,206,0.0,,
446,players,173,1.0,22.63096046447754,52.3438835144043
446,players,141,1.0,3.78507661819458,23.59640884399414
446,players,10,0.0,19.703203201293945,40.50576400756836
446,players,131,1.0,17.258121490478516,45.63404083251953
446,players,182,1.0,,
446,players,8,0.0,8.47605037689209,51.88360595703125
446,players,17,1.0,9.893564224243164,35.451690673828125
446,players,5,1.0,2.512500524520874,43.19206619262695
446,players,4,1.0,13.577590942382812,56.49293518066406
446,players,15,0.0,,
446,players,154,1.0,19.478300094604492,11.106019973754883
446,players,14,1.0,4.168822288513184,52.31110382080078
446,players,1,1.0,13.34780216217041,47.468841552734375
446,players,21,0.0,21.586727142333984,57.823455810546875
446,players,206,0.0,,
446,players,132,0.0,,
446,players,18,1.0,,
446,players,7,0.0,12.610491752624512,33.043453216552734
446,players,3,0.0,14.104424476623535,48.99979782104492
446,players,9,0.0,4.036447048187256,44.847625732421875
447,players,10,0.0,19.751102447509766,40.48415756225586
447,players,141,1.0,3.720414876937866,24.185970306396484
447,players,173,1.0,22.674095153808594,52.24623107910156
447,players,17,1.0,9.810314178466797,35.50217819213867
447,players,131,1.0,17.21430206298828,45.54368591308594
447,players,1,1.0,13.356691360473633,47.39731216430664
447,players,15,0.0,,
447,players,14,1.0,4.125654697418213,52.29303741455078
447,players,154,1.0,19.41999053955078,10.904047012329102
447,players,4,1.0,13.56833267211914,56.48476791381836
447,players,132,0.0,,
447,players,9,0.0,3.983726739883423,44.97090148925781
447,players,182,1.0,,
447,players,8,0.0,8.485443115234375,51.894187927246094
447,players,3,0.0,14.083821296691895,49.04414367675781
447,players,206,0.0,,
447,players,18,0.0,,
447,players,21,0.0,21.759801864624023,57.85976791381836
447,players,5,1.0,2.459641218185425,43.25532913208008
447,players,7,0.0,12.612251281738281,33.021949768066406
448,players,15,0.0,,
448,players,10,0.0,19.696910858154297,40.67360305786133
448,players,132,0.0,,
448,players,182,1.0,,
448,players,5,1.0,2.420673131942749,43.286338806152344
448,players,9,0.0,3.925649642944336,44.931617736816406
448,players,131,1.0,17.177730560302734,45.578433990478516
448,players,4,1.0,13.525384902954102,56.48955154418945
448,players,17,1.0,9.752748489379883,35.41853332519531
448,players,141,1.0,3.681997776031494,24.198410034179688
448,players,206,0.0,,
448,players,14,1.0,4.0922393798828125,52.44871520996094
448,players,18,0.0,,
448,players,1,1.0,13.369665145874023,47.396854400634766
448,players,3,0.0,14.017891883850098,49.06554412841797
448,players,8,0.0,8.498486518859863,51.97745895385742
448,players,154,1.0,19.374225616455078,10.978241920471191
448,players,173,1.0,22.799957275390625,52.000572204589844
448,players,21,0.0,21.886545181274414,57.944618225097656
448,players,7,0.0,12.64098072052002,33.067447662353516
449,players,131,1.0,17.203163146972656,45.51848602294922
449,players,15,1.0,,
449,players,17,1.0,9.742926597595215,35.49412155151367
449,players,9,0.0,3.873716115951538,45.0075798034668
449,players,5,1.0,2.3635976314544678,43.42750549316406
449,players,14,1.0,4.06358528137207,52.494266510009766
449,players,182,1.0,,
449,players,173,1.0,22.845382690429688,52.23359680175781
449,players,4,1.0,13.517902374267578,56.55385971069336
449,players,132,0.0,,
449,players,18,0.0,,
449,players,8,0.0,8.46575927734375,51.858028411865234
449,players,10,0.0,19.675954818725586,40.690330505371094
449,players,206,0.0,,
449,players,3,0.0,13.972799301147461,48.90555953979492
449,players,1,1.0,13.366474151611328,47.657257080078125
449,players,21,0.0,21.93754005432129,57.91285705566406
449,players,141,1.0,3.6045892238616943,24.259841918945312
449,players,154,1.0,19.250228881835938,11.029623985290527
449,players,7,0.0,12.634883880615234,33.212467193603516
450,players,14,1.0,4.045375347137451,52.518218994140625
450,players,9,0.0,3.828758478164673,45.03883361816406
450,players,131,1.0,17.249963760375977,45.58134078979492
450,players,8,0.0,8.447718620300293,52.01731491088867
450,players,4,1.0,13.52568244934082,56.67531204223633
450,players,15,1.0,,
450,players,18,0.0,,
450,players,154,1.0,19.187524795532227,10.943581581115723
450,players,182,1.0,,
450,players,5,1.0,2.3122715950012207,43.45597839355469
450,players,17,1.0,9.682809829711914,35.575538635253906
450,players,7,0.0,12.60580062866211,33.04133224487305
450,players,173,1.0,23.12226676940918,52.26710510253906
450,players,3,0.0,13.910623550415039,48.94976806640625
450,players,141,1.0,3.5423285961151123,24.35710334777832
450,players,1,1.0,13.410314559936523,47.554683685302734
450,players,21,0.0,21.95818328857422,57.94242477416992
450,players,10,0.0,19.804903030395508,40.77241134643555
450,players,132,0.0,,
450,players,206,1.0,,
450,players,215,1.0,22.999967575073242,52.216285705566406
451,players,14,1.0,4.034756660461426,52.622676849365234
451,players,8,0.0,8.4188871383667,52.09642791748047
451,players,9,0.0,3.747390031814575,45.12480545043945
451,players,182,1.0,,
451,players,131,1.0,17.343852996826172,45.444087982177734
451,players,18,0.0,,
451,players,154,1.0,19.123807907104492,10.886883735656738
451,players,4,1.0,13.53409194946289,56.87140655517578
451,players,5,1.0,2.256085157394409,43.534908294677734
451,players,7,0.0,12.521199226379395,33.1072998046875
451,players,17,1.0,9.6579008102417,35.70627212524414
451,players,21,0.0,21.916433334350586,58.0690803527832
451,players,173,1.0,23.134443283081055,52.41230773925781
451,players,10,0.0,19.791927337646484,40.58647918701172
451,players,141,1.0,3.457650899887085,24.22749900817871
451,players,1,1.0,13.398395538330078,47.60429000854492
451,players,15,1.0,,
451,players,3,0.0,13.85655403137207,48.93335723876953
451,players,132,0.0,,
451,players,206,0.0,,
452,players,8,0.0,8.371805191040039,52.16594696044922
452,players,7,0.0,12.497319221496582,33.10139846801758
452,players,9,0.0,3.6754419803619385,45.170310974121094
452,players,5,1.0,2.2223570346832275,43.62399673461914
452,players,131,1.0,17.3521728515625,45.60579299926758
452,players,18,0.0,,
452,players,182,1.0,,
452,players,21,0.0,21.891029357910156,58.114898681640625
452,players,14,1.0,4.009795188903809,52.859092712402344
452,players,154,1.0,18.985490798950195,10.882240295410156
452,players,141,1.0,3.366734504699707,24.164901733398438
452,players,4,1.0,13.59019660949707,56.968204498291016
452,players,173,1.0,23.29891014099121,52.38932800292969
452,players,10,0.0,19.795011520385742,40.676849365234375
452,players,17,1.0,9.590596199035645,35.73371505737305
452,players,206,1.0,,
452,players,132,0.0,,
452,players,1,1.0,13.315765380859375,47.97416305541992
452,players,3,0.0,13.897578239440918,48.93742752075195
452,players,15,1.0,,
453,players,5,1.0,2.1613781452178955,43.660884857177734
453,players,7,0.0,12.45513916015625,33.115234375
453,players,131,1.0,17.342777252197266,45.73677444458008
453,players,9,0.0,3.6542389392852783,45.24583435058594
453,players,18,0.0,,
453,players,8,0.0,8.320816040039062,52.191375732421875
453,players,141,1.0,3.2580814361572266,24.449735641479492
453,players,182,1.0,,
453,players,10,0.0,19.813669204711914,40.471683502197266
453,players,21,0.0,21.974878311157227,58.01400375366211
453,players,15,0.0,,
453,players,4,1.0,13.723357200622559,56.993751525878906
453,players,154,1.0,18.81756019592285,11.078478813171387
453,players,1,1.0,13.246461868286133,48.24046325683594
453,players,17,1.0,9.575329780578613,35.83550262451172
453,players,14,1.0,4.016926288604736,52.82276916503906
453,players,173,1.0,23.308578491210938,52.360626220703125
453,players,206,0.0,,
453,players,132,0.0,,
453,players,3,0.0,13.935388565063477,48.94709777832031
454,players,131,1.0,17.30033302307129,45.68388366699219
454,players,9,0.0,3.636770248413086,45.27995300292969
454,players,10,0.0,19.791316986083984,40.52194595336914
454,players,7,0.0,12.412688255310059,33.210323333740234
454,players,4,1.0,13.771862030029297,57.054290771484375
454,players,141,1.0,3.1805408000946045,24.48040008544922
454,players,182,1.0,,
454,players,18,0.0,,
454,players,5,1.0,2.108840227127075,43.67164611816406
454,players,21,0.0,21.99346351623535,58.0505256652832
454,players,15,0.0,,
454,players,132,0.0,,
454,players,14,1.0,4.043612957000732,52.867820739746094
454,players,154,1.0,18.718137741088867,11.028840065002441
454,players,17,1.0,9.494078636169434,35.941009521484375
454,players,173,1.0,,
454,players,1,1.0,13.244622230529785,48.16301727294922
454,players,8,0.0,8.314290046691895,51.796504974365234
454,players,206,0.0,,
454,players,3,0.0,13.942614555358887,48.927982330322266
455,players,131,1.0,17.282609939575195,45.602848052978516
455,players,5,1.0,2.00106143951416,43.687477111816406
455,players,10,0.0,19.753232955932617,40.52924346923828
455,players,9,0.0,3.597673177719116,45.332427978515625
455,players,141,1.0,3.102792501449585,24.750938415527344
455,players,173,1.0,,
455,players,14,1.0,4.063507080078125,52.92055892944336
455,players,132,0.0,,
455,players,4,1.0,13.75757122039795,57.0347900390625
455,players,8,0.0,8.303483009338379,52.05171585083008
455,players,7,0.0,12.352575302124023,33.26613235473633
455,players,154,1.0,18.567567825317383,11.037178993225098
455,players,15,0.0,,
455,players,182,1.0,,
455,players,18,1.0,,
455,players,17,1.0,9.448854446411133,35.6252326965332
455,players,21,1.0,21.960132598876953,58.14261245727539
455,players,1,1.0,13.254240036010742,47.89889144897461
455,players,3,0.0,13.928340911865234,48.98208999633789
455,players,206,0.0,,
456,players,5,1.0,1.9105274677276611,43.75661849975586
456,players,8,0.0,8.365612030029297,51.89237976074219
456,players,131,1.0,17.174091339111328,45.976768493652344
456,players,132,0.0,,
456,players,10,0.0,19.794200897216797,40.44953536987305
456,players,14,1.0,4.076621055603027,52.91618347167969
456,players,141,1.0,3.0140838623046875,24.823854446411133
456,players,173,1.0,,
456,players,206,0.0,,
456,players,15,0.0,,
456,players,4,1.0,13.818246841430664,56.811824798583984
456,players,9,0.0,3.5550143718719482,45.513084411621094
456,players,182,1.0,,
456,players,18,0.0,,
456,players,21,1.0,22.022676467895508,58.170440673828125
456,players,1,1.0,13.196063995361328,47.94997024536133
456,players,7,0.0,12.352034568786621,33.364593505859375
456,players,154,1.0,18.441181182861328,11.258750915527344
456,players,17,1.0,9.38886833190918,35.69578170776367
456,players,3,0.0,13.845481872558594,49.00662612915039
457,players,5,1.0,1.8068745136260986,43.745479583740234
457,players,8,0.0,8.360128402709961,52.392723083496094
457,players,15,0.0,,
457,players,132,0.0,,
457,players,131,1.0,17.115646362304688,46.026920318603516
457,players,4,1.0,13.84576416015625,57.02094268798828
457,players,9,0.0,3.46285343170166,45.57379150390625
457,players,10,0.0,19.76213264465332,40.57770538330078
457,players,141,1.0,2.9920010566711426,24.831798553466797
457,players,14,1.0,4.0589985847473145,52.92007827758789
457,players,154,1.0,18.361629486083984,11.238714218139648
457,players,18,0.0,,
457,players,182,1.0,,
457,players,206,0.0,,
457,players,7,0.0,12.40332317352295,33.28531265258789
457,players,21,0.0,22.179113388061523,58.13035202026367
457,players,17,1.0,9.441192626953125,35.80178451538086
457,players,1,1.0,13.240936279296875,48.178619384765625
457,players,173,1.0,,
457,players,3,0.0,13.847261428833008,48.892974853515625
458,players,182,1.0,,
458,players,15,0.0,,
458,players,132,0.0,,
458,players,4,1.0,13.865575790405273,57.28292465209961
458,players,5,1.0,1.7282283306121826,43.80038070678711
458,players,8,0.0,8.318449020385742,52.50548553466797
458,players,154,1.0,18.186260223388672,11.535167694091797
458,players,9,0.0,3.3716068267822266,45.63263702392578
458,players,131,1.0,17.01103973388672,46.178462982177734
458,players,173,1.0,,
458,players,141,1.0,2.946511745452881,24.88374900817871
458,players,14,1.0,4.032127380371094,53.029693603515625
458,players,21,0.0,22.22547721862793,58.17921829223633
458,players,18,0.0,,
458,players,10,1.0,19.701854705810547,40.62894821166992
458,players,17,1.0,9.309910774230957,35.90030288696289
458,players,7,0.0,12.35204792022705,33.35097885131836
458,players,1,1.0,13.300358772277832,47.97794723510742
458,players,3,0.0,13.763008117675781,48.958866119384766
458,players,206,0.0,,
459,players,182,1.0,,
459,players,15,1.0,,
459,players,5,1.0,1.6661490201950073,43.78669357299805
459,players,14,1.0,4.0071539878845215,53.11419677734375
459,players,8,0.0,8.276187896728516,52.44698715209961
459,players,154,1.0,18.11254119873047,11.543509483337402
459,players,132,1.0,,
459,players,9,0.0,3.288572072982788,45.62873077392578
459,players,173,1.0,,
459,players,7,0.0,12.311948776245117,33.37351608276367
459,players,18,0.0,,
459,players,4,1.0,14.045183181762695,57.36774444580078
459,players,131,1.0,17.012165069580078,46.20954895019531
459,players,21,0.0,22.239147186279297,58.1547966003418
459,players,141,1.0,2.8866498470306396,24.942584991455078
459,players,3,0.0,13.731706619262695,49.1092643737793
459,players,206,1.0,,
459,players,17,1.0,9.295796394348145,35.820796966552734
459,players,1,1.0,13.328685760498047,48.09486389160156
459,players,10,0.0,19.78949546813965,40.490386962890625
460,players,182,1.0,,
460,players,8,0.0,8.197258949279785,52.83426284790039
460,players,14,1.0,4.018354892730713,53.15470504760742
460,players,9,0.0,3.218317747116089,45.71024703979492
460,players,15,1.0,,
460,players,4,1.0,14.190553665161133,57.37794876098633
460,players,5,1.0,1.636292576789856,43.87002944946289
460,players,7,0.0,12.274636268615723,33.26044845581055
460,players,18,0.0,,
460,players,173,1.0,,
460,players,17,1.0,9.282648086547852,35.86420822143555
460,players,21,0.0,22.265756607055664,58.147857666015625
460,players,131,1.0,17.11791229248047,46.080169677734375
460,players,154,1.0,18.005901336669922,11.456578254699707
460,players,132,1.0,,
460,players,206,0.0,,
460,players,10,0.0,19.836105346679688,40.64377212524414
460,players,1,1.0,13.270707130432129,48.45643997192383
460,players,3,0.0,13.76358699798584,49.07102966308594
460,players,141,1.0,2.8553218841552734,24.986005783081055
461,players,182,1.0,,
461,players,14,1.0,4.00740385055542,53.28453826904297
461,players,8,0.0,8.163677215576172,52.98147201538086
461,players,5,1.0,1.5964592695236206,43.94923400878906
461,players,7,0.0,12.226374626159668,33.33336639404297
461,players,9,0.0,3.1658380031585693,45.771484375
461,players,18,0.0,,
461,players,21,0.0,22.319721221923828,58.16360855102539
461,players,206,0.0,,
461,players,10,0.0,19.905155181884766,40.65936279296875
461,players,4,1.0,14.242023468017578,57.39840316772461
461,players,15,1.0,,
461,players,173,1.0,,
461,players,131,1.0,17.19043731689453,46.20182418823242
461,players,141,1.0,2.78432559967041,25.464313507080078
461,players,154,1.0,17.871496200561523,11.745244979858398
461,players,1,1.0,13.254179954528809,48.48609924316406
461,players,132,1.0,,
461,players,17,1.0,9.307633399963379,35.787010192871094
461,players,3,0.0,13.799356460571289,49.12307357788086
462,players,182,1.0,,
462,players,7,0.0,12.204386711120605,33.35422134399414
462,players,18,0.0,,
462,players,8,0.0,8.146455764770508,53.13594055175781
462,players,14,1.0,3.991842269897461,53.41869354248047
462,players,9,0.0,3.0912814140319824,45.9244270324707
462,players,17,1.0,9.250391006469727,35.86915588378906
462,players,141,1.0,2.739651679992676,25.487932205200195
462,players,5,1.0,1.6126947402954102,43.930259704589844
462,players,15,0.0,,
462,players,206,0.0,,
462,players,10,0.0,19.948993682861328,40.46371841430664
462,players,4,1.0,14.243556022644043,57.41444778442383
462,players,131,1.0,17.160118103027344,46.24758529663086
462,players,154,1.0,17.69216537475586,11.986909866333008
462,players,21,0.0,22.364501953125,58.243534088134766
462,players,1,1.0,13.250479698181152,48.2069206237793
462,players,173,1.0,,
462,players,3,0.0,13.757078170776367,49.26820373535156
462,players,132,1.0,,
463,players,4,1.0,14.317152976989746,57.28013229370117
463,players,18,0.0,,
463,players,182,1.0,,
463,players,8,0.0,8.098184585571289,53.27751541137695
463,players,14,1.0,4.047513484954834,53.441650390625
463,players,206,1.0,,
463,players,131,1.0,17.216022491455078,45.912044525146484
463,players,141,1.0,2.663029909133911,25.344646453857422
463,players,154,1.0,17.613100051879883,11.881260871887207
463,players,10,0.0,19.893306732177734,40.553077697753906
463,players,5,1.0,1.6215416193008423,43.970947265625
463,players,9,0.0,3.0193395614624023,45.93375015258789
463,players,7,0.0,12.126286506652832,33.27886199951172
463,players,15,0.0,,
463,players,17,1.0,9.233771324157715,36.004966735839844
463,players,1,1.0,13.24390697479248,48.08154296875
463,players,21,0.0,22.34524154663086,58.3587532043457
463,players,173,1.0,,
463,players,3,0.0,13.788053512573242,49.40439224243164
464,players,4,1.0,14.350113868713379,57.57318878173828
464,players,14,1.0,4.126583099365234,53.5059928894043
464,players,131,1.0,17.207090377807617,45.94622802734375
464,players,18,0.0,,
464,players,182,1.0,,
464,players,10,0.0,19.85648536682129,40.49684143066406
464,players,15,0.0,,
464,players,9,0.0,2.986490488052368,46.08180236816406
464,players,141,1.0,2.598629951477051,25.231786727905273
464,players,8,0.0,8.063980102539062,53.241058349609375
464,players,5,1.0,1.6101957559585571,44.08961486816406
464,players,17,1.0,9.186895370483398,35.88862991333008
464,players,1,1.0,13.249065399169922,47.99219512939453
464,players,173,1.0,,
464,players,7,1.0,12.100215911865234,33.379615783691406
464,players,21,0.0,22.584638595581055,58.385597229003906
464,players,154,1.0,17.452665328979492,12.265135765075684
464,players,3,0.0,13.76294231414795,49.4219970703125
464,players,206,1.0,,
464,players,132,0.0,,
465,players,14,1.0,4.181554794311523,53.48738098144531
465,players,15,0.0,,
465,players,131,1.0,17.163047790527344,46.26345443725586
465,players,8,0.0,8.027017593383789,53.25204849243164
465,players,182,1.0,,
465,players,141,1.0,2.580265522003174,25.85521697998047
465,players,5,1.0,1.559508204460144,44.2215461730957
465,players,10,0.0,19.898496627807617,40.54521942138672
465,players,17,1.0,9.152200698852539,36.01689529418945
465,players,9,0.0,2.969144582748413,46.06266403198242
465,players,132,0.0,,
465,players,18,1.0,,
465,players,7,0.0,12.179526329040527,33.379573822021484
465,players,173,1.0,,
465,players,154,1.0,17.379037857055664,12.292369842529297
465,players,4,1.0,14.399153709411621,57.71290969848633
465,players,1,1.0,13.210493087768555,48.345672607421875
465,players,206,1.0,,
465,players,21,0.0,22.554935455322266,58.39503860473633
465,players,3,0.0,13.771308898925781,49.47285461425781
466,players,14,1.0,4.143734455108643,53.505001068115234
466,players,15,0.0,,
466,players,8,0.0,7.994734287261963,53.30562210083008
466,players,154,1.0,17.274160385131836,12.467960357666016
466,players,182,1.0,,
466,players,132,0.0,,
466,players,17,1.0,9.101642608642578,36.05744934082031
466,players,141,1.0,2.5356602668762207,25.980464935302734
466,players,131,1.0,17.14643669128418,46.3040771484375
466,players,5,1.0,1.5142897367477417,44.27050018310547
466,players,10,0.0,19.889455795288086,40.60618209838867
466,players,173,1.0,,
466,players,7,0.0,12.201676368713379,33.488922119140625
466,players,9,0.0,2.9985196590423584,46.02738952636719
466,players,206,0.0,,
466,players,4,1.0,14.581210136413574,57.86180114746094
466,players,1,1.0,13.206019401550293,48.3240852355957
466,players,21,0.0,22.5856990814209,58.49185562133789
466,players,18,0.0,,
466,players,3,0.0,13.733070373535156,49.41869354248047
467,players,5,1.0,1.4593805074691772,44.3159065246582
467,players,182,1.0,,
467,players,14,1.0,4.111180782318115,53.68775177001953
467,players,17,1.0,9.12891674041748,36.014095306396484
467,players,15,0.0,,
467,players,8,0.0,7.979861259460449,53.29440689086914
467,players,141,1.0,2.5068864822387695,26.241729736328125
467,players,132,0.0,,
467,players,206,0.0,,
467,players,154,1.0,17.169639587402344,12.650482177734375
467,players,10,0.0,19.830724716186523,40.835079193115234
467,players,173,1.0,,
467,players,4,1.0,14.663405418395996,57.88636016845703
467,players,7,0.0,12.159674644470215,33.531150817871094
467,players,9,0.0,2.9638679027557373,45.987876892089844
467,players,18,0.0,,
467,players,131,1.0,17.188451766967773,46.477848052978516
467,players,3,0.0,13.739392280578613,49.36532974243164
467,players,21,0.0,22.573976516723633,58.60806655883789
467,players,1,1.0,13.246294975280762,48.446475982666016
468,players,206,0.0,,
468,players,5,1.0,1.4267359972000122,44.28655242919922
468,players,8,0.0,7.981485843658447,53.26017379760742
468,players,182,1.0,,
468,players,14,1.0,4.101906776428223,53.713417053222656
468,players,17,1.0,9.102128028869629,36.109619140625
468,players,132,0.0,,
468,players,21,0.0,22.58544921875,58.76305389404297
468,players,141,1.0,2.484381675720215,25.96717643737793
468,players,15,0.0,,
468,players,9,0.0,2.9125332832336426,46.10814666748047
468,players,4,1.0,14.787629127502441,57.92017364501953
468,players,18,0.0,,
468,players,7,0.0,12.100419998168945,33.53435134887695
468,players,131,1.0,17.401569366455078,46.53258514404297
468,players,154,1.0,17.155113220214844,12.504907608032227
468,players,10,0.0,19.851261138916016,40.799434661865234
468,players,1,1.0,13.254921913146973,48.49597930908203
468,players,173,1.0,,
468,players,3,0.0,13.73321533203125,49.456356048583984
469,players,14,1.0,4.116292953491211,53.768463134765625
469,players,4,1.0,14.836284637451172,57.88988494873047
469,players,5,1.0,1.3633968830108643,44.30901336669922
469,players,21,0.0,22.551433563232422,58.810142517089844
469,players,182,1.0,,
469,players,132,0.0,,
469,players,8,0.0,7.91227912902832,53.45648956298828
469,players,18,0.0,,
469,players,206,0.0,,
469,players,141,1.0,2.4414892196655273,26.199411392211914
469,players,15,0.0,,
469,players,9,0.0,2.8734610080718994,46.17873001098633
469,players,7,0.0,12.05421257019043,33.60000228881836
469,players,17,1.0,9.058889389038086,36.13510513305664
469,players,154,1.0,17.06695556640625,12.489991188049316
469,players,131,1.0,17.38897705078125,46.644317626953125
469,players,173,1.0,,
469,players,1,1.0,13.206027030944824,48.69426345825195
469,players,3,0.0,13.744733810424805,49.37063980102539
469,players,10,0.0,19.873502731323242,40.89448928833008
470,players,14,1.0,4.106561660766602,53.9221305847168
470,players,4,1.0,14.885452270507812,57.799503326416016
470,players,182,1.0,,
470,players,5,1.0,1.3243354558944702,44.37467575073242
470,players,9,0.0,2.866858959197998,46.222900390625
470,players,21,1.0,22.546611785888672,58.94746780395508
470,players,7,0.0,12.032379150390625,33.528846740722656
470,players,15,0.0,,
470,players,8,0.0,7.8668107986450195,53.50923156738281
470,players,18,0.0,,
470,players,154,1.0,16.991962432861328,12.27428150177002
470,players,132,0.0,,
470,players,173,1.0,,
470,players,131,1.0,17.502960205078125,46.55573272705078
470,players,17,1.0,9.031743049621582,36.26662826538086
470,players,141,1.0,2.3362038135528564,26.017513275146484
470,players,206,1.0,,
470,players,1,1.0,13.125382423400879,48.85040283203125
470,players,3,0.0,13.748841285705566,49.37028884887695
470,players,10,0.0,19.88491439819336,40.89509201049805
471,players,4,1.0,14.960330963134766,57.84392547607422
471,players,14,1.0,4.109007835388184,54.082584381103516
471,players,182,1.0,,
471,players,7,0.0,11.9947509765625,33.535213470458984
471,players,18,0.0,,
471,players,15,0.0,,
471,players,5,1.0,1.303540587425232,44.367252349853516
471,players,9,0.0,2.791285514831543,46.257572174072266
471,players,154,1.0,16.81840705871582,12.654995918273926
471,players,10,0.0,19.858583450317383,40.89469528198242
471,players,17,1.0,9.069815635681152,36.24656677246094
471,players,173,1.0,,
471,players,8,0.0,7.803182601928711,53.563507080078125
471,players,1,1.0,13.128608703613281,48.73649978637695
471,players,131,1.0,17.46218490600586,46.593482971191406
471,players,206,0.0,,
471,players,21,0.0,22.560848236083984,59.0283203125
471,players,141,1.0,2.2656445503234863,26.064067840576172
471,players,3,0.0,13.752908706665039,49.40346908569336
471,players,132,0.0,,
472,players,4,1.0,15.058622360229492,57.945152282714844
472,players,8,0.0,7.727565765380859,53.79254913330078
472,players,182,1.0,,
472,players,7,1.0,11.908653259277344,33.43151092529297
472,players,9,0.0,2.6947057247161865,46.28097152709961
472,players,18,0.0,,
472,players,10,0.0,19.87346839904785,40.56353759765625
472,players,14,1.0,4.083946228027344,54.10772705078125
472,players,15,0.0,,
472,players,173,1.0,,
472,players,141,1.0,2.154668092727661,26.368534088134766
472,players,17,1.0,9.058103561401367,36.22578430175781
472,players,5,1.0,1.2946100234985352,44.4241943359375
472,players,1,1.0,13.159419059753418,48.56947326660156
472,players,21,0.0,22.74946403503418,59.03816223144531
472,players,131,1.0,17.46636962890625,46.23085021972656
472,players,132,0.0,,
472,players,154,1.0,16.652315139770508,12.687788963317871
472,players,3,0.0,13.866704940795898,49.38444519042969
472,players,206,0.0,,
473,players,141,1.0,2.0960676670074463,26.74004554748535
473,players,15,0.0,,
473,players,182,1.0,,
473,players,9,0.0,2.599916934967041,46.29026794433594
473,players,10,0.0,19.846097946166992,40.518287658691406
473,players,1,1.0,13.113310813903809,48.58613967895508
473,players,173,1.0,,
473,players,154,1.0,16.482378005981445,12.753365516662598
473,players,18,0.0,,
473,players,5,1.0,1.2820327281951904,44.48716354370117
473,players,21,0.0,22.65838623046875,59.01424026489258
473,players,14,1.0,4.114482402801514,54.116050720214844
473,players,17,1.0,9.001221656799316,36.179779052734375
473,players,4,1.0,15.119115829467773,58.1420783996582
473,players,8,0.0,7.625036239624023,53.888999938964844
473,players,3,0.0,13.950977325439453,49.524173736572266
473,players,131,1.0,17.439605712890625,46.60360336303711
473,players,7,0.0,11.868489265441895,33.59036636352539
473,players,206,0.0,,
473,players,132,0.0,,
474,players,9,0.0,2.502633810043335,46.358882904052734
474,players,15,0.0,,
474,players,10,0.0,19.859874725341797,40.446598052978516
474,players,5,1.0,1.2094982862472534,44.57670974731445
474,players,141,1.0,2.019979953765869,26.841650009155273
474,players,173,1.0,,
474,players,17,1.0,8.923346519470215,36.21973419189453
474,players,182,1.0,,
474,players,154,1.0,16.334880828857422,12.789202690124512
474,players,18,1.0,,
474,players,1,1.0,13.088231086730957,48.65412902832031
474,players,131,1.0,17.428810119628906,46.584556579589844
474,players,3,0.0,13.97776985168457,49.5754280090332
474,players,14,1.0,4.12545108795166,54.080955505371094
474,players,206,0.0,,
474,players,21,0.0,22.69672393798828,59.04557800292969
474,players,8,0.0,7.620823383331299,53.7834358215332
474,players,4,1.0,15.263154983520508,58.159881591796875
474,players,7,0.0,11.903799057006836,33.58586120605469
474,players,132,0.0,,
475,players,15,0.0,,
475,players,5,1.0,1.1472535133361816,44.65616989135742
475,players,21,0.0,22.70507049560547,58.99386978149414
475,players,9,0.0,2.42018985748291,46.36161422729492
475,players,17,1.0,8.892256736755371,36.30157470703125
475,players,141,1.0,1.9787942171096802,27.095664978027344
475,players,206,0.0,,
475,players,10,0.0,19.796104431152344,40.60750198364258
475,players,4,1.0,15.418435096740723,58.203102111816406
475,players,154,1.0,16.208192825317383,12.928866386413574
475,players,132,0.0,23.275876998901367,21.496767044067383
475,players,8,0.0,7.604115962982178,53.776329040527344
475,players,182,1.0,,
475,players,1,1.0,13.1378173828125,48.73357009887695
475,players,3,0.0,13.929197311401367,49.674034118652344
475,players,14,1.0,4.136600971221924,54.13187789916992
475,players,18,0.0,,
475,players,7,0.0,11.887271881103516,33.715057373046875
475,players,131,1.0,17.437610626220703,46.693817138671875
475,players,173,1.0,,
476,players,8,0.0,7.564182758331299,53.90027618408203
476,players,21,0.0,22.69681739807129,58.96309280395508
476,players,5,1.0,1.0879024267196655,44.793025970458984
476,players,4,1.0,15.428580284118652,58.245853424072266
476,players,17,1.0,8.869489669799805,36.11221694946289
476,players,141,1.0,1.9404228925704956,27.227283477783203
476,players,182,1.0,,
476,players,9,0.0,2.3381829261779785,46.366058349609375
476,players,15,0.0,,
476,players,154,1.0,16.10531234741211,12.994515419006348
476,players,132,0.0,23.19782066345215,21.310182571411133
476,players,3,0.0,13.909832000732422,49.44483947753906
476,players,7,0.0,11.823470115661621,33.689571380615234
476,players,14,1.0,4.106753826141357,54.127193450927734
476,players,1,1.0,13.124689102172852,48.80368423461914
476,players,18,0.0,,
476,players,173,1.0,,
476,players,206,0.0,,
476,players,10,1.0,19.75139808654785,40.53200912475586
476,players,131,1.0,17.49211311340332,46.773094177246094
476,players,133,1.0,15.486066818237305,31.61812400817871
477,players,8,0.0,7.5106072425842285,53.89486312866211
477,players,5,1.0,1.017948031425476,44.71207809448242
477,players,141,1.0,1.8928951025009155,27.15393829345703
477,players,21,0.0,22.68573570251465,59.053226470947266
477,players,4,1.0,15.477679252624512,58.227333068847656
477,players,182,1.0,,
477,players,17,1.0,8.816120147705078,36.196102142333984
477,players,132,0.0,23.06527328491211,21.327316284179688
477,players,9,0.0,2.2808938026428223,46.42380905151367
477,players,7,0.0,11.762731552124023,33.641944885253906
477,players,154,1.0,15.966947555541992,13.017569541931152
477,players,15,0.0,,
477,players,3,0.0,13.877187728881836,49.449344635009766
477,players,1,1.0,13.12354564666748,48.85063552856445
477,players,18,0.0,,
477,players,206,1.0,,
477,players,14,1.0,4.056718349456787,54.31444549560547
477,players,131,1.0,17.481800079345703,46.8202018737793
477,players,10,0.0,19.789703369140625,40.443748474121094
477,players,173,1.0,,
478,players,8,0.0,7.435043811798096,54.18485641479492
478,players,5,1.0,0.948853075504303,44.740936279296875
478,players,4,1.0,15.553482055664062,58.1871337890625
478,players,14,1.0,4.054093837738037,54.396697998046875
478,players,141,1.0,1.8013919591903687,27.190570831298828
478,players,7,0.0,11.727272987365723,33.605247497558594
478,players,182,1.0,,
478,players,21,0.0,22.67194366455078,59.14933776855469
478,players,173,1.0,,
478,players,17,1.0,8.792905807495117,36.12329864501953
478,players,15,0.0,,
478,players,9,0.0,2.2407519817352295,46.52732849121094
478,players,18,0.0,,
478,players,1,1.0,13.070430755615234,48.87412643432617
478,players,3,0.0,13.844071388244629,49.555519104003906
478,players,10,0.0,19.809778213500977,40.5009651184082
478,players,131,1.0,17.60804557800293,46.846317291259766
478,players,206,0.0,,
478,players,154,1.0,15.842912673950195,13.073051452636719
478,players,132,0.0,22.91424560546875,21.370668411254883
479,players,14,1.0,4.037962436676025,54.453948974609375
479,players,4,1.0,15.632619857788086,58.238250732421875
479,players,5,1.0,0.8729713559150696,44.77246856689453
479,players,8,0.0,7.336827278137207,54.274295806884766
479,players,182,1.0,,
479,players,7,0.0,11.639423370361328,33.59141159057617
479,players,17,1.0,8.754105567932129,36.070960998535156
479,players,173,1.0,,
479,players,132,0.0,22.791906356811523,21.2502384185791
479,players,18,0.0,,
479,players,21,1.0,22.638431549072266,59.133056640625
479,players,15,0.0,,
479,players,141,1.0,1.6813244819641113,27.194381713867188
479,players,9,0.0,2.167797327041626,46.569393157958984
479,players,131,1.0,17.653148651123047,46.807350158691406
479,players,10,0.0,19.866132736206055,40.38712692260742
479,players,3,0.0,13.830672264099121,49.694190979003906
479,players,1,1.0,13.04737663269043,49.02067565917969
479,players,206,0.0,,
479,players,154,1.0,15.675082206726074,13.078758239746094
480,players,182,1.0,,
480,players,8,0.0,7.26770544052124,54.328041076660156
480,players,141,1.0,1.577110767364502,27.377111434936523
480,players,14,1.0,3.981135368347168,54.62165451049805
480,players,5,1.0,0.8298110365867615,44.8852424621582
480,players,7,0.0,11.568524360656738,33.572608947753906
480,players,173,1.0,,
480,players,4,1.0,15.663437843322754,58.53709411621094
480,players,132,0.0,22.578733444213867,21.39496421813965
480,players,1,1.0,12.970468521118164,49.007225036621094
480,players,154,1.0,15.53039836883545,13.184298515319824
480,players,15,0.0,,
480,players,131,1.0,17.63304901123047,46.78178787231445
480,players,18,0.0,,
480,players,10,0.0,19.80929183959961,40.353267669677734
480,players,3,0.0,13.858209609985352,49.73540496826172
480,players,17,1.0,8.794474601745605,36.180763244628906
480,players,21,0.0,22.715572357177734,59.19091796875
480,players,206,0.0,,
480,players,9,0.0,2.1034929752349854,46.76841735839844
481,players,182,1.0,,
481,players,8,0.0,7.178056240081787,54.452301025390625
481,players,141,1.0,1.4711027145385742,27.53044891357422
481,players,4,1.0,15.743086814880371,58.529632568359375
481,players,173,1.0,,
481,players,18,0.0,,
481,players,15,0.0,,
481,players,154,1.0,15.366097450256348,13.315987586975098
481,players,17,1.0,8.735047340393066,36.22456359863281
481,players,1,1.0,12.932694435119629,48.942203521728516
481,players,14,1.0,3.920795440673828,54.783267974853516
481,players,132,0.0,22.49661636352539,21.195035934448242
481,players,9,0.0,1.9969913959503174,46.92524337768555
481,players,5,1.0,0.8210105299949646,44.92713928222656
481,players,21,0.0,22.8171443939209,59.23427963256836
481,players,10,0.0,19.69184112548828,40.50507736206055
481,players,7,1.0,11.443326950073242,33.515506744384766
481,players,131,1.0,17.576738357543945,46.75865936279297
481,players,3,0.0,13.922079086303711,49.771697998046875
481,players,206,0.0,,
482,players,9,0.0,1.9130139350891113,46.993751525878906
482,players,8,0.0,7.083577632904053,54.559261322021484
482,players,21,0.0,22.89448356628418,59.1467399597168
482,players,15,0.0,,
482,players,182,1.0,,
482,players,154,1.0,15.17471981048584,13.53470516204834
482,players,14,1.0,3.89624285697937,54.771728515625
482,players,17,1.0,8.638856887817383,36.230491638183594
482,players,141,1.0,1.3953452110290527,27.530912399291992
482,players,5,1.0,0.7922400236129761,45.01064682006836
482,players,4,1.0,15.913687705993652,58.50447463989258
482,players,18,0.0,,
482,players,7,0.0,11.400120735168457,33.552635192871094
482,players,1,1.0,12.888306617736816,49.023712158203125
482,players,10,0.0,19.59885597229004,40.56414794921875
482,players,173,1.0,,
482,players,131,1.0,17.580137252807617,46.60879898071289
482,players,3,0.0,13.976652145385742,49.868831634521484
482,players,132,0.0,22.367774963378906,21.071414947509766
482,players,206,0.0,,
483,players,21,0.0,22.780061721801758,59.32157516479492
483,players,5,1.0,0.7095598578453064,45.25988006591797
483,players,8,0.0,6.993068218231201,54.608970642089844
483,players,4,1.0,15.99078369140625,58.58052444458008
483,players,17,1.0,8.536734580993652,36.37995147705078
483,players,141,1.0,1.2939242124557495,28.010814666748047
483,players,15,0.0,,
483,players,14,1.0,3.9019229412078857,54.63915252685547
483,players,182,1.0,,
483,players,9,0.0,1.8089262247085571,47.046409606933594
483,players,18,0.0,,
483,players,1,1.0,12.83537769317627,49.0396728515625
483,players,10,0.0,19.586395263671875,40.5142936706543
483,players,206,0.0,,
483,players,131,1.0,17.524574279785156,46.86936950683594
483,players,7,0.0,11.370083808898926,33.533477783203125
483,players,132,0.0,22.20226287841797,21.01206398010254
483,players,3,0.0,13.912857055664062,49.954708099365234
483,players,173,1.0,,
483,players,154,1.0,14.983139991760254,13.58565902709961
484,players,17,1.0,8.419502258300781,36.37566375732422
484,players,4,1.0,16.017250061035156,58.55241012573242
484,players,14,1.0,3.8863515853881836,54.73218536376953
484,players,21,0.0,22.61243438720703,59.647010803222656
484,players,8,0.0,6.913559436798096,54.62217712402344
484,players,15,0.0,,
484,players,182,1.0,,
484,players,141,1.0,1.167086124420166,27.773157119750977
484,players,9,0.0,1.68998122215271,47.099517822265625
484,players,18,0.0,,
484,players,154,1.0,14.804283142089844,13.619967460632324
484,players,5,1.0,0.5925996899604797,45.22413635253906
484,players,131,1.0,17.4594669342041,46.84828186035156
484,players,1,1.0,12.82824993133545,49.03015899658203
484,players,7,0.0,11.300613403320312,33.66155242919922
484,players,10,0.0,19.49232292175293,40.55953598022461
484,players,173,1.0,,
484,players,3,0.0,13.790493965148926,49.89938735961914
484,players,132,0.0,22.040029525756836,21.085290908813477
484,players,206,1.0,,
485,players,17,1.0,8.3267822265625,35.96570587158203
485,players,4,1.0,16.03968048095703,58.12293243408203
485,players,14,1.0,3.819748878479004,54.593997955322266
485,players,173,1.0,,
485,players,5,1.0,0.46328315138816833,45.06538391113281
485,players,182,1.0,,
485,players,21,0.0,22.477144241333008,59.615745544433594
485,players,8,0.0,6.805344581604004,54.41304016113281
485,players,7,0.0,11.162958145141602,33.37665939331055
485,players,1,1.0,12.800899505615234,48.90306091308594
485,players,9,0.0,1.5857574939727783,47.007667541503906
485,players,154,1.0,14.575068473815918,13.77127456665039
485,players,132,0.0,21.790409088134766,20.8125057220459
485,players,141,1.0,1.0376700162887573,27.805105209350586
485,players,15,0.0,,
485,players,18,0.0,,
485,players,3,0.0,13.754755020141602,49.70436477661133
485,players,206,0.0,,
485,players,131,1.0,17.40229034423828,46.626346588134766
485,players,10,0.0,19.426692962646484,40.042823791503906
486,players,17,1.0,8.309117317199707,36.08031463623047
486,players,4,1.0,16.124662399291992,58.05253601074219
486,players,5,1.0,0.4506535828113556,45.083518981933594
486,players,7,0.0,11.071036338806152,33.507537841796875
486,players,173,1.0,,
486,players,182,1.0,,
486,players,9,0.0,1.5165016651153564,47.004886627197266
486,players,14,1.0,3.7906439304351807,54.7913703918457
486,players,21,0.0,22.420312881469727,59.60390090942383
486,players,8,0.0,6.780178546905518,54.44441604614258
486,players,154,1.0,14.451018333435059,13.805277824401855
486,players,15,0.0,,
486,players,1,1.0,12.773106575012207,48.86216354370117
486,players,206,0.0,,
486,players,18,0.0,,
486,players,132,0.0,21.582077026367188,20.9428768157959
486,players,10,0.0,19.35806655883789,39.91789245605469
486,players,131,1.0,17.538713455200195,46.45951843261719
486,players,3,0.0,13.707931518554688,49.6882438659668
486,players,141,1.0,1.0413850545883179,27.802932739257812
487,players,182,1.0,,
487,players,7,0.0,10.960074424743652,33.447914123535156
487,players,17,1.0,8.19698429107666,36.06134033203125
487,players,9,0.0,1.4657405614852905,47.08066177368164
487,players,8,0.0,6.693345069885254,54.40666198730469
487,players,14,1.0,3.746060609817505,54.87955093383789
487,players,15,0.0,,
487,players,5,1.0,0.40492749214172363,45.0002326965332
487,players,21,0.0,22.364320755004883,59.50878143310547
487,players,4,1.0,16.126567840576172,58.24594497680664
487,players,1,1.0,12.676558494567871,48.83134841918945
487,players,18,0.0,,
487,players,154,1.0,14.26002311706543,14.057196617126465
487,players,141,1.0,0.9526954293251038,27.869796752929688
487,players,131,1.0,17.516996383666992,46.59030532836914
487,players,10,0.0,19.375701904296875,39.800086975097656
487,players,3,0.0,13.657955169677734,49.615413665771484
487,players,173,1.0,,
487,players,206,0.0,,
488,players,14,1.0,3.7258379459381104,54.767765045166016
488,players,9,0.0,1.4007865190505981,47.016361236572266
488,players,15,0.0,,
488,players,182,1.0,,
488,players,7,0.0,10.882625579833984,33.34395980834961
488,players,5,1.0,0.36953070759773254,44.99314880371094
488,players,4,1.0,16.157360076904297,58.19009017944336
488,players,173,1.0,,
488,players,132,0.0,21.100791931152344,21.13170623779297
488,players,17,1.0,8.14026927947998,36.04749298095703
488,players,18,0.0,,
488,players,1,1.0,12.594486236572266,48.76100540161133
488,players,131,1.0,17.509719848632812,46.66381072998047
488,players,21,0.0,22.371932983398438,59.43755340576172
488,players,8,0.0,6.6269659996032715,54.28793716430664
488,players,206,0.0,,
488,players,154,1.0,14.06750774383545,14.04782485961914
488,players,10,0.0,19.249897003173828,39.78986358642578
488,players,141,1.0,0.8901575803756714,27.83414649963379
488,players,3,0.0,13.632737159729004,49.439022064208984
489,players,7,0.0,10.718440055847168,33.46315002441406
489,players,14,1.0,3.6835556030273438,54.76337432861328
489,players,8,0.0,6.518502712249756,54.21158218383789
489,players,1,1.0,12.50853443145752,48.606136322021484
489,players,132,0.0,20.79243278503418,21.292783737182617
489,players,9,0.0,1.3237608671188354,46.9721565246582
489,players,15,0.0,,
489,players,182,1.0,,
489,players,4,1.0,16.18833351135254,58.0469856262207
489,players,5,1.0,0.3270159661769867,45.07561492919922
489,players,18,0.0,,
489,players,154,1.0,13.813583374023438,14.084346771240234
489,players,206,0.0,,
489,players,131,1.0,17.44486427307129,46.30250930786133
489,players,141,1.0,0.7896502017974854,28.158870697021484
489,players,21,0.0,22.32024383544922,59.2090950012207
489,players,17,1.0,8.081835746765137,35.85310745239258
489,players,10,0.0,19.079622268676758,39.57511901855469
489,players,3,1.0,13.537859916687012,49.4144287109375
489,players,173,1.0,,
490,players,9,0.0,1.28740394115448,46.98303985595703
490,players,1,1.0,12.419214248657227,48.6037483215332
490,players,7,0.0,10.584359169006348,33.539100646972656
490,players,14,1.0,3.6614108085632324,54.9158935546875
490,players,8,0.0,6.439889430999756,54.2342529296875
490,players,18,0.0,,
490,players,5,1.0,0.3345000445842743,45.23486328125
490,players,15,0.0,,
490,players,131,1.0,17.254783630371094,46.423797607421875
490,players,154,1.0,13.562118530273438,14.51572036743164
490,players,21,0.0,22.214242935180664,59.12040328979492
490,players,141,1.0,0.7463204264640808,28.3866024017334
490,players,182,1.0,,
490,players,4,1.0,16.26668930053711,58.02983856201172
490,players,10,0.0,18.920076370239258,39.694454193115234
490,players,17,1.0,8.047351837158203,35.967803955078125
490,players,132,0.0,20.52100372314453,21.3442325592041
490,players,206,0.0,,
490,players,3,0.0,13.621199607849121,49.43526840209961
490,players,173,1.0,,
490,players,238,1.0,,
491,players,9,0.0,1.2508666515350342,47.09828567504883
491,players,18,0.0,,
491,players,14,1.0,3.6469905376434326,54.94081497192383
491,players,141,1.0,0.6900500059127808,28.322433471679688
491,players,5,1.0,0.32266902923583984,45.3558349609375
491,players,15,0.0,,
491,players,8,0.0,6.386080741882324,54.22949981689453
491,players,1,1.0,12.352097511291504,48.66991424560547
491,players,131,1.0,17.15281105041504,46.6330680847168
491,players,21,0.0,22.133996963500977,58.94544982910156
491,players,4,1.0,16.251482009887695,57.96483612060547
491,players,132,0.0,20.217050552368164,21.62346076965332
491,players,17,1.0,7.951276779174805,36.18571853637695
491,players,10,0.0,18.7449893951416,39.769561767578125
491,players,7,0.0,10.525238037109375,33.6384391784668
491,players,154,1.0,13.311366081237793,15.079977035522461
491,players,182,1.0,,
491,players,238,1.0,,
491,players,3,0.0,13.740872383117676,49.46548080444336
491,players,206,0.0,,
492,players,18,0.0,23.253870010375977,41.64862823486328
492,players,4,1.0,16.268583297729492,57.73806381225586
492,players,15,0.0,,
492,players,182,1.0,,
492,players,14,1.0,3.6372148990631104,54.812522888183594
492,players,141,1.0,0.6423712968826294,28.825979232788086
492,players,5,1.0,0.3088114261627197,45.41793441772461
492,players,1,1.0,12.293512344360352,48.61654281616211
492,players,132,0.0,19.953571319580078,21.62240219116211
492,players,17,1.0,7.871480941772461,36.139556884765625
492,players,7,0.0,10.441278457641602,33.74540710449219
492,players,131,1.0,17.098615646362305,46.489166259765625
492,players,10,0.0,18.61678123474121,39.77840805053711
492,players,8,0.0,6.296863079071045,54.22246170043945
492,players,238,1.0,,
492,players,9,0.0,1.1927125453948975,46.999610900878906
492,players,21,0.0,22.006040573120117,58.92813491821289
492,players,206,1.0,,
492,players,3,0.0,13.547383308410645,49.38154220581055
492,players,154,1.0,13.10382080078125,15.229768753051758
493,players,8,0.0,6.170687675476074,54.115543365478516
493,players,4,1.0,16.254487991333008,57.570125579833984
493,players,18,0.0,23.09693717956543,41.51823806762695
493,players,141,1.0,0.5541822910308838,28.730403900146484
493,players,1,1.0,12.284675598144531,48.474822998046875
493,players,182,1.0,,
493,players,17,1.0,7.775511264801025,35.971656799316406
493,players,21,0.0,21.87507438659668,58.92564392089844
493,players,14,1.0,3.5871787071228027,54.775699615478516
493,players,5,1.0,0.2484208345413208,45.390132904052734
493,players,15,0.0,,
493,players,7,0.0,10.362783432006836,33.859031677246094
493,players,238,1.0,,
493,players,3,0.0,13.590153694152832,49.370277404785156
493,players,131,1.0,16.974437713623047,46.58621597290039
493,players,154,1.0,12.900184631347656,15.328605651855469
493,players,9,0.0,1.107059359550476,46.91057205200195
493,players,10,0.0,18.499635696411133,39.51179504394531
493,players,206,1.0,,
493,players,132,0.0,19.659292221069336,21.612276077270508
494,players,4,1.0,16.265161514282227,57.68366622924805
494,players,8,0.0,6.085728168487549,54.094573974609375
494,players,141,1.0,0.49580079317092896,28.993330001831055
494,players,17,1.0,7.7496562004089355,35.900569915771484
494,players,18,0.0,22.90477180480957,41.580780029296875
494,players,182,1.0,,
494,players,15,0.0,,
494,players,5,1.0,0.21548573672771454,45.298221588134766
494,players,154,1.0,12.698942184448242,15.875764846801758
494,players,21,0.0,21.750444412231445,58.95928192138672
494,players,14,1.0,3.6109416484832764,54.72267150878906
494,players,7,0.0,10.25816535949707,33.809906005859375
494,players,1,1.0,12.275447845458984,48.52484893798828
494,players,132,0.0,19.443904876708984,21.693681716918945
494,players,238,1.0,,
494,players,3,0.0,13.555519104003906,49.291683197021484
494,players,10,1.0,18.338333129882812,39.62574768066406
494,players,9,0.0,1.1045244932174683,46.93229675292969
494,players,206,0.0,,
494,players,131,1.0,16.92593002319336,46.62535858154297
495,players,8,0.0,5.996739387512207,54.14128112792969
495,players,17,1.0,7.687493324279785,35.97669982910156
495,players,141,1.0,0.49010321497917175,28.888917922973633
495,players,14,1.0,3.5787761211395264,54.7000732421875
495,players,18,0.0,22.814132690429688,41.58597946166992
495,players,154,1.0,12.573104858398438,16.184019088745117
495,players,182,1.0,,
495,players,21,1.0,21.652626037597656,58.93829345703125
495,players,5,1.0,0.18345409631729126,45.300540924072266
495,players,131,1.0,16.930110931396484,46.33877944946289
495,players,4,1.0,16.24397087097168,57.71306610107422
495,players,3,0.0,13.4839448928833,49.30724334716797
495,players,1,1.0,12.201348304748535,48.5783805847168
495,players,10,0.0,18.3032283782959,39.64276885986328
495,players,9,0.0,1.1047700643539429,47.00990676879883
495,players,238,1.0,,
495,players,132,0.0,19.14662742614746,21.857561111450195
495,players,15,0.0,,
495,players,7,0.0,10.119073867797852,33.904945373535156
495,players,206,0.0,,
496,players,8,0.0,5.9253129959106445,53.962764739990234
496,players,17,1.0,7.581670761108398,36.05665588378906
496,players,7,0.0,10.02904224395752,33.79838943481445
496,players,131,1.0,16.915102005004883,46.47607421875
496,players,21,0.0,21.64776611328125,58.81351089477539
496,players,141,1.0,0.441473126411438,29.161001205444336
496,players,5,1.0,0.1630820631980896,45.32211685180664
496,players,14,1.0,3.5255930423736572,54.703819274902344
496,players,15,0.0,,
496,players,10,0.0,18.221742630004883,39.65233612060547
496,players,1,1.0,12.085780143737793,48.55218505859375
496,players,3,0.0,13.433428764343262,49.20230484008789
496,players,9,0.0,1.0233807563781738,46.95537185668945
496,players,182,1.0,,
496,players,154,1.0,12.400948524475098,16.6054744720459
496,players,18,0.0,22.679576873779297,41.60258483886719
496,players,4,1.0,16.256847381591797,57.66144561767578
496,players,132,0.0,18.863399505615234,22.046438217163086
496,players,238,1.0,,
496,players,206,1.0,,
497,players,7,0.0,9.944703102111816,33.90861511230469
497,players,14,1.0,3.503175735473633,54.670021057128906
497,players,15,0.0,,
497,players,131,1.0,16.8740177154541,46.33924102783203
497,players,5,1.0,0.14787006378173828,45.301124572753906
497,players,8,0.0,5.906048774719238,53.96672821044922
497,players,1,1.0,12.020302772521973,48.55253601074219
497,players,21,0.0,21.695993423461914,58.76518630981445
497,players,182,1.0,,
497,players,17,1.0,7.513718128204346,36.17197036743164
497,players,3,0.0,13.365647315979004,49.21168899536133
497,players,18,0.0,22.5609130859375,41.490482330322266
497,players,4,1.0,16.402259826660156,57.665470123291016
497,players,238,1.0,,
497,players,132,0.0,18.62303924560547,22.190847396850586
497,players,10,0.0,18.16976547241211,39.49528121948242
497,players,9,0.0,0.9662309885025024,46.96617126464844
497,players,141,1.0,0.42280372977256775,29.625505447387695
497,players,154,1.0,12.247771263122559,16.752809524536133
497,players,206,0.0,,
498,players,14,1.0,3.468388080596924,54.650665283203125
498,players,15,0.0,,
498,players,7,0.0,9.82740592956543,33.88469696044922
498,players,1,1.0,11.951739311218262,48.44347381591797
498,players,18,0.0,22.404075622558594,41.23579788208008
498,players,8,0.0,5.86867618560791,53.90221405029297
498,players,131,1.0,16.76451873779297,46.17991638183594
498,players,5,1.0,0.10935847461223602,45.30473709106445
498,players,4,1.0,16.451435089111328,57.49407958984375
498,players,3,0.0,13.297018051147461,49.2535514831543
498,players,238,1.0,,
498,players,182,1.0,,
498,players,9,0.0,0.8784088492393494,47.00495147705078
498,players,132,0.0,18.36016082763672,22.332094192504883
498,players,10,0.0,17.953266143798828,39.615116119384766
498,players,21,0.0,21.550037384033203,58.75128936767578
498,players,206,0.0,,
498,players,154,1.0,12.076099395751953,16.853944778442383
498,players,17,1.0,7.476541996002197,36.21284484863281
498,players,249,,,
498,players,141,1.0,0.3723042607307434,29.757078170776367
499,players,14,1.0,3.4508094787597656,54.696475982666016
499,players,1,1.0,11.906615257263184,48.45150375366211
499,players,8,0.0,5.859879016876221,53.79197311401367
499,players,15,0.0,,
499,players,21,0.0,21.413856506347656,58.8592643737793
499,players,7,1.0,9.752937316894531,33.98259353637695
499,players,4,1.0,16.468698501586914,57.312564849853516
499,players,154,1.0,11.936501502990723,17.23369026184082
499,players,238,1.0,,
499,players,131,1.0,16.702302932739258,46.28199768066406
499,players,5,1.0,0.1293560117483139,45.354103088378906
499,players,18,0.0,22.257225036621094,41.23323059082031
499,players,9,0.0,0.8812283277511597,47.00952911376953
499,players,3,0.0,13.288609504699707,49.304786682128906
499,players,182,1.0,,
499,players,10,0.0,17.784360885620117,39.839759826660156
499,players,141,1.0,0.3558120131492615,29.95939064025879
499,players,206,1.0,,
499,players,249,,,
499,players,17,1.0,7.50406551361084,36.3665885925293
500,players,18,0.0,22.16794204711914,40.948463439941406
500,players,14,1.0,3.4229159355163574,54.67348861694336
500,players,8,0.0,5.794903755187988,53.82080841064453
500,players,21,0.0,21.299318313598633,58.82768630981445
500,players,1,1.0,11.833362579345703,48.49797821044922
500,players,10,0.0,17.714622497558594,39.55562210083008
500,players,206,1.0,,
500,players,238,1.0,,
500,players,4,1.0,16.529748916625977,56.922706604003906
500,players,7,0.0,9.705094337463379,33.965065002441406
500,players,154,1.0,11.748482704162598,17.568391799926758
500,players,15,0.0,,
500,players,131,1.0,16.634605407714844,46.219722747802734
500,players,132,0.0,17.88572883605957,22.568939208984375
500,players,9,0.0,0.8278496265411377,47.00515365600586
500,players,182,1.0,,
500,players,5,1.0,0.17930997908115387,45.485721588134766
500,players,17,1.0,7.515927314758301,36.27345275878906
500,players,141,1.0,0.34379681944847107,30.20906639099121
500,players,249,,,
500,players,3,0.0,13.28626537322998,49.30052947998047
501,players,18,0.0,22.080921173095703,40.874935150146484
501,players,10,0.0,17.697904586791992,39.3140869140625
501,players,14,1.0,3.425323724746704,54.648094177246094
501,players,206,0.0,,
501,players,15,0.0,,
501,players,1,1.0,11.816650390625,48.52267837524414
501,players,154,1.0,11.63260555267334,18.171558380126953
501,players,8,0.0,5.738668918609619,53.954139709472656
501,players,21,1.0,21.199527740478516,58.878875732421875
501,players,4,1.0,16.54903221130371,56.90848922729492
501,players,132,0.0,17.670866012573242,22.845991134643555
501,players,131,1.0,16.569530487060547,46.30068588256836
501,players,7,0.0,9.685822486877441,34.01959228515625
501,players,182,1.0,,
501,players,9,0.0,0.8034834265708923,47.01811981201172
501,players,238,1.0,,
501,players,141,1.0,0.35864102840423584,30.365856170654297
501,players,5,1.0,0.19833527505397797,45.55772018432617
501,players,17,1.0,7.440701961517334,36.371116638183594
501,players,3,0.0,13.457438468933105,49.27857208251953
501,players,249,,,
502,players,17,1.0,7.33577299118042,36.479366302490234
502,players,18,0.0,21.990524291992188,40.55556106567383
502,players,10,0.0,17.556381225585938,39.27001190185547
502,players,1,1.0,11.822574615478516,48.42085647583008
502,players,8,0.0,5.668324947357178,53.94969177246094
502,players,154,1.0,11.51816177368164,18.1523494720459
502,players,15,0.0,,
502,players,21,1.0,21.078136444091797,58.91476058959961
502,players,131,1.0,16.48331642150879,46.452293395996094
502,players,141,1.0,0.3037227392196655,30.5801944732666
502,players,182,1.0,,
502,players,4,1.0,16.5549373626709,57.038753509521484
502,players,9,0.0,0.7802814841270447,46.97517776489258
502,players,7,0.0,9.640348434448242,34.196170806884766
502,players,14,1.0,3.489922523498535,54.67555236816406
502,players,5,1.0,0.17907558381557465,45.53173828125
502,players,132,0.0,17.45761489868164,22.963489532470703
502,players,3,0.0,13.334482192993164,49.21108627319336
502,players,206,0.0,,
502,players,238,1.0,,
502,players,249,,,
503,players,8,0.0,5.650145530700684,53.80453109741211
503,players,17,1.0,7.343570232391357,36.3950080871582
503,players,18,0.0,21.79970359802246,40.91020965576172
503,players,14,1.0,3.5393199920654297,54.652366638183594
503,players,182,1.0,,
503,players,15,0.0,,
503,players,154,1.0,11.380435943603516,18.679513931274414
503,players,131,1.0,16.420318603515625,46.379547119140625
503,players,10,0.0,17.469331741333008,39.342735290527344
503,players,3,0.0,13.349065780639648,49.269371032714844
503,players,7,0.0,9.532008171081543,34.22534942626953
503,players,5,1.0,0.17912262678146362,45.64775466918945
503,players,1,1.0,11.909534454345703,48.46990203857422
503,players,21,0.0,21.225399017333984,58.83768844604492
503,players,4,1.0,16.616649627685547,57.010772705078125
503,players,9,0.0,0.7977948784828186,46.938194274902344
503,players,132,0.0,17.237585067749023,22.917953491210938
503,players,206,0.0,,
503,players,238,1.0,,
503,players,249,,,
503,players,141,1.0,0.30380916595458984,30.712682723999023
504,players,8,0.0,5.637185573577881,53.76264953613281
504,players,17,1.0,7.332422733306885,36.34286117553711
504,players,14,1.0,3.5938332080841064,54.61495590209961
504,players,1,1.0,11.874780654907227,48.322654724121094
504,players,15,0.0,,
504,players,182,1.0,,
504,players,18,0.0,21.68638038635254,40.7809944152832
504,players,21,0.0,21.158178329467773,58.65715789794922
504,players,238,1.0,,
504,players,10,0.0,17.381454467773438,39.380489349365234
504,players,131,1.0,16.51323127746582,46.309688568115234
504,players,5,1.0,0.180979922413826,45.56048583984375
504,players,9,0.0,0.8322111964225769,47.00286102294922
504,players,3,0.0,13.332718849182129,49.197086334228516
504,players,132,0.0,17.018203735351562,23.311012268066406
504,players,7,0.0,9.48443603515625,34.23417282104492
504,players,4,1.0,16.697988510131836,56.96816635131836
504,players,206,0.0,,
504,players,249,,,
504,players,154,1.0,11.292998313903809,18.912288665771484
505,players,8,0.0,5.617093563079834,53.69425964355469
505,players,1,1.0,11.825313568115234,48.28013229370117
505,players,17,1.0,7.311175346374512,36.40919876098633
505,players,14,1.0,3.5955374240875244,54.55305862426758
505,players,238,1.0,,
505,players,182,1.0,,
505,players,132,0.0,16.845111846923828,23.3399658203125
505,players,10,0.0,17.385847091674805,39.58574295043945
505,players,21,0.0,21.12089729309082,58.64863967895508
505,players,131,1.0,16.560543060302734,46.26508331298828
505,players,4,1.0,16.788055419921875,56.92382049560547
505,players,3,0.0,13.314887046813965,49.07167434692383
505,players,9,0.0,0.8304538130760193,47.028751373291016
505,players,15,0.0,,
505,players,5,1.0,0.2075885534286499,45.55197525024414
505,players,7,0.0,9.445403099060059,34.281822204589844
505,players,18,0.0,21.649446487426758,40.74660110473633
505,players,206,0.0,,
505,players,249,,,
506,players,8,0.0,5.58371114730835,53.66109848022461
506,players,1,1.0,11.794877052307129,48.20210647583008
506,players,17,1.0,7.3253173828125,36.44300079345703
506,players,14,1.0,3.58107852935791,54.516029357910156
506,players,15,0.0,,
506,players,10,0.0,17.31317901611328,39.61756896972656
506,players,3,0.0,13.31682014465332,48.92738723754883
506,players,182,1.0,,
506,players,4,1.0,16.830289840698242,56.782352447509766
506,players,131,1.0,16.527099609375,46.19810104370117
506,players,9,0.0,0.8566280007362366,46.95415496826172
506,players,238,1.0,,
506,players,21,0.0,21.090511322021484,58.48346710205078
506,players,206,0.0,,
506,players,18,0.0,21.59409523010254,40.822265625
506,players,5,1.0,0.2329278141260147,45.310516357421875
506,players,132,0.0,16.682424545288086,23.45108413696289
506,players,7,0.0,9.449108123779297,34.16698455810547
506,players,249,,,
507,players,1,1.0,11.797521591186523,48.11818313598633
507,players,8,0.0,5.554605007171631,53.69840621948242
507,players,14,1.0,3.6090621948242188,54.528564453125
507,players,21,0.0,21.067489624023438,58.33119201660156
507,players,18,0.0,21.535587310791016,40.731815338134766
507,players,238,1.0,,
507,players,182,1.0,,
507,players,4,1.0,16.870826721191406,56.673377990722656
507,players,206,0.0,,
507,players,15,0.0,,
507,players,9,0.0,0.8979207277297974,47.020172119140625
507,players,3,0.0,13.361644744873047,48.75963592529297
507,players,10,0.0,17.246707916259766,39.53199005126953
507,players,17,1.0,7.345459938049316,36.45780944824219
507,players,5,1.0,0.24351492524147034,45.24528884887695
507,players,131,1.0,16.495777130126953,46.02870178222656
507,players,7,0.0,9.450531959533691,34.41205978393555
507,players,249,,,
508,players,14,1.0,3.6340136528015137,54.441978454589844
508,players,1,1.0,11.815235137939453,48.04847717285156
508,players,8,0.0,5.523784160614014,53.55084991455078
508,players,238,1.0,,
508,players,4,1.0,16.93623161315918,56.39822769165039
508,players,21,0.0,21.025604248046875,58.21223068237305
508,players,206,0.0,,
508,players,182,1.0,,
508,players,18,0.0,21.420150756835938,40.626983642578125
508,players,15,0.0,,
508,players,141,1.0,0.42420294880867004,31.28472137451172
508,players,3,0.0,13.386706352233887,48.89008712768555
508,players,131,1.0,16.438241958618164,46.05231475830078
508,players,10,0.0,17.16145133972168,39.449039459228516
508,players,5,1.0,0.2940619885921478,45.282012939453125
508,players,9,0.0,0.9299962520599365,46.95207595825195
508,players,154,1.0,10.994746208190918,19.547382354736328
508,players,7,0.0,9.414989471435547,34.350494384765625
508,players,249,,,
508,players,17,1.0,7.433380126953125,36.51543045043945
509,players,1,1.0,11.768136978149414,48.143524169921875
509,players,14,1.0,3.6845767498016357,54.476776123046875
509,players,182,1.0,,
509,players,206,0.0,,
509,players,238,1.0,,
509,players,141,1.0,0.477651447057724,31.457857131958008
509,players,4,1.0,17.0485782623291,56.37151336669922
509,players,8,0.0,5.53670597076416,53.5355110168457
509,players,21,0.0,21.014141082763672,58.268707275390625
509,players,131,1.0,16.424528121948242,46.17447280883789
509,players,18,0.0,21.385623931884766,40.37775421142578
509,players,154,1.0,10.915202140808105,19.73137092590332
509,players,10,0.0,17.134199142456055,39.355594635009766
509,players,15,0.0,,
509,players,3,0.0,13.534226417541504,48.8537712097168
509,players,132,0.0,16.19682502746582,23.788753509521484
509,players,9,0.0,1.011373519897461,46.991783142089844
509,players,5,1.0,0.4157496392726898,45.62714385986328
509,players,249,,,
509,players,7,0.0,9.410050392150879,34.191287994384766
509,players,17,1.0,7.446418285369873,36.719390869140625
510,players,10,0.0,17.07779884338379,39.302391052246094
510,players,1,1.0,11.78110122680664,48.05620574951172
510,players,18,0.0,21.282365798950195,40.355079650878906
510,players,14,1.0,3.7013003826141357,54.392906188964844
510,players,141,1.0,0.5060470700263977,31.567516326904297
510,players,238,1.0,,
510,players,182,1.0,,
510,players,8,0.0,5.546099662780762,53.4791259765625
510,players,4,1.0,17.085296630859375,56.313720703125
510,players,131,1.0,16.4350643157959,46.08323669433594
510,players,154,1.0,10.887463569641113,19.960657119750977
510,players,15,0.0,,
510,players,21,0.0,20.958646774291992,58.31912612915039
510,players,3,0.0,13.495813369750977,48.826263427734375
510,players,132,0.0,16.037487030029297,23.89067268371582
510,players,9,0.0,1.0264252424240112,46.98427200317383
510,players,206,0.0,,
510,players,5,1.0,0.46868380904197693,45.59016799926758
510,players,249,,,
510,players,255,1.0,0.5977966785430908,46.180397033691406
510,players,17,1.0,7.4393744468688965,36.5695686340332
510,players,7,0.0,9.405006408691406,34.35610580444336
511,players,10,0.0,17.008481979370117,39.359378814697266
511,players,1,1.0,11.816813468933105,48.0284538269043
511,players,141,1.0,0.4980771541595459,31.75978660583496
511,players,4,1.0,17.11797332763672,56.34255599975586
511,players,8,0.0,5.529148578643799,53.51784133911133
511,players,238,1.0,,
511,players,3,0.0,13.571991920471191,48.85504150390625
511,players,14,1.0,3.7838797569274902,54.34156036376953
511,players,182,1.0,,
511,players,154,1.0,10.780035018920898,20.345199584960938
511,players,18,0.0,21.198509216308594,40.19870376586914
511,players,15,0.0,,
511,players,131,1.0,16.39264488220215,46.23323440551758
511,players,21,1.0,20.906164169311523,58.354740142822266
511,players,9,0.0,1.0259348154067993,47.09757614135742
511,players,132,0.0,15.85910701751709,23.952638626098633
511,players,206,0.0,,
511,players,17,1.0,7.396667003631592,36.51644515991211
511,players,249,,,
511,players,5,1.0,0.48173248767852783,45.616214752197266
512,players,18,0.0,21.125734329223633,40.01224899291992
512,players,10,0.0,16.94405746459961,39.303466796875
512,players,4,1.0,17.207176208496094,56.23812484741211
512,players,141,1.0,0.510242760181427,31.785940170288086
512,players,8,0.0,5.512266635894775,53.32126998901367
512,players,238,1.0,,
512,players,3,0.0,13.6112699508667,48.77260971069336
512,players,1,1.0,11.862654685974121,48.0109748840332
512,players,154,1.0,10.680471420288086,20.526185989379883
512,players,182,1.0,,
512,players,14,1.0,3.794142246246338,54.23560333251953
512,players,17,1.0,7.3913164138793945,36.51111602783203
512,players,15,0.0,,
512,players,9,0.0,1.0234547853469849,47.12538146972656
512,players,131,1.0,16.42761993408203,46.07225036621094
512,players,5,1.0,0.4996837377548218,45.818965911865234
512,players,206,0.0,,
512,players,21,1.0,20.893878936767578,58.12702560424805
512,players,132,0.0,15.685176849365234,24.057161331176758
512,players,7,0.0,9.301398277282715,34.518672943115234
512,players,249,,,
513,players,21,0.0,20.960121154785156,58.021690368652344
513,players,141,1.0,0.5959778428077698,32.01841735839844
513,players,17,1.0,7.404190540313721,36.592918395996094
513,players,18,0.0,21.077409744262695,39.984764099121094
513,players,154,1.0,10.655171394348145,20.82354164123535
513,players,10,0.0,16.887874603271484,39.244720458984375
513,players,238,1.0,,
513,players,1,1.0,11.856776237487793,48.04962158203125
513,players,8,0.0,5.513444423675537,53.286582946777344
513,players,3,0.0,13.575013160705566,48.82522964477539
513,players,131,1.0,16.475719451904297,46.02083969116211
513,players,182,1.0,,
513,players,14,1.0,3.8562276363372803,54.23332214355469
513,players,5,1.0,0.5439618825912476,45.790809631347656
513,players,4,1.0,17.31817054748535,56.21556091308594
513,players,9,0.0,1.076157808303833,47.09578323364258
513,players,15,0.0,,
513,players,132,0.0,15.559318542480469,24.11526870727539
513,players,206,0.0,,
513,players,249,,,
513,players,7,0.0,9.311206817626953,34.420631408691406
514,players,1,1.0,11.863333702087402,47.963890075683594
514,players,21,0.0,21.019670486450195,57.973323822021484
514,players,8,0.0,5.5244669914245605,53.280696868896484
514,players,154,1.0,10.690496444702148,21.153736114501953
514,players,3,0.0,13.648178100585938,48.54509353637695
514,players,141,1.0,0.6549996137619019,32.129146575927734
514,players,238,1.0,,
514,players,10,0.0,16.868494033813477,39.35218811035156
514,players,14,1.0,3.935575008392334,54.177799224853516
514,players,17,1.0,7.440686225891113,36.571292877197266
514,players,131,1.0,16.559040069580078,46.11796188354492
514,players,4,1.0,17.364782333374023,56.133827209472656
514,players,182,1.0,,
514,players,18,0.0,21.05755615234375,39.988895416259766
514,players,5,1.0,0.573084831237793,45.76201248168945
514,players,9,0.0,1.114727258682251,47.09596252441406
514,players,206,0.0,,
514,players,15,0.0,,
514,players,132,0.0,15.444831848144531,24.117895126342773
514,players,249,,,
514,players,7,0.0,9.280186653137207,34.5577392578125
515,players,1,1.0,11.873161315917969,47.9129638671875
515,players,21,0.0,20.94639015197754,58.01662826538086
515,players,8,0.0,5.546409606933594,53.25790023803711
515,players,4,1.0,17.46466636657715,55.75955581665039
515,players,3,0.0,13.644783973693848,48.499732971191406
515,players,182,1.0,,
515,players,141,1.0,0.6801918148994446,32.29597473144531
515,players,14,1.0,3.9753942489624023,54.088863372802734
515,players,238,1.0,,
515,players,131,1.0,16.524452209472656,46.07460021972656
515,players,154,1.0,10.67913818359375,21.3468074798584
515,players,10,0.0,16.87824821472168,39.29600143432617
515,players,15,0.0,,
515,players,18,0.0,21.025218963623047,39.9553337097168
515,players,17,1.0,7.432253837585449,36.66108322143555
515,players,5,1.0,0.6109010577201843,45.63832092285156
515,players,132,0.0,15.303092002868652,24.356204986572266
515,players,9,0.0,1.1654655933380127,47.09075927734375
515,players,7,0.0,9.300264358520508,34.55501174926758
515,players,206,0.0,,
515,players,249,,,
516,players,1,1.0,11.903786659240723,47.829429626464844
516,players,21,0.0,20.90182113647461,57.98734664916992
516,players,3,0.0,13.647196769714355,48.54182815551758
516,players,8,0.0,5.583322048187256,53.15230941772461
516,players,14,1.0,3.995980978012085,54.056453704833984
516,players,4,1.0,17.543725967407227,55.56884002685547
516,players,15,0.0,,
516,players,141,1.0,0.7214279770851135,32.359432220458984
516,players,17,1.0,7.4326276779174805,36.66545867919922
516,players,10,0.0,16.87898063659668,39.31021499633789
516,players,18,0.0,20.93975830078125,40.022422790527344
516,players,154,1.0,10.660863876342773,21.50210952758789
516,players,238,1.0,,
516,players,131,1.0,16.546409606933594,45.8465576171875
516,players,182,1.0,,
516,players,132,0.0,15.14172649383545,24.426668167114258
516,players,5,1.0,0.6681510806083679,45.70539474487305
516,players,9,0.0,1.1727852821350098,46.851341247558594
516,players,7,0.0,9.26469898223877,34.62297821044922
516,players,249,,,
516,players,206,0.0,,
517,players,14,1.0,4.045299053192139,54.04642105102539
517,players,1,1.0,11.919175148010254,47.81166458129883
517,players,8,0.0,5.607941627502441,53.116371154785156
517,players,154,1.0,10.640748977661133,21.53592300415039
517,players,10,0.0,16.777551651000977,39.43190002441406
517,players,3,0.0,13.75698184967041,48.364864349365234
517,players,17,1.0,7.5532426834106445,36.54839324951172
517,players,21,0.0,20.974891662597656,57.79845428466797
517,players,18,0.0,20.867565155029297,39.86697769165039
517,players,15,0.0,,
517,players,238,1.0,,
517,players,4,1.0,17.59398651123047,55.57920455932617
517,players,141,1.0,0.7816202640533447,32.66386032104492
517,players,131,1.0,16.574337005615234,45.56147384643555
517,players,182,1.0,,
517,players,5,1.0,0.7368258833885193,45.74363708496094
517,players,132,0.0,15.027969360351562,24.39205551147461
517,players,206,0.0,,
517,players,249,,,
517,players,9,0.0,1.2141311168670654,46.72331237792969
517,players,7,0.0,9.342508316040039,34.407310485839844
518,players,14,1.0,4.1324663162231445,54.01803970336914
518,players,1,1.0,11.931117057800293,47.84172439575195
518,players,8,0.0,5.617542266845703,53.05839538574219
518,players,131,1.0,16.582273483276367,45.53348922729492
518,players,10,0.0,16.755170822143555,39.37582015991211
518,players,18,0.0,20.818363189697266,39.74287033081055
518,players,17,1.0,7.632502555847168,36.629878997802734
518,players,3,0.0,13.805244445800781,48.520381927490234
518,players,21,0.0,20.963228225708008,57.77785110473633
518,players,154,1.0,10.620497703552246,21.7266845703125
518,players,238,1.0,,
518,players,141,1.0,0.8265841007232666,32.74940872192383
518,players,15,0.0,,
518,players,5,1.0,0.7375096678733826,45.550193786621094
518,players,182,1.0,,
518,players,4,1.0,17.824228286743164,55.58461380004883
518,players,206,0.0,,
518,players,9,0.0,1.2814388275146484,46.9408073425293
518,players,7,0.0,9.339388847351074,34.47289276123047
518,players,249,,,
519,players,14,1.0,4.16271448135376,53.94992446899414
519,players,8,0.0,5.605528354644775,53.02970504760742
519,players,1,1.0,11.959829330444336,47.80636978149414
519,players,18,0.0,20.804237365722656,39.55424118041992
519,players,131,1.0,16.605655670166016,45.43858337402344
519,players,4,1.0,17.75438117980957,55.64546203613281
519,players,10,0.0,16.782093048095703,39.24038314819336
519,players,3,0.0,13.918294906616211,48.713714599609375
519,players,17,1.0,7.6519880294799805,36.76908874511719
519,players,206,0.0,,
519,players,21,0.0,20.928335189819336,57.755672454833984
519,players,154,1.0,10.587255477905273,22.121280670166016
519,players,238,1.0,,
519,players,182,1.0,,
519,players,5,1.0,0.8166977167129517,45.77692794799805
519,players,141,1.0,0.8704735040664673,32.724998474121094
519,players,15,0.0,,
519,players,9,0.0,1.3568305969238281,46.85770797729492
519,players,7,0.0,9.38200569152832,34.044586181640625
519,players,249,,,
520,players,8,0.0,5.587244510650635,52.9876823425293
520,players,1,1.0,12.052905082702637,47.830997467041016
520,players,14,1.0,4.187507629394531,53.92649459838867
520,players,18,0.0,20.7420711517334,39.519126892089844
520,players,3,0.0,13.905769348144531,48.65563201904297
520,players,10,0.0,16.745832443237305,39.21903991699219
520,players,131,1.0,16.593265533447266,45.53999328613281
520,players,17,1.0,7.673645496368408,36.64898681640625
520,players,154,1.0,10.599128723144531,22.22660255432129
520,players,21,0.0,20.899171829223633,57.72992706298828
520,players,206,1.0,,
520,players,182,1.0,,
520,players,4,1.0,17.84375,55.57255935668945
520,players,238,1.0,,
520,players,141,1.0,0.9319499135017395,32.94520568847656
520,players,9,0.0,1.457842469215393,46.959754943847656
520,players,15,0.0,,
520,players,5,1.0,0.8842325210571289,45.62344741821289
520,players,7,0.0,9.350741386413574,34.48798370361328
520,players,249,,,
521,players,3,0.0,13.986919403076172,48.61513900756836
521,players,8,0.0,5.594059467315674,52.935447692871094
521,players,14,1.0,4.231007099151611,53.86203384399414
521,players,10,0.0,16.660247802734375,39.49460220336914
521,players,154,1.0,10.6212797164917,22.45315933227539
521,players,1,1.0,12.135809898376465,47.83247756958008
521,players,17,1.0,7.692684650421143,36.662906646728516
521,players,131,1.0,16.627527236938477,45.52276611328125
521,players,21,0.0,20.949172973632812,57.595855712890625
521,players,182,1.0,,
521,players,206,1.0,,
521,players,132,0.0,14.567022323608398,25.11094093322754
521,players,18,0.0,20.746524810791016,39.345088958740234
521,players,238,1.0,,
521,players,5,1.0,0.9693291783332825,45.6137809753418
521,players,4,1.0,17.906625747680664,55.45045471191406
521,players,9,0.0,1.5367480516433716,46.887794494628906
521,players,141,1.0,1.0054336786270142,33.21187210083008
521,players,15,0.0,,
521,players,249,,,
521,players,7,0.0,9.357884407043457,34.65866470336914
522,players,3,0.0,14.062402725219727,48.4599494934082
522,players,132,0.0,14.47458267211914,25.222322463989258
522,players,10,0.0,16.614702224731445,39.64295959472656
522,players,17,1.0,7.756402969360352,36.63238525390625
522,players,1,1.0,12.170037269592285,47.677249908447266
522,players,141,1.0,1.0978457927703857,33.26622772216797
522,players,14,1.0,4.309206962585449,53.82640075683594
522,players,21,0.0,20.990459442138672,57.50254821777344
522,players,5,1.0,1.0435972213745117,45.51535415649414
522,players,8,0.0,5.607733726501465,52.804359436035156
522,players,154,1.0,10.631233215332031,22.642648696899414
522,players,131,1.0,16.725751876831055,45.37351989746094
522,players,182,1.0,,
522,players,206,0.0,,
522,players,9,0.0,1.5738416910171509,46.85525131225586
522,players,7,0.0,9.392142295837402,34.75939178466797
522,players,4,1.0,17.991565704345703,55.36530685424805
522,players,15,0.0,,
522,players,18,0.0,20.659954071044922,39.543678283691406
522,players,238,1.0,,
522,players,249,,,
523,players,132,0.0,14.451079368591309,25.279890060424805
523,players,3,0.0,14.099737167358398,48.44804000854492
523,players,1,1.0,12.20811939239502,47.639305114746094
523,players,21,0.0,21.052133560180664,57.43785095214844
523,players,17,1.0,7.805628299713135,36.64924240112305
523,players,141,1.0,1.1711581945419312,33.389488220214844
523,players,4,1.0,18.062870025634766,55.31401062011719
523,players,14,1.0,4.410022735595703,53.860355377197266
523,players,238,1.0,,
523,players,10,0.0,16.669164657592773,39.58491897583008
523,players,8,0.0,5.639894008636475,52.86558151245117
523,players,7,0.0,9.45145034790039,34.889888763427734
523,players,131,1.0,16.792165756225586,45.49553680419922
523,players,9,0.0,1.6347413063049316,46.916358947753906
523,players,182,1.0,,
523,players,5,1.0,1.1165417432785034,45.26971435546875
523,players,206,0.0,,
523,players,154,1.0,10.680514335632324,22.83230972290039
523,players,15,0.0,,
523,players,18,0.0,20.71187400817871,39.62312316894531
523,players,249,,,
524,players,4,1.0,18.197919845581055,55.40094757080078
524,players,238,1.0,,
524,players,14,1.0,4.523591041564941,53.948890686035156
524,players,132,0.0,14.411920547485352,25.661216735839844
524,players,1,1.0,12.27690315246582,47.836605072021484
524,players,21,0.0,21.139057159423828,57.504573822021484
524,players,3,0.0,14.224239349365234,48.419029235839844
524,players,7,0.0,9.515079498291016,35.15737533569336
524,players,141,1.0,1.273741364479065,33.665809631347656
524,players,17,1.0,7.909482002258301,36.90216064453125
524,players,5,1.0,1.2217713594436646,45.9745979309082
524,players,182,1.0,,
524,players,131,1.0,16.870758056640625,45.60017776489258
524,players,206,0.0,,
524,players,10,0.0,16.726703643798828,39.787933349609375
524,players,9,0.0,1.6852829456329346,47.11045455932617
524,players,8,0.0,5.702867031097412,52.95878601074219
524,players,15,0.0,,
524,players,18,0.0,20.80009651184082,39.73992156982422
524,players,154,1.0,10.746845245361328,23.317140579223633
524,players,249,,,
525,players,4,1.0,18.30156135559082,55.450042724609375
525,players,1,1.0,12.322782516479492,47.81949234008789
525,players,3,1.0,14.261615753173828,48.53519058227539
525,players,238,1.0,,
525,players,21,0.0,21.177526473999023,57.501708984375
525,players,14,1.0,4.53544282913208,54.04056930541992
525,players,8,0.0,5.693783283233643,53.05586242675781
525,players,132,0.0,14.357715606689453,25.613981246948242
525,players,131,1.0,16.890907287597656,45.60566329956055
525,players,206,0.0,,
525,players,7,0.0,9.453568458557129,35.301822662353516
525,players,5,1.0,1.213513970375061,45.882423400878906
525,players,141,1.0,1.2559694051742554,33.747962951660156
525,players,10,0.0,16.7337703704834,39.8641471862793
525,players,17,1.0,7.905887603759766,37.12301254272461
525,players,18,0.0,20.786542892456055,39.85902404785156
525,players,9,0.0,1.6864391565322876,47.19022750854492
525,players,182,1.0,,
525,players,15,0.0,,
525,players,154,1.0,10.761128425598145,23.476791381835938
525,players,249,,,
526,players,3,1.0,14.317946434020996,48.566558837890625
526,players,21,0.0,21.225875854492188,57.55393600463867
526,players,1,1.0,12.342713356018066,47.80409622192383
526,players,238,1.0,,
526,players,131,1.0,16.91434669494629,45.52854537963867
526,players,10,0.0,16.73330307006836,39.89313507080078
526,players,5,1.0,1.2021123170852661,46.05970001220703
526,players,4,1.0,18.453014373779297,55.37322235107422
526,players,14,1.0,4.539538860321045,54.03759765625
526,players,206,1.0,,
526,players,18,0.0,20.818145751953125,39.77692413330078
526,players,8,0.0,5.681493759155273,53.10697555541992
526,players,141,1.0,1.226504921913147,33.66311264038086
526,players,7,0.0,9.417415618896484,35.24650955200195
526,players,9,0.0,1.6795496940612793,47.22050476074219
526,players,15,0.0,,
526,players,17,1.0,7.970207214355469,36.99289321899414
526,players,182,1.0,,
526,players,154,1.0,10.737245559692383,23.57299041748047
526,players,132,0.0,14.276140213012695,25.482187271118164
527,players,21,0.0,21.234155654907227,57.604248046875
527,players,131,1.0,16.987722396850586,45.42780303955078
527,players,10,0.0,16.741010665893555,39.87183380126953
527,players,1,1.0,12.331511497497559,47.750244140625
527,players,14,1.0,4.5797438621521,54.080379486083984
527,players,206,0.0,,
527,players,18,0.0,20.85219955444336,39.57509994506836
527,players,5,1.0,1.1703656911849976,45.94384765625
527,players,238,1.0,,
527,players,4,1.0,18.521739959716797,55.38003158569336
527,players,8,0.0,5.634328842163086,53.163963317871094
527,players,3,0.0,14.377756118774414,48.56405258178711
527,players,154,1.0,10.720442771911621,23.332321166992188
527,players,141,1.0,1.1792864799499512,33.676544189453125
527,players,9,0.0,1.66124427318573,47.18135452270508
527,players,17,1.0,7.956357479095459,37.13051986694336
527,players,15,0.0,,
527,players,7,0.0,9.38856315612793,35.148372650146484
527,players,132,0.0,14.167376518249512,25.63463592529297
527,players,182,1.0,,
528,players,21,0.0,21.257366180419922,57.64495849609375
528,players,131,1.0,17.03200340270996,45.42033386230469
528,players,10,0.0,16.745925903320312,39.74657440185547
528,players,14,1.0,4.57838249206543,54.088321685791016
528,players,1,1.0,12.349729537963867,47.807777404785156
528,players,18,0.0,20.919273376464844,39.484474182128906
528,players,4,1.0,18.605541229248047,55.57293701171875
528,players,238,1.0,,
528,players,3,0.0,14.52608585357666,48.57310104370117
528,players,154,1.0,10.688445091247559,23.39726448059082
528,players,8,0.0,5.624162673950195,53.29227828979492
528,players,5,1.0,1.1743208169937134,46.229515075683594
528,players,206,1.0,,
528,players,182,1.0,,
528,players,141,1.0,1.1633843183517456,33.86895751953125
528,players,17,1.0,8.016073226928711,36.916873931884766
528,players,7,0.0,9.410429000854492,34.84619140625
528,players,9,0.0,1.6419697999954224,47.03500747680664
528,players,132,0.0,14.06786060333252,25.693803787231445
528,players,15,1.0,,
529,players,14,1.0,4.5740838050842285,54.146629333496094
529,players,10,0.0,16.735822677612305,39.80246353149414
529,players,131,1.0,17.077123641967773,45.460391998291016
529,players,18,0.0,21.014984130859375,39.24643325805664
529,players,4,1.0,18.662687301635742,55.65633773803711
529,players,3,0.0,14.59192943572998,48.6612434387207
529,players,238,1.0,,
529,players,21,0.0,21.289209365844727,57.658599853515625
529,players,154,1.0,10.687902450561523,23.36712646484375
529,players,8,0.0,5.603087425231934,53.27608871459961
529,players,1,1.0,12.44311809539795,47.76296615600586
529,players,5,1.0,1.18440580368042,46.32090759277344
529,players,182,1.0,,
529,players,206,1.0,,
529,players,141,1.0,1.141987919807434,33.89259719848633
529,players,7,0.0,9.385138511657715,34.93207550048828
529,players,132,0.0,13.975645065307617,25.80497932434082
529,players,9,0.0,1.6268229484558105,46.95440673828125
529,players,17,1.0,7.996819019317627,36.985321044921875
529,players,263,1.0,1.3150112628936768,47.0399169921875
529,players,262,,,
530,players,14,1.0,4.56298828125,54.27465057373047
530,players,10,0.0,16.730430603027344,39.756324768066406
530,players,18,0.0,21.04940414428711,39.15054702758789
530,players,154,1.0,10.649394035339355,23.48321533203125
530,players,132,0.0,13.91230583190918,25.752164840698242
530,players,3,0.0,14.673486709594727,48.84625244140625
530,players,238,1.0,,
530,players,21,0.0,21.353660583496094,57.603782653808594
530,players,4,1.0,18.74521255493164,55.64487838745117
530,players,131,1.0,17.130098342895508,45.3973388671875
530,players,8,0.0,5.596892833709717,53.26256561279297
530,players,5,1.0,1.1195495128631592,46.051883697509766
530,players,206,1.0,,
530,players,1,1.0,12.507686614990234,47.71708679199219
530,players,141,1.0,1.111661434173584,34.00692367553711
530,players,182,1.0,,
530,players,7,0.0,9.395148277282715,34.92925262451172
530,players,17,1.0,8.080881118774414,37.26144790649414
530,players,9,0.0,1.6337225437164307,47.23066329956055
530,players,133,1.0,13.336555480957031,34.44410705566406
530,players,263,1.0,1.4567152261734009,47.139774322509766
530,players,262,,,
531,players,14,1.0,4.517735004425049,54.229766845703125
531,players,10,0.0,16.714014053344727,39.77643585205078
531,players,18,0.0,21.015987396240234,39.278564453125
531,players,132,0.0,13.867715835571289,25.545013427734375
531,players,4,1.0,18.82672119140625,55.616539001464844
531,players,154,1.0,10.607657432556152,23.669885635375977
531,players,3,0.0,14.736098289489746,48.76815414428711
531,players,21,0.0,21.358238220214844,57.647377014160156
531,players,238,1.0,,
531,players,8,0.0,5.5622992515563965,53.28872299194336
531,players,131,1.0,17.208343505859375,45.462039947509766
531,players,5,1.0,1.0807087421417236,45.76166534423828
531,players,206,1.0,,
531,players,141,1.0,1.0802451372146606,34.03350067138672
531,players,17,1.0,8.036258697509766,37.12809371948242
531,players,1,1.0,12.52988052368164,47.734317779541016
531,players,9,0.0,1.6229908466339111,47.238792419433594
531,players,7,0.0,9.370899200439453,35.0133171081543
531,players,15,0.0,,
531,players,182,1.0,,
532,players,132,0.0,13.814432144165039,25.56899642944336
532,players,4,1.0,18.91463851928711,55.5271110534668
532,players,10,0.0,16.710350036621094,39.847904205322266
532,players,14,1.0,4.519656658172607,54.21348571777344
532,players,18,0.0,20.97029685974121,39.482460021972656
532,players,3,0.0,14.800405502319336,48.578330993652344
532,players,154,1.0,10.577851295471191,23.594404220581055
532,players,21,0.0,21.395458221435547,57.676631927490234
532,players,238,1.0,,
532,players,131,1.0,17.30776596069336,45.547218322753906
532,players,8,0.0,5.5333757400512695,53.407588958740234
532,players,1,1.0,12.552074432373047,47.80900192260742
532,players,5,1.0,1.1152637004852295,45.853797912597656
532,players,141,1.0,1.0876842737197876,34.044288635253906
532,players,17,1.0,7.9939398765563965,37.30652618408203
532,players,9,0.0,1.6755967140197754,47.32155990600586
532,players,182,1.0,,
532,players,206,1.0,,
532,players,15,0.0,,
532,players,7,0.0,9.40097713470459,34.839420318603516
532,players,262,,,
533,players,3,0.0,14.825499534606934,48.565128326416016
533,players,4,1.0,19.02747917175293,55.34455871582031
533,players,132,0.0,13.706809997558594,25.631275177001953
533,players,14,1.0,4.505846977233887,54.22966766357422
533,players,18,0.0,20.97726821899414,39.512264251708984
533,players,154,1.0,10.551593780517578,23.62078285217285
533,players,131,1.0,17.318077087402344,45.404747009277344
533,players,21,0.0,21.450403213500977,57.64479446411133
533,players,1,1.0,12.574512481689453,47.748687744140625
533,players,10,0.0,16.698244094848633,39.8861083984375
533,players,8,0.0,5.512503147125244,53.410057067871094
533,players,9,0.0,1.7007312774658203,47.36960220336914
533,players,5,1.0,1.1286545991897583,46.13872146606445
533,players,141,1.0,1.0574101209640503,34.091400146484375
533,players,7,0.0,9.405832290649414,34.97077941894531
533,players,15,0.0,,
533,players,238,1.0,,
533,players,182,1.0,,
533,players,17,1.0,7.998106479644775,37.211971282958984
533,players,206,0.0,,
533,players,262,,,
534,players,3,0.0,14.866678237915039,48.5889892578125
534,players,14,1.0,4.492467403411865,54.210205078125
534,players,21,0.0,21.510723114013672,57.567840576171875
534,players,1,1.0,12.611672401428223,47.72521209716797
534,players,4,1.0,19.10112190246582,55.37356185913086
534,players,131,1.0,17.38771629333496,45.06229019165039
534,players,154,1.0,10.530652046203613,23.73028564453125
534,players,18,0.0,20.9796199798584,39.5938720703125
534,players,8,0.0,5.459797382354736,53.410888671875
534,players,238,1.0,,
534,players,5,1.0,1.1274666786193848,46.161285400390625
534,players,9,0.0,1.6819581985473633,47.330963134765625
534,players,141,1.0,1.033829689025879,34.3179817199707
534,players,10,0.0,16.701242446899414,39.841796875
534,players,132,0.0,13.619965553283691,25.643939971923828
534,players,182,1.0,,
534,players,15,0.0,,
534,players,7,0.0,9.376380920410156,34.98268127441406
534,players,206,0.0,,
534,players,17,1.0,8.009037017822266,36.994571685791016
534,players,262,,,
535,players,3,0.0,14.937773704528809,48.59477615356445
535,players,131,1.0,17.427616119384766,44.98078918457031
535,players,1,1.0,12.655296325683594,47.69087600708008
535,players,21,0.0,21.563161849975586,57.5061149597168
535,players,14,1.0,4.4746832847595215,54.18130874633789
535,players,4,1.0,19.18250274658203,55.35442352294922
535,players,154,1.0,10.539302825927734,23.627307891845703
535,players,8,0.0,5.456167697906494,53.39714813232422
535,players,238,1.0,,
535,players,9,0.0,1.6627404689788818,47.4101676940918
535,players,18,0.0,21.150468826293945,39.537628173828125
535,players,141,1.0,1.0026905536651611,34.360721588134766
535,players,10,0.0,16.668970108032227,39.93991470336914
535,players,5,1.0,1.1546156406402588,46.47186279296875
535,players,182,1.0,,
535,players,206,0.0,,
535,players,7,0.0,9.359251022338867,35.06928634643555
535,players,15,0.0,,
535,players,17,1.0,8.080880165100098,36.899662017822266
535,players,262,,,
536,players,131,1.0,17.4593505859375,44.8701171875
536,players,1,1.0,12.671832084655762,47.694297790527344
536,players,21,0.0,21.595510482788086,57.48186492919922
536,players,4,1.0,19.22078514099121,55.44439697265625
536,players,14,1.0,4.456149578094482,54.20771026611328
536,players,3,0.0,14.990056037902832,48.625823974609375
536,players,141,1.0,0.9768712520599365,34.56740188598633
536,players,154,1.0,10.51111888885498,23.620729446411133
536,players,18,0.0,21.23317527770996,39.52008056640625
536,players,9,0.0,1.6605204343795776,47.394615173339844
536,players,8,0.0,5.423558235168457,53.36933135986328
536,players,7,0.0,9.319063186645508,34.971717834472656
536,players,10,0.0,16.667837142944336,39.8704948425293
536,players,15,0.0,,
536,players,182,1.0,,
536,players,238,1.0,,
536,players,5,1.0,1.1230778694152832,46.44548797607422
536,players,206,0.0,,
536,players,17,1.0,8.04909610748291,37.01959228515625
536,players,262,,,
536,players,269,1.0,,
537,players,131,1.0,17.496641159057617,44.77450942993164
537,players,1,1.0,12.6539306640625,47.7174186706543
537,players,21,0.0,21.53470802307129,57.54433822631836
537,players,14,1.0,4.444958686828613,54.10202407836914
537,players,10,0.0,16.645742416381836,39.84474182128906
537,players,141,1.0,0.9024280309677124,34.45359802246094
537,players,8,0.0,5.389956474304199,53.418922424316406
537,players,4,1.0,19.260435104370117,55.38745880126953
537,players,18,0.0,21.30068588256836,39.4791374206543
537,players,9,0.0,1.6200892925262451,47.504390716552734
537,players,154,1.0,10.453068733215332,23.679330825805664
537,players,206,0.0,,
537,players,3,0.0,15.140928268432617,48.71368408203125
537,players,7,0.0,9.272292137145996,34.96787643432617
537,players,5,1.0,1.097131371498108,46.09672164916992
537,players,15,0.0,,
537,players,182,1.0,,
537,players,17,1.0,8.022988319396973,37.16221618652344
537,players,238,1.0,,
537,players,262,,,
537,players,269,1.0,,
538,players,131,1.0,17.533857345581055,44.71180725097656
538,players,10,0.0,16.64354133605957,39.84161376953125
538,players,14,1.0,4.440361499786377,54.11478805541992
538,players,18,0.0,21.3391170501709,39.39726638793945
538,players,21,0.0,21.55312156677246,57.460113525390625
538,players,141,1.0,0.9047078490257263,34.513580322265625
538,players,8,0.0,5.341008186340332,53.3962287902832
538,players,1,1.0,12.706315994262695,47.78581237792969
538,players,4,1.0,19.31451416015625,55.33393478393555
538,players,154,1.0,10.418665885925293,23.733699798583984
538,players,9,0.0,1.5914398431777954,47.509765625
538,players,3,0.0,15.227190017700195,48.78081130981445
538,players,238,1.0,,
538,players,206,0.0,,
538,players,182,1.0,,
538,players,15,0.0,,
538,players,7,0.0,9.252986907958984,34.94598388671875
538,players,5,1.0,1.0907491445541382,46.15985870361328
538,players,17,1.0,7.992801189422607,37.15424346923828
538,players,132,0.0,13.325509071350098,25.276628494262695
538,players,262,,,
539,players,10,0.0,16.625083923339844,39.829856872558594
539,players,18,0.0,21.364286422729492,39.34611892700195
539,players,132,0.0,13.244818687438965,25.275985717773438
539,players,131,1.0,17.581567764282227,44.7918815612793
539,players,21,0.0,21.58462905883789,57.38644027709961
539,players,141,1.0,0.8579743504524231,34.46774673461914
539,players,154,1.0,10.388991355895996,23.754133224487305
539,players,182,1.0,,
539,players,14,1.0,4.407087802886963,54.12789535522461
539,players,3,0.0,15.216172218322754,48.692596435546875
539,players,4,1.0,19.332494735717773,55.43932342529297
539,players,1,1.0,12.788607597351074,47.782623291015625
539,players,238,1.0,,
539,players,5,1.0,1.093720555305481,46.23910903930664
539,players,15,0.0,,
539,players,206,1.0,,
539,players,8,0.0,5.273995399475098,53.52008056640625
539,players,9,0.0,1.5887062549591064,47.563785552978516
539,players,7,0.0,9.217312812805176,34.965362548828125
539,players,17,1.0,7.961773872375488,37.21135330200195
539,players,262,,,
540,players,132,0.0,13.195114135742188,25.306615829467773
540,players,10,0.0,16.599828720092773,39.765010833740234
540,players,21,0.0,21.590717315673828,57.36155700683594
540,players,4,1.0,19.4371280670166,55.42369079589844
540,players,154,1.0,10.369898796081543,24.00310516357422
540,players,131,1.0,17.631685256958008,44.7311897277832
540,players,141,1.0,0.8179950714111328,34.4635124206543
540,players,238,1.0,,
540,players,1,1.0,12.824212074279785,47.73832321166992
540,players,206,0.0,,
540,players,18,0.0,21.36295509338379,39.54650115966797
540,players,3,0.0,15.321499824523926,48.73304748535156
540,players,5,1.0,1.0779640674591064,46.164310455322266
540,players,8,0.0,5.206932067871094,53.3878288269043
540,players,182,1.0,,
540,players,15,0.0,,
540,players,9,0.0,1.583309531211853,47.541015625
540,players,14,1.0,4.379926681518555,54.23628234863281
540,players,7,0.0,9.212331771850586,34.865482330322266
540,players,17,1.0,7.958203315734863,37.21342849731445
540,players,262,,,
541,players,132,0.0,13.079407691955566,25.384849548339844
541,players,4,1.0,19.503585815429688,55.3934440612793
541,players,154,1.0,10.353303909301758,24.066341400146484
541,players,21,0.0,21.5753116607666,57.33307647705078
541,players,131,1.0,17.682649612426758,44.70409393310547
541,players,3,0.0,15.36475658416748,48.791316986083984
541,players,1,1.0,12.849353790283203,47.712459564208984
541,players,141,1.0,0.8085319995880127,34.491336822509766
541,players,238,1.0,,
541,players,14,1.0,4.332010746002197,54.225372314453125
541,players,206,0.0,,
541,players,8,0.0,5.132373332977295,53.42847442626953
541,players,15,0.0,,
541,players,18,0.0,21.356969833374023,39.843414306640625
541,players,182,1.0,,
541,players,17,1.0,7.963467597961426,37.35664367675781
541,players,10,0.0,16.556364059448242,39.768375396728516
541,players,5,1.0,1.0529989004135132,46.16909408569336
541,players,7,0.0,9.219921112060547,34.94411087036133
541,players,9,0.0,1.5613678693771362,47.553955078125
541,players,262,,,
542,players,3,0.0,15.407748222351074,48.69573211669922
542,players,4,1.0,19.570453643798828,55.3284797668457
542,players,21,0.0,21.56092071533203,57.33595657348633
542,players,154,1.0,10.326216697692871,24.07099151611328
542,players,131,1.0,17.655628204345703,44.7272834777832
542,players,1,1.0,12.854087829589844,47.600364685058594
542,players,14,1.0,4.283310413360596,54.18934631347656
542,players,18,0.0,21.438112258911133,39.87514114379883
542,players,238,1.0,,
542,players,141,1.0,0.7728745341300964,34.52062225341797
542,players,132,0.0,13.045058250427246,25.015522003173828
542,players,8,0.0,5.090309143066406,53.480220794677734
542,players,15,0.0,,
542,players,182,1.0,,
542,players,5,1.0,1.0478007793426514,46.24241256713867
542,players,7,0.0,9.205615997314453,34.89300537109375
542,players,17,1.0,7.977344512939453,37.53019714355469
542,players,9,0.0,1.5280219316482544,47.49740219116211
542,players,262,,,
542,players,10,0.0,16.544620513916016,39.766395568847656
542,players,206,0.0,,
543,players,3,0.0,15.468162536621094,48.535888671875
543,players,21,0.0,21.565349578857422,57.26731491088867
543,players,4,1.0,19.581912994384766,55.30138397216797
543,players,1,1.0,12.891860008239746,47.54371643066406
543,players,131,1.0,17.719547271728516,44.493446350097656
543,players,14,1.0,4.254452228546143,54.1812858581543
543,players,18,0.0,21.559650421142578,39.91835403442383
543,players,154,1.0,10.25718879699707,24.088254928588867
543,players,238,1.0,,
543,players,8,0.0,5.029124736785889,53.407501220703125
543,players,141,1.0,0.751792848110199,34.51593780517578
543,players,182,1.0,,
543,players,5,1.0,1.0093882083892822,46.1151237487793
543,players,206,0.0,,
543,players,7,0.0,9.19963550567627,34.95924377441406
543,players,17,1.0,7.956145286560059,37.597816467285156
543,players,9,0.0,1.5468039512634277,47.447811126708984
543,players,15,0.0,,
543,players,262,,,
543,players,132,0.0,12.965352058410645,25.071897506713867
543,players,269,1.0,,
544,players,1,1.0,12.917801856994629,47.542388916015625
544,players,21,0.0,21.534282684326172,57.25448226928711
544,players,3,1.0,15.509217262268066,48.52264404296875
544,players,4,1.0,19.589799880981445,55.20169448852539
544,players,14,1.0,4.220313549041748,54.109928131103516
544,players,131,1.0,17.71564292907715,44.45167922973633
544,players,182,1.0,,
544,players,8,0.0,4.964409828186035,53.433597564697266
544,players,18,0.0,21.665557861328125,39.89393997192383
544,players,238,1.0,,
544,players,206,0.0,,
544,players,141,1.0,0.7299121022224426,34.66375732421875
544,players,17,1.0,7.955407619476318,37.500282287597656
544,players,7,0.0,9.17365550994873,34.85501480102539
544,players,5,1.0,0.9748265147209167,46.060054779052734
544,players,132,0.0,12.880986213684082,25.006654739379883
544,players,154,1.0,10.219958305358887,23.99431800842285
544,players,9,0.0,1.5352050065994263,47.49834060668945
544,players,262,,,
544,players,15,0.0,,
544,players,269,1.0,,
545,players,21,0.0,21.53521156311035,57.25676727294922
545,players,1,1.0,12.926711082458496,47.515602111816406
545,players,4,1.0,19.600677490234375,55.10832977294922
545,players,14,1.0,4.153678894042969,54.20710372924805
545,players,3,0.0,15.614819526672363,48.45051574707031
545,players,238,1.0,,
545,players,131,1.0,17.746065139770508,44.46179962158203
545,players,18,0.0,21.630277633666992,40.083168029785156
545,players,182,1.0,,
545,players,8,0.0,4.9098219871521,53.39931106567383
545,players,206,0.0,,
545,players,141,1.0,0.7187622785568237,34.71682357788086
545,players,7,0.0,9.199665069580078,34.86052322387695
545,players,17,1.0,7.95411491394043,37.529361724853516
545,players,154,1.0,10.174764633178711,23.904375076293945
545,players,132,0.0,12.796602249145508,25.059310913085938
545,players,9,0.0,1.5185720920562744,47.525028228759766
545,players,5,1.0,0.9541954398155212,46.0831184387207
545,players,262,,,
546,players,4,1.0,19.565156936645508,55.13092803955078
546,players,21,0.0,21.491464614868164,57.28987503051758
546,players,14,1.0,4.126655101776123,54.21536636352539
546,players,1,1.0,12.931913375854492,47.49827575683594
546,players,131,1.0,17.75236701965332,44.504058837890625
546,players,238,1.0,,
546,players,18,0.0,21.53961944580078,40.459022521972656
546,players,8,0.0,4.8560028076171875,53.38701248168945
546,players,3,0.0,15.674433708190918,48.46751403808594
546,players,7,0.0,9.179079055786133,34.93392562866211
546,players,206,0.0,,
546,players,182,1.0,,
546,players,141,1.0,0.6912044286727905,34.806488037109375
546,players,17,1.0,7.947911262512207,37.4731559753418
546,players,9,0.0,1.5384035110473633,47.58412551879883
546,players,132,0.0,12.72219467163086,24.986181259155273
546,players,154,1.0,10.081707000732422,24.084651947021484
546,players,262,,,
546,players,5,1.0,1.0373846292495728,46.10336685180664
547,players,4,1.0,19.56067657470703,55.03257751464844
547,players,21,0.0,21.47418212890625,57.251827239990234
547,players,131,1.0,17.83074188232422,44.31581497192383
547,players,14,1.0,4.0752692222595215,54.12440490722656
547,players,238,1.0,,
547,players,1,1.0,12.960192680358887,47.45143508911133
547,players,132,0.0,12.61924934387207,25.0699520111084
547,players,18,0.0,21.535173416137695,40.568397521972656
547,players,7,0.0,9.137901306152344,34.898033142089844
547,players,3,0.0,15.697016716003418,48.607566833496094
547,players,206,0.0,,
547,players,154,1.0,10.02633285522461,24.050987243652344
547,players,9,0.0,1.5058813095092773,47.513160705566406
547,players,141,1.0,0.658872663974762,34.80316162109375
547,players,17,1.0,7.936308860778809,37.43016052246094
547,players,8,0.0,4.815286159515381,53.43796157836914
547,players,262,,,
547,players,182,1.0,,
547,players,5,1.0,1.0341801643371582,46.04453659057617
548,players,4,1.0,19.5511474609375,55.05196762084961
548,players,132,0.0,12.558247566223145,24.959278106689453
548,players,238,1.0,,
548,players,14,1.0,4.035489559173584,54.090003967285156
548,players,21,0.0,21.44610023498535,57.28453826904297
548,players,9,0.0,1.4654459953308105,47.51136779785156
548,players,154,1.0,9.966978073120117,24.011510848999023
548,players,18,0.0,21.53476333618164,40.77768325805664
548,players,7,0.0,9.108638763427734,34.853355407714844
548,players,8,0.0,4.744309425354004,53.47165298461914
548,players,131,1.0,17.865665435791016,44.412864685058594
548,players,206,0.0,,
548,players,141,1.0,0.6565481424331665,34.73750305175781
548,players,3,0.0,15.867837905883789,48.553245544433594
548,players,182,1.0,,
548,players,10,0.0,16.42608070373535,39.681880950927734
548,players,17,1.0,7.933653831481934,37.503360748291016
548,players,1,1.0,12.985661506652832,47.48157501220703
548,players,262,,,
548,players,5,1.0,1.019648790359497,45.9251823425293
549,players,132,0.0,12.459598541259766,25.044025421142578
549,players,4,1.0,19.506858825683594,55.015682220458984
549,players,9,0.0,1.43997323513031,47.52332305908203
549,players,21,0.0,21.414993286132812,57.24831771850586
549,players,238,1.0,,
549,players,154,1.0,9.895756721496582,23.902742385864258
549,players,7,0.0,9.068857192993164,34.85549545288086
549,players,3,0.0,15.901493072509766,48.6505126953125
549,players,182,1.0,,
549,players,206,0.0,,
549,players,14,1.0,3.982614755630493,54.010948181152344
549,players,10,0.0,16.414674758911133,39.652008056640625
549,players,18,0.0,21.569353103637695,40.83217239379883
549,players,8,0.0,4.690079212188721,53.44612121582031
549,players,17,1.0,7.934879779815674,37.548397064208984
549,players,131,1.0,17.936695098876953,44.40238571166992
549,players,141,1.0,0.6148523688316345,34.763343811035156
549,players,262,,,
549,players,5,1.0,0.9534170031547546,46.008094787597656
550,players,21,0.0,21.395431518554688,57.235660552978516
550,players,10,0.0,16.409225463867188,39.57171630859375
550,players,132,0.0,12.39087200164795,25.030839920043945
550,players,17,1.0,7.945677757263184,37.49075698852539
550,players,182,1.0,,
550,players,4,1.0,19.480159759521484,54.99146270751953
550,players,154,1.0,9.792737007141113,23.9965877532959
550,players,238,1.0,,
550,players,9,0.0,1.4156447649002075,47.52629089355469
550,players,206,0.0,,
550,players,3,0.0,15.961671829223633,48.629844665527344
550,players,7,0.0,9.022162437438965,34.79146957397461
550,players,8,0.0,4.64886999130249,53.38865280151367
550,players,141,1.0,0.6021183133125305,34.70489501953125
550,players,18,0.0,21.65088653564453,40.7259521484375
550,players,262,,,
550,players,14,1.0,3.9393723011016846,53.9466438293457
550,players,131,1.0,17.999677658081055,44.32614517211914
550,players,5,1.0,0.9490848183631897,46.10746383666992
550,players,15,0.0,,
550,players,1,1.0,13.024046897888184,47.31617736816406
551,players,21,0.0,21.393918991088867,57.09007263183594
551,players,10,0.0,16.353519439697266,39.58451843261719
551,players,17,1.0,7.890434265136719,37.49334716796875
551,players,206,0.0,,
551,players,154,1.0,9.726491928100586,24.004657745361328
551,players,182,1.0,,
551,players,238,1.0,,
551,players,7,0.0,9.01185131072998,34.84133529663086
551,players,4,1.0,19.423738479614258,54.99772262573242
551,players,3,0.0,16.032363891601562,48.4991340637207
551,players,131,1.0,18.038026809692383,44.20293045043945
551,players,8,0.0,4.613064765930176,53.38274002075195
551,players,9,0.0,1.4012585878372192,47.45173263549805
551,players,141,1.0,0.5455225706100464,34.66284942626953
551,players,5,1.0,0.943497896194458,46.166656494140625
551,players,15,0.0,,
551,players,132,0.0,12.28516674041748,24.913286209106445
551,players,18,0.0,21.60414695739746,40.93441390991211
551,players,262,,,
551,players,1,1.0,13.0735502243042,47.337772369384766
552,players,21,0.0,21.37394905090332,57.01352310180664
552,players,10,0.0,16.32794189453125,39.62649154663086
552,players,206,0.0,,
552,players,17,1.0,7.875026226043701,37.40541458129883
552,players,182,1.0,,
552,players,238,1.0,,
552,players,154,1.0,9.656822204589844,24.032201766967773
552,players,141,1.0,0.47633957862854004,34.62404251098633
552,players,4,1.0,19.409019470214844,54.92515182495117
552,players,18,0.0,21.69076919555664,40.61949920654297
552,players,8,0.0,4.578056335449219,53.40831756591797
552,players,14,1.0,3.8742258548736572,53.929927825927734
552,players,7,0.0,8.991347312927246,34.857547760009766
552,players,1,1.0,13.122713088989258,47.380496978759766
552,players,131,1.0,18.063575744628906,44.14094543457031
552,players,3,0.0,16.088470458984375,48.42605972290039
552,players,5,1.0,0.9579612612724304,46.257652282714844
552,players,15,0.0,,
552,players,262,,,
552,players,9,0.0,1.3935081958770752,47.47712707519531
553,players,14,1.0,3.8154048919677734,53.87016677856445
553,players,206,0.0,,
553,players,10,0.0,16.285429000854492,39.59940719604492
553,players,4,1.0,19.353271484375,54.83620071411133
553,players,7,0.0,8.973602294921875,34.62226486206055
553,players,17,1.0,7.832693099975586,37.455322265625
553,players,21,0.0,21.359241485595703,56.886871337890625
553,players,154,1.0,9.57556438446045,24.06674575805664
553,players,238,1.0,,
553,players,8,0.0,4.501777648925781,53.39070510864258
553,players,18,0.0,21.70974349975586,40.55317306518555
553,players,141,1.0,0.4084011912345886,34.58213424682617
553,players,1,1.0,13.151456832885742,47.405033111572266
553,players,182,1.0,,
553,players,5,1.0,0.9052849411964417,46.20359802246094
553,players,131,1.0,18.072067260742188,43.968753814697266
553,players,3,0.0,16.103981018066406,48.32952880859375
553,players,15,0.0,,
553,players,9,0.0,1.34886634349823,47.48765182495117
553,players,262,,,
554,players,14,1.0,3.77915096282959,53.861507415771484
554,players,10,0.0,16.257429122924805,39.59000778198242
554,players,206,0.0,,
554,players,4,1.0,19.302501678466797,54.8001823425293
554,players,8,0.0,4.427941799163818,53.37234115600586
554,players,238,1.0,,
554,players,3,0.0,16.190166473388672,48.275211334228516
554,players,141,1.0,0.384386271238327,34.630550384521484
554,players,17,1.0,7.80778169631958,37.63591003417969
554,players,5,1.0,0.8847155570983887,46.208595275878906
554,players,131,1.0,18.124710083007812,43.85190200805664
554,players,21,0.0,21.412166595458984,56.57257080078125
554,players,18,0.0,21.660112380981445,40.860347747802734
554,players,7,0.0,8.959598541259766,34.63739013671875
554,players,1,1.0,13.145040512084961,47.36211013793945
554,players,182,1.0,,
554,players,15,0.0,,
554,players,132,0.0,12.044090270996094,24.727277755737305
554,players,9,0.0,1.3215221166610718,47.47239685058594
554,players,262,,,
555,players,10,0.0,16.19338607788086,39.56932067871094
555,players,132,0.0,11.92896842956543,24.675899505615234
555,players,4,1.0,19.216251373291016,54.783512115478516
555,players,14,1.0,3.7146401405334473,53.86163330078125
555,players,131,1.0,18.140535354614258,43.91048049926758
555,players,238,1.0,,
555,players,17,1.0,7.744186878204346,37.754276275634766
555,players,141,1.0,0.3507636785507202,34.68606185913086
555,players,5,1.0,0.8407700657844543,46.38276672363281
555,players,21,0.0,21.316417694091797,56.6351203918457
555,players,206,0.0,,
555,players,154,1.0,9.402382850646973,23.95418930053711
555,players,3,0.0,16.23219108581543,48.27296829223633
555,players,8,0.0,4.373857498168945,53.48124313354492
555,players,15,0.0,,
555,players,182,1.0,,
555,players,18,0.0,21.639944076538086,41.16337966918945
555,players,9,0.0,1.2942736148834229,47.45752716064453
555,players,7,0.0,8.926811218261719,34.788822174072266
555,players,1,1.0,13.140463829040527,47.3436164855957
555,players,269,1.0,,
556,players,4,1.0,19.161602020263672,54.79256820678711
556,players,154,1.0,9.274601936340332,24.267967224121094
556,players,206,0.0,,
556,players,17,1.0,7.723086833953857,37.62776565551758
556,players,131,1.0,18.165225982666016,43.86736297607422
556,players,10,0.0,16.146699905395508,39.5960578918457
556,players,132,0.0,11.802842140197754,24.706090927124023
556,players,14,1.0,3.6480119228363037,53.942264556884766
556,players,238,1.0,,
556,players,141,1.0,0.2989371120929718,34.61297607421875
556,players,5,1.0,0.7833445072174072,46.51689910888672
556,players,21,0.0,21.28466033935547,56.50859069824219
556,players,8,0.0,4.306468486785889,53.4481315612793
556,players,182,1.0,,
556,players,3,0.0,16.399822235107422,48.31867599487305
556,players,18,0.0,21.60358428955078,41.312110900878906
556,players,15,0.0,,
556,players,9,0.0,1.2558069229125977,46.882938385009766
556,players,133,1.0,14.049939155578613,34.18241500854492
556,players,262,,,
556,players,1,1.0,13.068827629089355,47.30070877075195
556,players,7,0.0,8.90225601196289,34.734649658203125
557,players,154,1.0,9.159821510314941,24.17913055419922
557,players,206,0.0,,
557,players,4,1.0,19.06829071044922,54.77398681640625
557,players,17,1.0,7.6546173095703125,37.85192108154297
557,players,131,1.0,18.14471435546875,44.0188102722168
557,players,238,1.0,,
557,players,14,1.0,3.59047269821167,54.07501220703125
557,players,5,1.0,0.7662855386734009,46.57781982421875
557,players,182,1.0,,
557,players,141,1.0,0.2647497057914734,34.72114181518555
557,players,8,0.0,4.217020511627197,53.34182357788086
557,players,3,0.0,16.360950469970703,48.38798141479492
557,players,18,0.0,21.683515548706055,41.723384857177734
557,players,21,0.0,21.227506637573242,56.46683120727539
557,players,15,0.0,,
557,players,9,0.0,1.27228581905365,47.38908386230469
557,players,1,1.0,13.120737075805664,47.2343864440918
557,players,10,0.0,16.092506408691406,39.59846115112305
557,players,132,0.0,11.67793083190918,24.771419525146484
557,players,133,1.0,14.000798225402832,34.220367431640625
557,players,262,,,
558,players,238,1.0,,
558,players,154,1.0,9.033540725708008,24.079288482666016
558,players,206,0.0,,
558,players,4,1.0,18.983928680419922,54.74873352050781
558,players,21,0.0,21.1865291595459,56.35750198364258
558,players,17,1.0,7.590727806091309,37.92903518676758
558,players,3,0.0,16.269018173217773,48.36054611206055
558,players,182,1.0,,
558,players,18,0.0,21.685754776000977,41.77193832397461
558,players,141,1.0,0.19738444685935974,35.29959487915039
558,players,5,1.0,0.6875535845756531,46.57886505126953
558,players,131,1.0,18.20383071899414,43.840518951416016
558,players,9,0.0,1.2671548128128052,47.64731979370117
558,players,15,0.0,,
558,players,1,1.0,13.123048782348633,47.26709747314453
558,players,8,0.0,4.11715030670166,53.2774543762207
558,players,10,0.0,16.02849006652832,39.545658111572266
558,players,132,0.0,11.566119194030762,24.506799697875977
558,players,14,1.0,3.532183885574341,53.89308547973633
558,players,262,,,
558,players,7,0.0,8.832385063171387,34.631290435791016
559,players,238,1.0,,
559,players,206,0.0,,
559,players,4,1.0,18.93466567993164,54.6504020690918
559,players,21,0.0,21.099775314331055,56.32464599609375
559,players,3,0.0,16.32884407043457,48.35400390625
559,players,1,1.0,13.102602005004883,47.22568893432617
559,players,154,1.0,8.887761116027832,24.1849308013916
559,players,9,0.0,1.2760316133499146,47.75092697143555
559,players,18,0.0,21.7220516204834,41.657203674316406
559,players,17,1.0,7.5466461181640625,37.8676872253418
559,players,182,1.0,,
559,players,5,1.0,0.6209171414375305,46.49628829956055
559,players,141,1.0,0.1110718622803688,34.811004638671875
559,players,8,0.0,4.037957191467285,53.320735931396484
559,players,14,1.0,3.434985399246216,53.93549728393555
559,players,131,1.0,18.242185592651367,43.813838958740234
559,players,132,0.0,11.458771705627441,24.562244415283203
559,players,10,0.0,16.005401611328125,39.44837951660156
559,players,15,0.0,,
559,players,7,0.0,8.773780822753906,34.64338302612305
559,players,262,,,
560,players,206,0.0,,
560,players,1,1.0,13.031649589538574,47.4339714050293
560,players,14,1.0,3.4056882858276367,53.96682357788086
560,players,4,1.0,18.8366756439209,54.61025619506836
560,players,238,1.0,,
560,players,21,0.0,21.041183471679688,56.31254959106445
560,players,182,1.0,,
560,players,131,1.0,18.225339889526367,43.90385818481445
560,players,3,0.0,16.4046573638916,48.319576263427734
560,players,9,0.0,1.2353662252426147,47.59375762939453
560,players,154,1.0,8.69212818145752,24.31381607055664
560,players,18,0.0,21.74859046936035,41.56295394897461
560,players,7,0.0,8.712677955627441,34.707061767578125
560,players,132,0.0,11.31240463256836,24.787443161010742
560,players,141,1.0,0.04831691458821297,35.01026916503906
560,players,10,0.0,15.927095413208008,39.56962966918945
560,players,15,0.0,,
560,players,5,1.0,0.5863257050514221,46.79005432128906
560,players,8,0.0,3.938338279724121,53.43632125854492
560,players,17,1.0,7.487054824829102,37.98915100097656
560,players,262,,,
561,players,4,1.0,18.73047637939453,54.58661651611328
561,players,206,0.0,,
561,players,238,1.0,,
561,players,154,1.0,8.573163986206055,24.312694549560547
561,players,132,0.0,11.210856437683105,24.6705265045166
561,players,182,1.0,,
561,players,1,1.0,12.953245162963867,47.49741744995117
561,players,21,0.0,20.977670669555664,56.19426345825195
561,players,9,0.0,1.189706563949585,47.59220504760742
561,players,18,0.0,21.788787841796875,41.471923828125
561,players,131,1.0,18.157567977905273,43.937774658203125
561,players,10,0.0,15.857380867004395,39.54961395263672
561,players,15,0.0,,
561,players,8,0.0,3.8468825817108154,53.589820861816406
561,players,5,1.0,0.5084053874015808,46.6193962097168
561,players,7,0.0,8.637432098388672,34.652408599853516
561,players,3,0.0,16.399423599243164,48.36442947387695
561,players,14,1.0,3.3246266841888428,53.9172477722168
561,players,141,1.0,,
561,players,262,,,
562,players,131,1.0,18.16958999633789,43.891639709472656
562,players,238,1.0,,
562,players,154,1.0,8.429730415344238,24.132633209228516
562,players,21,0.0,20.907955169677734,56.15245819091797
562,players,141,1.0,,
562,players,4,1.0,18.595077514648438,54.60573959350586
562,players,10,0.0,15.793848991394043,39.57944869995117
562,players,206,0.0,,
562,players,15,0.0,,
562,players,18,1.0,21.685945510864258,41.80989456176758
562,players,5,1.0,0.4600168764591217,46.75902557373047
562,players,132,0.0,11.101617813110352,24.532880783081055
562,players,14,1.0,3.2413463592529297,53.991031646728516
562,players,3,0.0,16.40416145324707,48.26170349121094
562,players,9,0.0,1.1323410272598267,47.62911605834961
562,players,1,1.0,12.86573314666748,47.54703140258789
562,players,8,0.0,3.811594009399414,53.542259216308594
562,players,7,0.0,8.57089614868164,34.66170120239258
562,players,182,1.0,,
562,players,17,1.0,7.352612018585205,38.23383331298828
562,players,262,1.0,,
563,players,206,0.0,,
563,players,131,1.0,18.144323348999023,44.00593566894531
563,players,15,0.0,,
563,players,10,0.0,15.72313117980957,39.64508056640625
563,players,3,0.0,16.438039779663086,48.17140197753906
563,players,238,1.0,,
563,players,4,1.0,18.506153106689453,54.53154754638672
563,players,14,1.0,3.1928517818450928,53.98418045043945
563,players,141,1.0,,
563,players,18,0.0,21.68931770324707,41.97362518310547
563,players,9,0.0,1.1057686805725098,47.67770004272461
563,players,17,1.0,7.2820963859558105,38.239158630371094
563,players,154,1.0,8.28309154510498,24.25811767578125
563,players,1,1.0,12.809094429016113,47.525238037109375
563,players,5,1.0,0.41460928320884705,46.833168029785156
563,players,7,0.0,8.492658615112305,34.55559158325195
563,players,21,0.0,20.839868545532227,56.12210464477539
563,players,8,0.0,3.7352969646453857,53.57316589355469
563,players,182,1.0,,
563,players,132,0.0,10.9724760055542,24.622920989990234
563,players,262,1.0,,
564,players,3,0.0,16.495119094848633,48.15238952636719
564,players,206,0.0,,
564,players,10,0.0,15.662576675415039,39.67516326904297
564,players,238,1.0,,
564,players,21,0.0,20.783384323120117,56.06177520751953
564,players,7,0.0,8.42891788482666,34.53237533569336
564,players,141,1.0,,
564,players,9,0.0,1.0511484146118164,47.75994110107422
564,players,4,1.0,18.419448852539062,54.38994216918945
564,players,17,1.0,7.234052658081055,38.33190155029297
564,players,131,1.0,18.13517951965332,44.25175857543945
564,players,18,0.0,21.743858337402344,42.1920166015625
564,players,1,1.0,12.718421936035156,47.502464294433594
564,players,5,1.0,0.35488295555114746,46.82505416870117
564,players,182,1.0,,
564,players,14,1.0,3.1236910820007324,53.9069938659668
564,players,8,0.0,3.647578716278076,53.47877883911133
564,players,15,0.0,,
564,players,154,1.0,8.179862022399902,24.06576919555664
564,players,262,1.0,,
565,players,238,1.0,,
565,players,3,0.0,16.52190589904785,48.090179443359375
565,players,21,0.0,20.755638122558594,55.946800231933594
565,players,206,0.0,,
565,players,7,0.0,8.42676830291748,34.43671417236328
565,players,10,0.0,15.580621719360352,39.744651794433594
565,players,17,1.0,7.181059837341309,38.318668365478516
565,players,1,1.0,12.660225868225098,47.52519989013672
565,players,141,1.0,,
565,players,4,1.0,18.334211349487305,54.37635803222656
565,players,9,0.0,1.001103401184082,47.699832916259766
565,players,18,0.0,21.8105525970459,42.31193161010742
565,players,154,1.0,8.037359237670898,24.104469299316406
565,players,182,1.0,,
565,players,131,1.0,18.09427833557129,44.2177619934082
565,players,8,0.0,3.5996029376983643,53.474666595458984
565,players,5,1.0,0.3415853679180145,46.943965911865234
565,players,14,1.0,3.059417486190796,53.94968032836914
565,players,262,1.0,,
566,players,238,1.0,,
566,players,4,1.0,18.250442504882812,54.2261962890625
566,players,3,0.0,16.529415130615234,48.129547119140625
566,players,17,1.0,7.107265472412109,38.244441986083984
566,players,141,1.0,,
566,players,154,1.0,7.902014255523682,23.993907928466797
566,players,21,0.0,20.7044620513916,55.817684173583984
566,players,206,0.0,,
566,players,14,1.0,2.9818227291107178,53.878963470458984
566,players,182,1.0,,
566,players,10,0.0,15.496862411499023,39.6878776550293
566,players,7,0.0,8.387146949768066,34.30024719238281
566,players,18,0.0,21.76767921447754,42.468955993652344
566,players,8,0.0,3.5298521518707275,53.487850189208984
566,players,131,1.0,18.100217819213867,44.10302734375
566,players,9,0.0,0.9375127553939819,47.79291534423828
566,players,5,1.0,0.3155159652233124,46.920562744140625
566,players,132,0.0,10.655318260192871,24.271360397338867
566,players,1,1.0,12.578639030456543,47.446868896484375
566,players,262,1.0,,
567,players,206,0.0,,
567,players,238,1.0,,
567,players,154,1.0,7.7871880531311035,24.14142608642578
567,players,21,0.0,20.665267944335938,55.647953033447266
567,players,14,1.0,2.945336103439331,53.823036193847656
567,players,3,0.0,16.548507690429688,48.037723541259766
567,players,17,1.0,7.059870719909668,38.20943832397461
567,players,132,0.0,10.547579765319824,24.257335662841797
567,players,4,1.0,18.157014846801758,54.245357513427734
567,players,1,1.0,12.451406478881836,47.451656341552734
567,players,182,1.0,,
567,players,5,1.0,0.2372766137123108,47.03486633300781
567,players,141,1.0,,
567,players,9,0.0,0.8780050277709961,47.719757080078125
567,players,131,1.0,18.169294357299805,43.816715240478516
567,players,8,0.0,3.49519944190979,53.454010009765625
567,players,18,0.0,21.785720825195312,42.47481918334961
567,players,15,0.0,,
567,players,7,0.0,8.344576835632324,34.350555419921875
567,players,10,0.0,15.44827938079834,39.59352493286133
567,players,262,,,
568,players,21,0.0,20.601224899291992,55.60578155517578
568,players,154,1.0,7.64238977432251,24.193817138671875
568,players,182,1.0,,
568,players,17,1.0,7.031378746032715,38.28617858886719
568,players,206,0.0,,
568,players,4,1.0,18.06494140625,54.31184387207031
568,players,238,1.0,,
568,players,5,1.0,0.19383127987384796,47.03818893432617
568,players,15,0.0,,
568,players,14,1.0,2.8799750804901123,53.869163513183594
568,players,3,0.0,16.577789306640625,48.01856231689453
568,players,132,0.0,10.436906814575195,24.112703323364258
568,players,1,1.0,12.356689453125,47.44663619995117
568,players,9,0.0,0.8336918354034424,47.72169876098633
568,players,131,1.0,18.1815128326416,44.0111083984375
568,players,8,0.0,3.436523199081421,53.61796188354492
568,players,141,1.0,,
568,players,7,0.0,8.33021068572998,34.34523010253906
568,players,262,1.0,,
569,players,17,1.0,7.001233100891113,38.389774322509766
569,players,4,1.0,17.980180740356445,54.365821838378906
569,players,21,0.0,20.555618286132812,55.52886199951172
569,players,182,1.0,,
569,players,5,1.0,0.17280404269695282,47.11564254760742
569,players,238,1.0,,
569,players,206,0.0,,
569,players,15,0.0,,
569,players,154,1.0,7.509009838104248,24.251529693603516
569,players,14,1.0,2.8305861949920654,53.93290710449219
569,players,9,0.0,0.8073152303695679,47.7890510559082
569,players,1,1.0,12.285489082336426,47.51493453979492
569,players,131,1.0,18.179729461669922,44.18243408203125
569,players,8,0.0,3.4134044647216797,53.72224807739258
569,players,3,0.0,16.625280380249023,48.13117218017578
569,players,132,0.0,10.329985618591309,24.340978622436523
569,players,7,0.0,8.296316146850586,34.387603759765625
569,players,18,0.0,21.93129539489746,42.4721565246582
569,players,262,,,
570,players,17,1.0,6.958870887756348,38.40991973876953
570,players,15,0.0,,
570,players,206,0.0,,
570,players,4,1.0,17.90825843811035,54.38014602661133
570,players,9,0.0,0.7971118092536926,47.86686706542969
570,players,182,1.0,,
570,players,21,0.0,20.451608657836914,55.552371978759766
570,players,5,1.0,0.13203981518745422,47.152381896972656
570,players,14,1.0,2.766632318496704,53.96243667602539
570,players,131,1.0,18.182615280151367,44.157474517822266
570,players,8,0.0,3.372429609298706,53.68708038330078
570,players,1,1.0,12.21303939819336,47.5278205871582
570,players,18,0.0,21.956506729125977,42.48360824584961
570,players,3,0.0,16.663179397583008,48.100608825683594
570,players,238,1.0,,
570,players,7,0.0,8.285041809082031,34.540740966796875
570,players,154,1.0,7.415119647979736,24.38007354736328
570,players,132,0.0,10.249442100524902,24.327930450439453
570,players,133,1.0,13.849166870117188,34.39667892456055
570,players,10,0.0,15.287664413452148,39.71449279785156
570,players,262,1.0,,
571,players,21,0.0,20.394460678100586,55.53622817993164
571,players,206,0.0,,
571,players,154,1.0,7.321657657623291,24.326208114624023
571,players,15,0.0,,
571,players,9,0.0,0.7840468287467957,47.843605041503906
571,players,17,1.0,6.923923969268799,38.45583724975586
571,players,18,0.0,22.03965950012207,42.52106857299805
571,players,10,0.0,15.238848686218262,39.63620376586914
571,players,14,1.0,2.742406129837036,53.979148864746094
571,players,131,1.0,18.218204498291016,44.0541877746582
571,players,1,1.0,12.17273998260498,47.492679595947266
571,players,4,1.0,17.85797691345215,54.29560852050781
571,players,182,1.0,,
571,players,238,1.0,,
571,players,7,0.0,8.275175094604492,34.48721694946289
571,players,8,0.0,3.3385086059570312,53.5675048828125
571,players,132,0.0,10.176368713378906,24.1195011138916
571,players,5,1.0,0.10084642469882965,47.18321990966797
571,players,3,0.0,16.701263427734375,48.088016510009766
571,players,262,1.0,,
571,players,141,1.0,,
572,players,4,1.0,17.77699851989746,54.27046585083008
572,players,154,1.0,7.223966598510742,24.28230094909668
572,players,9,0.0,0.7569393515586853,47.84834671020508
572,players,21,0.0,20.32028579711914,55.45874786376953
572,players,206,0.0,,
572,players,18,0.0,22.090410232543945,42.60841369628906
572,players,238,1.0,,
572,players,10,0.0,15.179408073425293,39.620399475097656
572,players,7,0.0,8.252742767333984,34.49372482299805
572,players,131,1.0,18.214841842651367,44.15882110595703
572,players,3,0.0,16.71723175048828,48.05025100708008
572,players,14,1.0,2.7261862754821777,54.00746536254883
572,players,1,1.0,12.088069915771484,47.45277786254883
572,players,5,1.0,0.05737971514463425,47.097084045410156
572,players,141,1.0,,
572,players,182,1.0,,
572,players,132,0.0,10.093779563903809,24.093664169311523
572,players,17,1.0,6.833931922912598,38.61039733886719
572,players,8,0.0,3.2927331924438477,53.49589920043945
572,players,15,0.0,,
572,players,262,,,
572,players,133,1.0,13.790694236755371,34.604225158691406
573,players,21,0.0,20.22473907470703,55.38330841064453
573,players,3,0.0,16.737651824951172,48.18707275390625
573,players,154,1.0,7.109982490539551,24.20060157775879
573,players,5,1.0,0.019870435819029808,47.33161926269531
573,players,206,0.0,,
573,players,9,0.0,0.7263619899749756,47.69793701171875
573,players,18,0.0,22.12495231628418,42.678279876708984
573,players,4,1.0,17.679349899291992,54.2862434387207
573,players,238,1.0,,
573,players,10,0.0,15.104105949401855,39.71448516845703
573,players,131,1.0,18.185279846191406,44.2564811706543
573,players,1,1.0,11.979815483093262,47.48829650878906
573,players,141,1.0,,
573,players,182,1.0,,
573,players,7,0.0,8.200560569763184,34.47889709472656
573,players,132,0.0,9.989775657653809,24.07529640197754
573,players,17,1.0,6.774129390716553,38.73320388793945
573,players,8,0.0,3.2419333457946777,53.5492057800293
573,players,14,1.0,2.6053688526153564,53.9947624206543
573,players,15,0.0,,
573,players,262,1.0,,
573,players,133,1.0,13.774401664733887,34.80427169799805
574,players,154,1.0,7.027220726013184,24.350723266601562
574,players,5,1.0,0.014271474443376064,47.514286041259766
574,players,21,0.0,20.134140014648438,55.39243698120117
574,players,206,0.0,,
574,players,3,0.0,16.814149856567383,48.09957504272461
574,players,9,0.0,0.751369059085846,47.671260833740234
574,players,10,0.0,15.111702919006348,39.62535095214844
574,players,132,0.0,9.946173667907715,24.14011001586914
574,players,238,1.0,,
574,players,1,1.0,11.883176803588867,47.61168670654297
574,players,18,0.0,22.13002586364746,42.72905349731445
574,players,4,1.0,17.612897872924805,54.264278411865234
574,players,182,1.0,,
574,players,131,1.0,18.185455322265625,44.33329772949219
574,players,141,1.0,,
574,players,8,0.0,3.2270264625549316,53.53386688232422
574,players,15,0.0,,
574,players,17,1.0,6.736617565155029,38.803680419921875
574,players,14,1.0,2.5838000774383545,53.8880729675293
574,players,7,0.0,8.144536972045898,34.415714263916016
574,players,262,1.0,,
575,players,5,1.0,,
575,players,154,1.0,6.943679332733154,24.26473045349121
575,players,9,0.0,0.7563954591751099,47.64424514770508
575,players,21,0.0,20.119077682495117,55.32674026489258
575,players,3,0.0,16.822227478027344,48.14455795288086
575,players,206,0.0,,
575,players,238,1.0,,
575,players,132,0.0,9.893324851989746,23.949975967407227
575,players,10,0.0,15.071600914001465,39.652191162109375
575,players,4,1.0,17.560264587402344,54.20228958129883
575,players,18,0.0,22.122758865356445,42.844058990478516
575,players,141,1.0,,
575,players,1,1.0,11.767182350158691,47.65148162841797
575,players,8,0.0,3.1852803230285645,53.411949157714844
575,players,131,1.0,18.194337844848633,44.385231018066406
575,players,182,1.0,,
575,players,15,0.0,,
575,players,14,1.0,2.5599029064178467,53.956119537353516
575,players,17,1.0,6.706641674041748,39.046993255615234
575,players,7,0.0,8.130315780639648,34.492713928222656
575,players,262,,,
576,players,5,1.0,,
576,players,21,0.0,20.12246322631836,55.23297119140625
576,players,238,1.0,,
576,players,4,1.0,17.490615844726562,54.2296257019043
576,players,9,0.0,0.78560471534729,47.65237808227539
576,players,154,1.0,6.86785364151001,24.23636817932129
576,players,10,0.0,15.029126167297363,39.72833251953125
576,players,3,0.0,16.850210189819336,48.093448638916016
576,players,132,0.0,9.846186637878418,23.908489227294922
576,players,206,0.0,,
576,players,141,1.0,,
576,players,1,1.0,11.67312240600586,47.70259094238281
576,players,18,0.0,22.14923858642578,42.971439361572266
576,players,182,1.0,,
576,players,8,0.0,3.1703765392303467,53.365989685058594
576,players,131,1.0,18.266212463378906,44.41675567626953
576,players,14,1.0,2.5355095863342285,53.90555191040039
576,players,15,0.0,,
576,players,17,1.0,6.696496486663818,39.072635650634766
576,players,7,0.0,8.126873016357422,34.3049430847168
576,players,262,,,
577,players,5,1.0,,
577,players,206,0.0,,
577,players,4,1.0,17.402036666870117,54.23151779174805
577,players,21,0.0,20.08802604675293,55.20736312866211
577,players,9,0.0,0.815115213394165,47.79267501831055
577,players,238,1.0,,
577,players,1,1.0,11.616548538208008,47.85541534423828
577,players,132,0.0,9.795440673828125,24.052804946899414
577,players,141,1.0,,
577,players,182,1.0,,
577,players,10,0.0,15.023377418518066,39.66291046142578
577,players,3,0.0,16.888120651245117,48.0544319152832
577,players,154,1.0,6.797250747680664,24.171367645263672
577,players,131,1.0,18.30246925354004,44.38703536987305
577,players,14,1.0,2.5263237953186035,53.87706756591797
577,players,8,0.0,3.1791622638702393,53.38072204589844
577,players,15,0.0,,
577,players,18,0.0,22.26027488708496,42.88225555419922
577,players,17,1.0,6.695926666259766,39.0646858215332
577,players,7,0.0,8.13448715209961,34.27754211425781
577,players,262,1.0,,
578,players,5,1.0,,
578,players,132,0.0,9.761492729187012,24.10708236694336
578,players,1,1.0,11.523589134216309,48.04716873168945
578,players,4,1.0,17.346067428588867,54.25590133666992
578,players,238,1.0,,
578,players,9,0.0,0.8200394511222839,47.842796325683594
578,players,10,0.0,15.011700630187988,39.6202278137207
578,players,21,0.0,20.08940887451172,55.09103775024414
578,players,206,0.0,,
578,players,3,0.0,16.89690399169922,48.075294494628906
578,players,141,1.0,,
578,players,131,1.0,18.36033821105957,44.27372360229492
578,players,182,1.0,,
578,players,14,1.0,2.523266553878784,53.933406829833984
578,players,8,0.0,3.1652626991271973,53.30539321899414
578,players,18,0.0,22.295230865478516,43.129329681396484
578,players,15,0.0,,
578,players,17,1.0,6.6831889152526855,39.083274841308594
578,players,7,0.0,8.189034461975098,34.26335144042969
578,players,154,1.0,6.744269847869873,24.132545471191406
578,players,262,1.0,,
579,players,1,1.0,11.471238136291504,48.04758071899414
579,players,4,1.0,17.323322296142578,54.223201751708984
579,players,5,1.0,0.008920473046600819,47.847434997558594
579,players,238,1.0,,
579,players,9,0.0,0.8555099964141846,47.81310272216797
579,players,21,0.0,20.07516860961914,55.016597747802734
579,players,132,0.0,9.730725288391113,23.897987365722656
579,players,10,0.0,15.00357723236084,39.73769760131836
579,players,206,0.0,,
579,players,3,0.0,16.93340301513672,48.058345794677734
579,players,18,0.0,22.28750228881836,43.32443618774414
579,players,141,1.0,,
579,players,14,1.0,2.5206778049468994,53.92915725708008
579,players,131,1.0,18.38493537902832,44.306182861328125
579,players,8,0.0,3.104372262954712,53.15720748901367
579,players,17,1.0,6.701696872711182,39.08159637451172
579,players,15,0.0,,
579,players,154,1.0,6.720943927764893,24.3590145111084
579,players,182,1.0,,
579,players,7,0.0,8.23621654510498,34.290775299072266
579,players,262,1.0,,
580,players,21,0.0,20.025772094726562,54.983646392822266
580,players,4,1.0,17.306415557861328,54.21745300292969
580,players,1,1.0,11.446553230285645,47.987613677978516
580,players,9,0.0,0.8623955845832825,47.832664489746094
580,players,206,0.0,,
580,players,5,1.0,0.023303626105189323,47.83280944824219
580,players,132,0.0,9.718292236328125,23.79848861694336
580,players,10,0.0,14.997777938842773,39.672298431396484
580,players,238,1.0,,
580,players,7,0.0,8.31485652923584,34.3260612487793
580,players,3,0.0,16.98543357849121,48.0521354675293
580,players,18,0.0,22.326156616210938,43.362274169921875
580,players,8,0.0,3.2304527759552,53.11640930175781
580,players,131,1.0,18.389575958251953,44.41071319580078
580,players,14,1.0,2.5283010005950928,53.96297073364258
580,players,17,1.0,6.722642421722412,38.96075439453125
580,players,15,0.0,,
580,players,141,1.0,,
580,players,262,1.0,,
580,players,133,1.0,13.902928352355957,34.80418014526367
580,players,182,1.0,,
580,players,154,1.0,6.633866310119629,24.404747009277344
581,players,4,1.0,17.301048278808594,54.19487762451172
581,players,132,0.0,9.685358047485352,23.92790412902832
581,players,7,0.0,8.361308097839355,34.30964279174805
581,players,1,1.0,11.414206504821777,47.967350006103516
581,players,21,0.0,19.966175079345703,55.020179748535156
581,players,238,1.0,,
581,players,9,0.0,0.8789957165718079,47.898956298828125
581,players,10,0.0,14.977709770202637,39.85336685180664
581,players,18,0.0,22.40717315673828,43.34937286376953
581,players,206,0.0,,
581,players,154,1.0,6.603884220123291,24.513551712036133
581,players,8,0.0,3.247241258621216,53.12980270385742
581,players,3,0.0,16.989295959472656,48.069580078125
581,players,131,1.0,18.40620231628418,44.48066329956055
581,players,14,1.0,2.5339179039001465,53.9895133972168
581,players,17,1.0,6.747815132141113,39.0943717956543
581,players,5,1.0,0.03516277298331261,47.85562515258789
581,players,182,1.0,,
581,players,15,0.0,,
581,players,133,1.0,13.915435791015625,34.801090240478516
581,players,262,1.0,,
581,players,141,1.0,,
582,players,4,1.0,17.295942306518555,54.0810546875
582,players,7,0.0,8.41151237487793,34.216983795166016
582,players,1,1.0,11.42789077758789,47.8149299621582
582,players,17,1.0,6.791763782501221,39.343505859375
582,players,10,0.0,14.929372787475586,39.9954948425293
582,players,154,1.0,6.581485271453857,24.527652740478516
582,players,206,0.0,,
582,players,9,0.0,0.9107462167739868,47.84964370727539
582,players,238,1.0,,
582,players,21,0.0,19.90277099609375,54.998985290527344
582,players,18,0.0,22.451271057128906,43.35357666015625
582,players,132,0.0,9.670672416687012,23.607959747314453
582,players,3,0.0,17.021923065185547,48.023712158203125
582,players,8,0.0,3.301973581314087,53.150699615478516
582,players,182,1.0,,
582,players,14,1.0,2.5431129932403564,53.95960235595703
582,players,131,1.0,18.453725814819336,44.50247573852539
582,players,5,1.0,0.064287930727005,47.82768630981445
582,players,15,0.0,,
582,players,262,1.0,,
583,players,4,1.0,17.270809173583984,54.0672492980957
583,players,17,1.0,6.828791618347168,39.312870025634766
583,players,7,0.0,8.436432838439941,34.3482551574707
583,players,1,1.0,11.40297794342041,47.8032341003418
583,players,154,1.0,6.555008411407471,24.552108764648438
583,players,10,0.0,14.904574394226074,40.211795806884766
583,players,206,0.0,,
583,players,3,0.0,17.06913948059082,48.00087356567383
583,players,9,0.0,0.9376586079597473,47.89409637451172
583,players,18,0.0,22.57061767578125,43.2493782043457
583,players,132,0.0,9.644943237304688,23.889076232910156
583,players,21,0.0,19.862796783447266,55.00381851196289
583,players,238,1.0,,
583,players,8,0.0,3.314734697341919,53.109798431396484
583,players,14,1.0,2.5338799953460693,53.86710739135742
583,players,182,1.0,,
583,players,131,1.0,18.487939834594727,44.517242431640625
583,players,5,1.0,0.06995339691638947,47.74769973754883
583,players,15,0.0,,
583,players,262,1.0,,
583,players,141,1.0,,
584,players,17,1.0,6.855649948120117,39.27338790893555
584,players,10,0.0,14.898502349853516,40.20066452026367
584,players,4,1.0,17.229028701782227,54.03982925415039
584,players,1,1.0,11.386300086975098,47.73646545410156
584,players,7,0.0,8.541435241699219,34.357181549072266
584,players,154,1.0,6.533114910125732,24.52610969543457
584,players,18,0.0,22.650663375854492,43.29941940307617
584,players,3,0.0,17.096113204956055,48.044681549072266
584,players,206,0.0,,
584,players,21,0.0,19.831850051879883,54.95026779174805
584,players,132,0.0,9.62409782409668,23.89373016357422
584,players,238,1.0,,
584,players,8,0.0,3.3228769302368164,53.11752700805664
584,players,14,1.0,2.545928716659546,53.78297424316406
584,players,5,1.0,0.09393506497144699,47.71295928955078
584,players,9,0.0,0.960163950920105,47.81437683105469
584,players,131,1.0,18.50109100341797,44.6913948059082
584,players,182,1.0,,
584,players,15,0.0,,
584,players,141,1.0,,
584,players,262,1.0,,
585,players,7,0.0,8.615583419799805,34.31779861450195
585,players,17,1.0,6.886995315551758,39.33522033691406
585,players,18,0.0,22.677282333374023,43.301490783691406
585,players,154,1.0,6.5193190574646,24.679903030395508
585,players,10,0.0,14.881293296813965,40.20529556274414
585,players,1,1.0,11.378802299499512,47.67972183227539
585,players,8,0.0,3.345679759979248,53.105934143066406
585,players,14,1.0,2.554537534713745,53.66136932373047
585,players,21,0.0,19.81403923034668,54.92063522338867
585,players,4,1.0,17.16751480102539,54.06753921508789
585,players,132,0.0,9.61868953704834,23.8935489654541
585,players,206,0.0,,
585,players,238,1.0,,
585,players,3,0.0,17.154817581176758,48.0820426940918
585,players,5,1.0,0.08669514954090118,47.56251907348633
585,players,131,1.0,18.556156158447266,44.627506256103516
585,players,9,0.0,1.121836543083191,47.667476654052734
585,players,141,1.0,,
585,players,15,0.0,,
585,players,182,1.0,,
585,players,262,1.0,,
586,players,7,0.0,8.646815299987793,34.430633544921875
586,players,17,1.0,6.91249418258667,39.35316467285156
586,players,10,0.0,14.897245407104492,40.24559020996094
586,players,21,0.0,19.80109405517578,54.862281799316406
586,players,154,1.0,6.512405872344971,24.717370986938477
586,players,8,0.0,3.3739771842956543,53.14357376098633
586,players,132,0.0,9.636380195617676,23.962820053100586
586,players,14,1.0,2.5550506114959717,53.5532341003418
586,players,18,0.0,22.736129760742188,43.234554290771484
586,players,1,1.0,11.374838829040527,47.67493438720703
586,players,3,0.0,17.195327758789062,48.222904205322266
586,players,141,1.0,,
586,players,4,1.0,17.13372230529785,54.0545654296875
586,players,238,1.0,,
586,players,5,1.0,0.11464632302522659,47.54481887817383
586,players,9,0.0,1.2680206298828125,47.591854095458984
586,players,131,1.0,18.57037353515625,44.785701751708984
586,players,206,0.0,,
586,players,15,0.0,,
586,players,182,1.0,,
586,players,262,,,
587,players,17,1.0,6.9198689460754395,39.363460540771484
587,players,7,0.0,8.627165794372559,34.39592361450195
587,players,21,0.0,19.772470474243164,54.853336334228516
587,players,10,0.0,14.883210182189941,40.21600341796875
587,players,1,1.0,11.296893119812012,47.69744873046875
587,players,154,1.0,6.481276512145996,24.73088264465332
587,players,132,0.0,9.618630409240723,23.989112854003906
587,players,5,1.0,0.16758373379707336,47.45250701904297
587,players,9,0.0,1.254360318183899,47.61382293701172
587,players,14,1.0,2.541016101837158,53.517822265625
587,players,8,0.0,3.3936541080474854,53.1361198425293
587,players,3,0.0,17.192407608032227,48.237220764160156
587,players,238,1.0,,
587,players,141,1.0,,
587,players,206,0.0,,
587,players,4,1.0,17.116863250732422,54.064544677734375
587,players,131,1.0,18.57755470275879,44.77090072631836
587,players,15,0.0,,
587,players,18,0.0,22.751405715942383,43.24545669555664
587,players,182,1.0,,
587,players,262,,,
588,players,21,0.0,19.760684967041016,54.889652252197266
588,players,17,1.0,6.9748969078063965,39.363285064697266
588,players,10,0.0,14.890885353088379,40.24125289916992
588,players,154,1.0,6.472702980041504,24.56913185119629
588,players,5,1.0,0.21001334488391876,47.62017059326172
588,players,132,0.0,9.62961483001709,24.02712059020996
588,players,1,1.0,11.213935852050781,47.587249755859375
588,players,9,0.0,1.3096884489059448,47.57799530029297
588,players,238,1.0,,
588,players,206,0.0,,
588,players,141,1.0,,
588,players,7,0.0,8.67382526397705,34.323097229003906
588,players,3,0.0,17.23458480834961,48.23285675048828
588,players,4,1.0,17.108131408691406,54.02308654785156
588,players,14,1.0,2.537381410598755,53.30199432373047
588,players,8,0.0,3.4315407276153564,53.11021041870117
588,players,131,1.0,18.611074447631836,44.71250915527344
588,players,18,0.0,22.85521697998047,43.16462707519531
588,players,15,0.0,,
588,players,182,1.0,,
588,players,262,,,
589,players,17,1.0,7.013655185699463,39.39041519165039
589,players,10,0.0,14.867782592773438,40.3607063293457
589,players,154,1.0,6.4485578536987305,24.635665893554688
589,players,238,1.0,,
589,players,21,0.0,19.716732025146484,54.889217376708984
589,players,132,0.0,9.614090919494629,23.992977142333984
589,players,5,1.0,0.26459720730781555,47.66440200805664
589,players,141,1.0,,
589,players,8,0.0,3.4634592533111572,53.12576675415039
589,players,1,1.0,11.11635971069336,47.51517868041992
589,players,9,0.0,1.3403584957122803,47.3885498046875
589,players,18,0.0,22.86710548400879,43.14375305175781
589,players,4,1.0,17.077547073364258,54.041927337646484
589,players,14,1.0,2.5381598472595215,53.45646667480469
589,players,131,1.0,18.6294002532959,44.674224853515625
589,players,206,0.0,,
589,players,3,0.0,17.24258041381836,48.18376541137695
589,players,15,0.0,,
589,players,182,1.0,,
589,players,262,,,
589,players,283,1.0,,
590,players,17,1.0,7.110333442687988,39.356590270996094
590,players,238,1.0,,
590,players,154,1.0,6.400979995727539,24.70564079284668
590,players,10,0.0,14.856014251708984,40.526859283447266
590,players,1,1.0,11.044930458068848,47.3641471862793
590,players,141,1.0,,
590,players,132,0.0,9.623139381408691,23.956045150756836
590,players,18,0.0,22.968225479125977,42.98708724975586
590,players,5,1.0,0.2815404534339905,47.644676208496094
590,players,21,0.0,19.72739028930664,54.82288360595703
590,players,9,0.0,1.4144668579101562,47.218292236328125
590,players,8,0.0,3.496455669403076,53.15522003173828
590,players,4,1.0,17.05533790588379,54.035247802734375
590,players,206,0.0,,
590,players,14,1.0,2.5429911613464355,53.36096954345703
590,players,3,0.0,17.330028533935547,47.92898178100586
590,players,131,1.0,18.66005516052246,44.582435607910156
590,players,15,0.0,,
590,players,182,1.0,,
590,players,283,1.0,,
590,players,262,,,
591,players,154,1.0,6.398169040679932,24.560409545898438
591,players,238,1.0,,
591,players,141,1.0,,
591,players,132,0.0,9.634757041931152,23.897911071777344
591,players,10,0.0,14.888960838317871,40.524593353271484
591,players,8,0.0,3.5183019638061523,53.13297653198242
591,players,1,1.0,11.004803657531738,47.31209945678711
591,players,14,1.0,2.5702593326568604,53.259037017822266
591,players,7,0.0,8.80753231048584,34.45046615600586
591,players,18,0.0,23.042997360229492,42.92406463623047
591,players,206,0.0,,
591,players,17,1.0,7.211764812469482,39.30406951904297
591,players,4,1.0,17.020776748657227,53.98717498779297
591,players,5,1.0,0.31015101075172424,47.57109832763672
591,players,21,0.0,19.729095458984375,54.66318893432617
591,players,3,0.0,17.394914627075195,47.669960021972656
591,players,15,0.0,,
591,players,9,0.0,1.5145949125289917,47.13689422607422
591,players,131,1.0,18.658716201782227,44.62880325317383
591,players,182,1.0,,
591,players,133,1.0,14.116904258728027,35.13496398925781
591,players,283,1.0,,
591,players,262,,,
592,players,154,1.0,6.368106365203857,24.645658493041992
592,players,7,0.0,8.87411880493164,34.40336990356445
592,players,238,1.0,,
592,players,141,1.0,,
592,players,8,0.0,3.562000274658203,53.11381530761719
592,players,14,1.0,2.6001555919647217,53.26973342895508
592,players,18,0.0,23.096723556518555,42.919857025146484
592,players,4,1.0,17.039470672607422,53.87672424316406
592,players,10,0.0,14.911456108093262,40.52756118774414
592,players,206,0.0,,
592,players,132,0.0,9.654341697692871,23.75892448425293
592,players,1,1.0,11.005546569824219,47.15219497680664
592,players,21,0.0,19.713481903076172,54.46999740600586
592,players,3,0.0,17.395240783691406,47.719337463378906
592,players,5,1.0,0.3114553987979889,47.4650993347168
592,players,9,0.0,1.6135801076889038,47.23175811767578
592,players,131,1.0,18.69915008544922,44.620296478271484
592,players,15,0.0,,
592,players,182,1.0,,
592,players,17,1.0,7.288034915924072,39.35976028442383
593,players,7,0.0,8.934860229492188,34.34172058105469
593,players,154,1.0,6.349987030029297,24.580427169799805
593,players,21,0.0,19.633548736572266,54.53837966918945
593,players,14,1.0,2.6089766025543213,53.20767593383789
593,players,8,0.0,3.599050998687744,53.12528610229492
593,players,141,1.0,,
593,players,238,1.0,,
593,players,132,0.0,9.65019416809082,23.93963050842285
593,players,10,0.0,14.888052940368652,40.580970764160156
593,players,4,1.0,16.979734420776367,53.90351104736328
593,players,1,1.0,10.99392318725586,47.307220458984375
593,players,17,1.0,7.354822158813477,39.38257598876953
593,players,3,0.0,17.390968322753906,47.75030517578125
593,players,5,1.0,0.3148854970932007,47.223453521728516
593,players,9,0.0,1.69416081905365,47.211578369140625
593,players,18,0.0,23.104516983032227,42.98891067504883
593,players,131,1.0,18.775007247924805,44.35200881958008
593,players,206,0.0,,
593,players,15,0.0,,
593,players,182,1.0,,
593,players,262,1.0,,
593,players,133,1.0,14.156532287597656,35.228187561035156
594,players,7,0.0,8.989001274108887,34.41690444946289
594,players,132,0.0,9.647980690002441,24.060287475585938
594,players,154,1.0,6.3619465827941895,24.64406394958496
594,players,21,0.0,19.615568161010742,54.466766357421875
594,players,8,0.0,3.6179418563842773,53.131500244140625
594,players,14,1.0,2.625706434249878,53.121978759765625
594,players,141,1.0,,
594,players,238,1.0,,
594,players,131,1.0,18.82098960876465,44.21398162841797
594,players,9,0.0,1.7490839958190918,47.13939666748047
594,players,4,1.0,16.99919319152832,53.685970306396484
594,players,10,0.0,14.928147315979004,40.5306396484375
594,players,1,1.0,11.00546646118164,47.24929428100586
594,players,5,1.0,0.3276097774505615,47.17078399658203
594,players,17,1.0,7.435319900512695,39.48868942260742
594,players,3,0.0,17.409549713134766,47.72003936767578
594,players,18,0.0,23.11899757385254,43.08851623535156
594,players,182,1.0,,
594,players,15,0.0,,
594,players,133,1.0,14.182425498962402,35.24346160888672
594,players,206,0.0,,
594,players,262,,,
595,players,7,0.0,9.057133674621582,34.609439849853516
595,players,132,0.0,9.71136474609375,24.037187576293945
595,players,154,1.0,6.416158199310303,24.738542556762695
595,players,21,0.0,19.614839553833008,54.517391204833984
595,players,9,0.0,1.8348065614700317,47.0587272644043
595,players,8,0.0,3.67158579826355,53.12232208251953
595,players,131,1.0,18.89754295349121,44.19989776611328
595,players,141,1.0,,
595,players,17,1.0,7.541166305541992,39.44124984741211
595,players,238,1.0,,
595,players,1,1.0,11.0785493850708,47.214237213134766
595,players,14,1.0,2.680774450302124,53.04037857055664
595,players,3,0.0,17.43393898010254,47.70793533325195
595,players,18,0.0,23.198932647705078,43.08759307861328
595,players,4,1.0,16.999692916870117,53.613773345947266
595,players,10,0.0,14.98824691772461,40.53171920776367
595,players,5,1.0,0.38164472579956055,47.044708251953125
595,players,206,0.0,,
595,players,182,1.0,,
595,players,133,1.0,14.259905815124512,35.05070495605469
595,players,262,1.0,,
596,players,154,1.0,6.430225849151611,24.663591384887695
596,players,132,0.0,9.76644515991211,23.773996353149414
596,players,21,0.0,19.568838119506836,54.60943603515625
596,players,7,0.0,9.119778633117676,34.743106842041016
596,players,1,1.0,11.132676124572754,47.17951583862305
596,players,9,0.0,1.882820963859558,46.749202728271484
596,players,8,0.0,3.691798686981201,53.14706039428711
596,players,131,1.0,18.938465118408203,44.19589614868164
596,players,18,0.0,23.203529357910156,43.193180084228516
596,players,17,1.0,7.611154556274414,39.45615005493164
596,players,141,1.0,,
596,players,14,1.0,2.690406322479248,52.874576568603516
596,players,238,1.0,,
596,players,10,1.0,15.014839172363281,40.45622253417969
596,players,3,0.0,17.454689025878906,47.69162368774414
596,players,4,1.0,16.997966766357422,53.506900787353516
596,players,206,0.0,,
596,players,5,1.0,0.43146705627441406,47.02901077270508
596,players,182,1.0,,
596,players,133,1.0,14.266024589538574,35.24079895019531
596,players,262,1.0,,
597,players,21,0.0,19.53776741027832,54.56468200683594
597,players,154,1.0,6.4296555519104,24.683191299438477
597,players,132,0.0,9.75957202911377,23.937725067138672
597,players,8,0.0,3.710543394088745,53.1063117980957
597,players,18,0.0,23.24602699279785,43.1875
597,players,1,1.0,11.179891586303711,47.08279800415039
597,players,7,0.0,9.150400161743164,34.76820755004883
597,players,4,1.0,17.000946044921875,53.51536178588867
597,players,14,1.0,2.6905672550201416,52.917503356933594
597,players,3,0.0,17.457124710083008,47.64695358276367
597,players,131,1.0,18.945409774780273,44.122406005859375
597,players,141,1.0,,
597,players,10,1.0,15.017847061157227,40.45723342895508
597,players,206,0.0,,
597,players,17,1.0,7.700942516326904,39.41438293457031
597,players,5,1.0,0.4802960157394409,46.80342102050781
597,players,238,1.0,,
597,players,182,1.0,,
597,players,9,0.0,1.919654130935669,46.528053283691406
597,players,133,1.0,14.326510429382324,35.06633758544922
597,players,15,0.0,,
597,players,262,1.0,,
598,players,21,0.0,19.515079498291016,54.507057189941406
598,players,132,0.0,9.756722450256348,24.11515235900879
598,players,8,0.0,3.725996971130371,53.09124755859375
598,players,154,1.0,6.4363250732421875,24.71691131591797
598,players,9,0.0,2.0107545852661133,46.11399841308594
598,players,18,0.0,23.262943267822266,43.234737396240234
598,players,14,1.0,2.6653380393981934,52.864341735839844
598,players,4,1.0,16.99486541748047,53.543670654296875
598,players,1,1.0,11.267448425292969,46.9401969909668
598,players,5,1.0,0.5486423969268799,46.784671783447266
598,players,133,1.0,14.369543075561523,35.174415588378906
598,players,3,0.0,17.503387451171875,47.61235809326172
598,players,141,1.0,,
598,players,206,0.0,,
598,players,10,1.0,15.014612197875977,40.47399139404297
598,players,17,1.0,7.7913289070129395,39.435951232910156
598,players,131,1.0,19.024063110351562,43.976322174072266
598,players,7,0.0,9.194438934326172,34.92171096801758
598,players,182,1.0,,
598,players,15,0.0,,
598,players,238,1.0,,
598,players,262,1.0,,
599,players,132,0.0,9.805495262145996,23.84204864501953
599,players,154,1.0,6.46173095703125,24.733882904052734
599,players,9,0.0,2.1006064414978027,46.24968338012695
599,players,21,0.0,19.452741622924805,54.53266906738281
599,players,8,0.0,3.7511186599731445,53.10215759277344
599,players,1,1.0,11.341901779174805,46.60694122314453
599,players,14,1.0,2.648361921310425,52.841983795166016
599,players,5,1.0,0.6179654598236084,46.60675048828125
599,players,17,1.0,7.944129467010498,39.507530212402344
599,players,206,0.0,,
599,players,18,0.0,,
599,players,10,0.0,14.994765281677246,40.5008430480957
599,players,3,0.0,17.52836799621582,47.5411262512207
599,players,4,1.0,16.99394989013672,53.52659606933594
599,players,141,1.0,,
599,players,15,0.0,,
599,players,133,1.0,14.407145500183105,35.12343215942383
599,players,7,0.0,9.253360748291016,34.9989013671875
599,players,182,1.0,,
599,players,131,1.0,19.067577362060547,43.88212203979492
599,players,238,1.0,,
599,players,262,,,
600,players,1,1.0,11.387855529785156,46.578392028808594
600,players,154,1.0,6.455534934997559,24.60430145263672
600,players,132,0.0,9.845305442810059,23.808429718017578
600,players,17,1.0,8.029134750366211,39.482879638671875
600,players,9,0.0,2.1771974563598633,46.02340316772461
600,players,21,0.0,19.442975997924805,54.52302551269531
600,players,14,1.0,2.6462478637695312,52.824462890625
600,players,5,1.0,0.6929941773414612,46.53105926513672
600,players,8,0.0,3.770063638687134,53.10940933227539
600,players,206,0.0,,
600,players,3,0.0,17.530649185180664,47.56234359741211
600,players,4,1.0,17.00687026977539,53.5782470703125
600,players,10,0.0,14.955968856811523,40.2435302734375
600,players,15,0.0,,
600,players,18,0.0,,
600,players,182,1.0,,
600,players,141,1.0,,
600,players,238,1.0,,
600,players,7,0.0,9.294063568115234,34.94328308105469
600,players,131,1.0,19.100709915161133,43.96774673461914
600,players,133,1.0,14.453478813171387,35.1703987121582
600,players,262,,,
601,players,1,1.0,11.421815872192383,46.6240234375
601,players,17,1.0,8.085536003112793,39.565711975097656
601,players,154,1.0,6.437997817993164,24.724178314208984
601,players,132,0.0,9.860350608825684,23.843795776367188
601,players,14,1.0,2.6442997455596924,52.84027099609375
601,players,5,1.0,0.7183415293693542,46.167598724365234
601,players,9,0.0,2.2641451358795166,46.07166290283203
601,players,3,0.0,17.496522903442383,47.47692108154297
601,players,10,0.0,14.895466804504395,40.36783981323242
601,players,4,1.0,16.975099563598633,53.55610656738281
601,players,206,0.0,,
601,players,21,0.0,19.373302459716797,54.47555160522461
601,players,8,0.0,3.7818925380706787,53.12643814086914
601,players,7,0.0,9.363903045654297,34.90532302856445
601,players,131,1.0,19.185108184814453,43.65439987182617
601,players,18,0.0,,
601,players,141,1.0,0.03049875609576702,35.58865737915039
601,players,182,1.0,,
601,players,15,0.0,,
601,players,238,1.0,,
601,players,133,1.0,14.474763870239258,35.16924285888672
601,players,262,,,
602,players,17,1.0,8.163227081298828,39.452205657958984
602,players,1,1.0,11.485213279724121,46.58462142944336
602,players,132,0.0,9.879546165466309,24.005168914794922
602,players,154,1.0,6.4464030265808105,24.636627197265625
602,players,3,0.0,17.509218215942383,47.36277389526367
602,players,14,1.0,2.657264232635498,52.85906219482422
602,players,206,0.0,,
602,players,4,1.0,16.922657012939453,53.59341049194336
602,players,10,0.0,14.901016235351562,40.37835693359375
602,players,5,1.0,0.7295905351638794,45.897216796875
602,players,7,0.0,9.418864250183105,35.02988052368164
602,players,8,0.0,3.7997233867645264,53.089542388916016
602,players,141,1.0,0.08131544291973114,35.60683059692383
602,players,21,0.0,19.282886505126953,54.40054702758789
602,players,131,1.0,19.225265502929688,43.5825080871582
602,players,18,0.0,,
602,players,9,0.0,2.361877679824829,45.889339447021484
602,players,238,1.0,,
602,players,182,1.0,,
602,players,15,0.0,,
602,players,262,,,
603,players,17,1.0,8.181604385375977,39.538108825683594
603,players,3,0.0,17.499420166015625,47.35627365112305
603,players,206,0.0,,
603,players,14,1.0,2.659095048904419,52.8300666809082
603,players,21,0.0,19.190265655517578,54.3997917175293
603,players,5,1.0,0.7531682252883911,45.77642059326172
603,players,4,1.0,16.876123428344727,53.51581954956055
603,players,132,0.0,9.891650199890137,23.994312286376953
603,players,1,1.0,11.582019805908203,46.32307815551758
603,players,7,0.0,9.456477165222168,34.86710739135742
603,players,131,1.0,19.32364273071289,43.277591705322266
603,players,9,0.0,2.4450976848602295,45.684669494628906
603,players,10,0.0,14.840365409851074,40.552188873291016
603,players,154,1.0,6.433734893798828,24.51722526550293
603,players,238,1.0,,
603,players,141,1.0,0.10834585130214691,35.54924392700195
603,players,8,0.0,3.8096377849578857,53.10143280029297
603,players,15,0.0,,
603,players,18,0.0,,
603,players,182,1.0,,
603,players,133,1.0,14.555047988891602,35.09953308105469
603,players,262,,,
604,players,17,1.0,8.242073059082031,39.411739349365234
604,players,21,0.0,19.15071678161621,54.43717956542969
604,players,1,1.0,11.640754699707031,46.29510498046875
604,players,3,0.0,17.475461959838867,47.45207595825195
604,players,14,1.0,2.6534807682037354,52.78920364379883
604,players,9,0.0,2.5797197818756104,45.57339859008789
604,players,132,0.0,9.89864730834961,24.042327880859375
604,players,5,1.0,0.7616086006164551,45.94113540649414
604,players,7,0.0,9.51862907409668,34.904541015625
604,players,238,1.0,,
604,players,131,1.0,19.36200523376465,43.21236038208008
604,players,10,0.0,14.85287857055664,40.4199333190918
604,players,141,1.0,0.14360328018665314,35.51091003417969
604,players,4,1.0,16.766841888427734,53.49550247192383
604,players,154,1.0,6.420429706573486,24.536090850830078
604,players,8,0.0,3.8324637413024902,53.104270935058594
604,players,206,0.0,,
604,players,15,0.0,,
604,players,18,0.0,,
604,players,182,1.0,,
604,players,262,,,
605,players,1,1.0,11.745380401611328,46.00141143798828
605,players,21,0.0,19.14453887939453,54.407691955566406
605,players,5,1.0,0.7964670658111572,45.84678268432617
605,players,3,0.0,17.47347640991211,47.5108757019043
605,players,9,0.0,2.658745288848877,45.50481414794922
605,players,14,1.0,2.662647008895874,52.76927947998047
605,players,131,1.0,19.386898040771484,43.26286315917969
605,players,17,1.0,8.299476623535156,39.43212127685547
605,players,141,1.0,0.20352424681186676,35.51461410522461
605,players,154,1.0,6.43241548538208,24.48247718811035
605,players,8,0.0,3.858412742614746,53.087764739990234
605,players,7,0.0,9.574929237365723,34.81918716430664
605,players,4,1.0,16.711660385131836,53.50721740722656
605,players,238,1.0,,
605,players,10,0.0,14.856553077697754,40.46131896972656
605,players,132,0.0,9.93836498260498,23.92801856994629
605,players,18,0.0,,
605,players,15,0.0,,
605,players,182,1.0,,
605,players,206,0.0,,
605,players,262,,,
606,players,21,0.0,19.11264419555664,54.389610290527344
606,players,9,0.0,2.7415380477905273,45.48978042602539
606,players,1,1.0,11.86253547668457,45.90304183959961
606,players,3,0.0,17.468843460083008,47.528072357177734
606,players,141,1.0,0.2522508502006531,35.455039978027344
606,players,14,1.0,2.6764702796936035,52.667972564697266
606,players,8,0.0,3.8782787322998047,53.09187316894531
606,players,131,1.0,19.423053741455078,43.10174560546875
606,players,154,1.0,6.439244270324707,24.51796531677246
606,players,18,0.0,,
606,players,4,1.0,16.693946838378906,53.45338439941406
606,players,132,0.0,9.981551170349121,24.00733757019043
606,players,7,0.0,9.634346008300781,34.870887756347656
606,players,238,1.0,,
606,players,15,0.0,,
606,players,10,0.0,14.851055145263672,40.6884651184082
606,players,182,1.0,,
606,players,17,1.0,8.385708808898926,39.399253845214844
606,players,5,1.0,0.891071617603302,45.701053619384766
606,players,206,0.0,,
606,players,262,,,
607,players,9,0.0,2.802457571029663,45.41083908081055
607,players,21,0.0,19.04685401916504,54.31574249267578
607,players,154,1.0,6.478664875030518,24.466991424560547
607,players,3,0.0,17.45282554626465,47.57274627685547
607,players,8,0.0,3.8849563598632812,53.0959358215332
607,players,1,1.0,11.955595016479492,45.76907730102539
607,players,141,1.0,0.30157965421676636,35.40568542480469
607,players,131,1.0,19.46021270751953,43.02731704711914
607,players,14,1.0,2.6730637550354004,52.62954330444336
607,players,18,0.0,,
607,players,5,1.0,0.9573184251785278,45.69517135620117
607,players,4,1.0,16.69452476501465,53.37464141845703
607,players,17,1.0,8.496774673461914,39.20042037963867
607,players,238,1.0,,
607,players,15,0.0,,
607,players,7,0.0,9.68145751953125,34.998722076416016
607,players,132,0.0,9.982813835144043,24.071231842041016
607,players,10,0.0,14.906149864196777,40.56795120239258
607,players,206,0.0,,
607,players,182,1.0,,
607,players,262,,,
608,players,154,1.0,6.461321830749512,24.57093048095703
608,players,8,0.0,3.917192220687866,53.10688400268555
608,players,3,0.0,17.402151107788086,47.61910629272461
608,players,21,0.0,19.040523529052734,54.25571060180664
608,players,1,1.0,12.074089050292969,45.64504623413086
608,players,9,0.0,2.8500139713287354,45.37189865112305
608,players,18,0.0,,
608,players,131,1.0,19.498336791992188,42.843406677246094
608,players,14,1.0,2.665881872177124,52.53855895996094
608,players,141,1.0,0.3402276635169983,35.503902435302734
608,players,238,1.0,,
608,players,5,1.0,1.0469666719436646,45.57117462158203
608,players,7,0.0,9.73884105682373,35.13837432861328
608,players,17,1.0,8.56191635131836,39.31270217895508
608,players,4,1.0,16.646129608154297,53.263938903808594
608,players,15,0.0,,
608,players,206,0.0,,
608,players,10,0.0,15.032920837402344,40.546749114990234
608,players,132,0.0,10.008554458618164,24.060152053833008
608,players,182,1.0,,
608,players,262,1.0,,
609,players,154,1.0,6.48516845703125,24.629730224609375
609,players,9,0.0,2.9618163108825684,45.14059066772461
609,players,3,0.0,17.347108840942383,47.636417388916016
609,players,131,1.0,19.50724983215332,42.75164031982422
609,players,8,0.0,3.9462180137634277,53.0798225402832
609,players,18,0.0,,
609,players,21,0.0,18.947879791259766,54.40430450439453
609,players,14,1.0,2.67734432220459,52.51383972167969
609,players,17,1.0,8.649520874023438,39.09153366088867
609,players,4,1.0,16.630863189697266,53.18853759765625
609,players,15,0.0,,
609,players,238,1.0,,
609,players,5,1.0,1.1061842441558838,45.48989486694336
609,players,1,1.0,12.191424369812012,45.57569885253906
609,players,10,0.0,15.139093399047852,40.62990188598633
609,players,206,0.0,,
609,players,141,1.0,0.3787821829319,35.50619125366211
609,players,132,0.0,10.027816772460938,23.944791793823242
609,players,262,1.0,,
610,players,154,1.0,6.492702960968018,24.5667667388916
610,players,3,0.0,17.3297119140625,47.611907958984375
610,players,9,0.0,3.0949559211730957,45.06816864013672
610,players,131,1.0,19.5398006439209,42.57207489013672
610,players,14,1.0,2.6928882598876953,52.45852279663086
610,players,8,0.0,3.983229875564575,52.98686599731445
610,players,18,0.0,,
610,players,17,1.0,8.721502304077148,39.09531784057617
610,players,1,1.0,12.289432525634766,45.391231536865234
610,players,206,0.0,,
610,players,21,0.0,18.903955459594727,54.34163284301758
610,players,5,1.0,1.1772860288619995,45.293052673339844
610,players,15,0.0,,
610,players,10,0.0,15.218798637390137,40.595550537109375
610,players,4,1.0,16.562313079833984,53.144981384277344
610,players,238,1.0,,
610,players,132,0.0,10.01541519165039,23.83791160583496
610,players,262,,,
611,players,154,1.0,6.506621837615967,24.589359283447266
611,players,14,1.0,2.7140963077545166,52.52039337158203
611,players,3,0.0,17.27727699279785,47.63044738769531
611,players,15,0.0,,
611,players,9,0.0,3.232167959213257,45.07472610473633
611,players,8,0.0,4.010893821716309,52.92266082763672
611,players,131,1.0,19.52337646484375,42.546871185302734
611,players,18,0.0,,
611,players,1,1.0,12.36917495727539,45.403297424316406
611,players,5,1.0,1.213291883468628,45.186283111572266
611,players,4,1.0,16.46617317199707,53.181705474853516
611,players,17,1.0,8.79922103881836,39.17726516723633
611,players,206,0.0,,
611,players,10,0.0,15.267861366271973,40.7454948425293
611,players,21,0.0,18.824745178222656,54.23753356933594
611,players,238,1.0,,
611,players,132,0.0,9.986252784729004,23.77047348022461
611,players,7,0.0,9.897075653076172,35.07021713256836
611,players,262,,,
612,players,154,1.0,6.592746734619141,24.554807662963867
612,players,14,1.0,2.742652654647827,52.49856948852539
612,players,8,0.0,4.045973300933838,52.813751220703125
612,players,3,0.0,17.3010311126709,47.62876892089844
612,players,131,1.0,19.523544311523438,42.572059631347656
612,players,4,1.0,16.457277297973633,53.2210693359375
612,players,18,0.0,,
612,players,1,1.0,12.48136043548584,45.37140655517578
612,players,15,0.0,,
612,players,5,1.0,1.342875599861145,45.06703567504883
612,players,9,0.0,3.3347320556640625,45.01444625854492
612,players,10,0.0,15.335993766784668,41.07927703857422
612,players,7,0.0,9.938331604003906,35.075077056884766
612,players,17,1.0,8.890429496765137,39.03926086425781
612,players,132,0.0,9.96689224243164,23.76982879638672
612,players,206,0.0,,
612,players,141,1.0,0.5588063597679138,35.52149200439453
612,players,238,1.0,,
612,players,21,0.0,18.736839294433594,54.26899719238281
612,players,182,1.0,,
612,players,262,,,
613,players,154,1.0,6.596460342407227,24.523468017578125
613,players,14,1.0,2.789527177810669,52.48135757446289
613,players,3,0.0,17.33038330078125,47.5408821105957
613,players,21,0.0,18.7164363861084,54.32499313354492
613,players,8,0.0,4.075829982757568,52.81855773925781
613,players,18,0.0,,
613,players,4,1.0,16.449785232543945,53.14690399169922
613,players,5,1.0,1.4179006814956665,44.780982971191406
613,players,131,1.0,19.439769744873047,42.58915328979492
613,players,141,1.0,0.6064490675926208,35.39458084106445
613,players,132,0.0,9.943925857543945,23.72604751586914
613,players,1,1.0,12.66517448425293,45.30731964111328
613,players,9,0.0,3.4543039798736572,44.83063507080078
613,players,10,0.0,15.390146255493164,41.091835021972656
613,players,7,0.0,9.987692832946777,35.0679817199707
613,players,17,1.0,8.980466842651367,39.16325759887695
613,players,15,0.0,,
613,players,206,0.0,,
613,players,182,1.0,,
613,players,238,1.0,,
613,players,262,,,
614,players,14,1.0,2.80410099029541,52.40819549560547
614,players,154,1.0,6.591634273529053,24.447650909423828
614,players,21,0.0,18.66533088684082,54.41670227050781
614,players,3,0.0,17.310087203979492,47.54824447631836
614,players,9,0.0,3.563511610031128,44.548091888427734
614,players,8,0.0,4.103164196014404,52.79964828491211
614,players,4,1.0,16.42082977294922,53.14478302001953
614,players,5,1.0,1.5102012157440186,44.56374740600586
614,players,1,1.0,12.802032470703125,45.20011901855469
614,players,141,1.0,0.6395443081855774,35.425376892089844
614,players,7,0.0,10.028748512268066,35.06614303588867
614,players,18,0.0,,
614,players,132,0.0,9.931456565856934,23.695016860961914
614,players,17,1.0,9.061013221740723,39.19340515136719
614,players,10,0.0,15.427895545959473,41.24462127685547
614,players,131,1.0,19.405712127685547,42.46029281616211
614,players,182,1.0,,
614,players,238,1.0,,
614,players,15,0.0,,
614,players,206,0.0,,
614,players,262,,,
615,players,21,0.0,18.575794219970703,54.41336441040039
615,players,14,1.0,2.8304784297943115,52.31804656982422
615,players,9,0.0,3.670729160308838,44.483306884765625
615,players,154,1.0,6.585978984832764,24.36109733581543
615,players,3,0.0,17.2867431640625,47.63425827026367
615,players,4,1.0,16.334457397460938,53.138431549072266
615,players,8,0.0,4.1144609451293945,52.824363708496094
615,players,141,1.0,0.6963657140731812,35.47644805908203
615,players,5,1.0,1.5992032289505005,44.513938903808594
615,players,1,1.0,12.912899017333984,45.10777282714844
615,players,18,0.0,,
615,players,17,1.0,9.127235412597656,39.18780517578125
615,players,132,0.0,9.941437721252441,23.75982666015625
615,players,131,1.0,19.369966506958008,42.392250061035156
615,players,7,0.0,10.072356224060059,35.14863586425781
615,players,10,0.0,15.505677223205566,41.151309967041016
615,players,182,1.0,,
615,players,15,0.0,,
615,players,133,1.0,14.998743057250977,34.854366302490234
615,players,238,1.0,,
615,players,206,0.0,,
615,players,288,1.0,,
615,players,262,,,
616,players,14,1.0,2.870389699935913,52.28617477416992
616,players,154,1.0,6.579623699188232,24.318572998046875
616,players,3,0.0,17.30707359313965,47.60420227050781
616,players,1,1.0,12.990843772888184,45.13636016845703
616,players,8,0.0,4.14823055267334,52.763710021972656
616,players,21,0.0,18.479984283447266,54.53190994262695
616,players,141,1.0,0.7592124342918396,35.51756286621094
616,players,4,1.0,16.285524368286133,53.043495178222656
616,players,131,1.0,19.35451889038086,42.448482513427734
616,players,132,0.0,9.97337818145752,23.897939682006836
616,players,5,1.0,1.7180179357528687,44.43793487548828
616,players,17,1.0,9.182835578918457,39.177703857421875
616,players,7,0.0,10.102035522460938,35.24521255493164
616,players,18,0.0,,
616,players,10,0.0,15.529070854187012,41.30439376831055
616,players,9,0.0,3.801842212677002,44.621673583984375
616,players,182,1.0,,
616,players,206,0.0,,
616,players,15,0.0,,
616,players,262,,,
617,players,14,1.0,2.868401527404785,52.27482986450195
617,players,141,1.0,0.78827303647995,35.45161819458008
617,players,8,0.0,4.177462100982666,52.8216552734375
617,players,131,1.0,19.334339141845703,42.44306945800781
617,players,1,1.0,13.035545349121094,45.16145324707031
617,players,3,0.0,17.262544631958008,47.69768524169922
617,players,132,0.0,9.963253021240234,23.887531280517578
617,players,17,1.0,9.234273910522461,39.15544128417969
617,players,21,0.0,18.447423934936523,54.4649772644043
617,players,154,1.0,6.5042338371276855,24.461172103881836
617,players,18,0.0,,
617,players,7,0.0,10.129881858825684,35.27474594116211
617,players,4,1.0,16.13389778137207,53.07719802856445
617,players,10,0.0,15.546161651611328,41.57240295410156
617,players,15,0.0,,
617,players,182,1.0,,
617,players,206,0.0,,
617,players,5,1.0,1.797711968421936,44.61016845703125
617,players,133,1.0,15.064828872680664,34.8367805480957
617,players,9,0.0,3.896955728530884,44.556007385253906
617,players,262,,,
618,players,9,0.0,4.028453350067139,44.54447555541992
618,players,5,1.0,1.8729350566864014,44.50880813598633
618,players,14,1.0,2.872389316558838,52.255470275878906
618,players,8,0.0,4.174675941467285,52.834747314453125
618,players,141,1.0,0.8299165964126587,35.40232467651367
618,players,131,1.0,19.33846664428711,42.30582046508789
618,players,1,1.0,13.099480628967285,45.022605895996094
618,players,132,0.0,9.94198989868164,23.92987823486328
618,players,18,0.0,,
618,players,10,0.0,15.557044982910156,41.76044845581055
618,players,7,0.0,10.198732376098633,35.11863327026367
618,players,21,0.0,18.420913696289062,54.46038818359375
618,players,17,1.0,9.28286075592041,39.258514404296875
618,players,3,0.0,17.21256446838379,47.66426086425781
618,players,4,1.0,16.013347625732422,53.028419494628906
618,players,154,1.0,6.4857258796691895,24.529661178588867
618,players,15,0.0,,
618,players,182,1.0,,
618,players,288,0.0,,
618,players,206,1.0,,
618,players,262,1.0,,
619,players,5,1.0,1.9556628465652466,44.30694580078125
619,players,9,0.0,4.127204895019531,44.455753326416016
619,players,8,0.0,4.203432083129883,52.78357696533203
619,players,14,1.0,2.9044442176818848,52.27301788330078
619,players,131,1.0,19.32536506652832,42.327720642089844
619,players,10,0.0,15.579370498657227,41.98661422729492
619,players,1,1.0,13.150862693786621,45.090171813964844
619,players,141,1.0,0.8827596306800842,35.40904998779297
619,players,18,0.0,,
619,players,7,0.0,10.239419937133789,35.23280334472656
619,players,288,0.0,,
619,players,132,0.0,9.912429809570312,23.857133865356445
619,players,17,1.0,9.333354949951172,39.180419921875
619,players,21,0.0,18.292585372924805,54.41621780395508
619,players,4,1.0,15.902456283569336,53.032161712646484
619,players,182,1.0,,
619,players,3,0.0,17.190399169921875,47.63837814331055
619,players,154,1.0,6.50293493270874,24.332950592041016
619,players,15,0.0,,
619,players,262,1.0,,
620,players,9,0.0,4.250543594360352,44.50152587890625
620,players,5,1.0,2.0595107078552246,44.237548828125
620,players,8,0.0,4.1890869140625,52.74575424194336
620,players,14,1.0,2.925839424133301,52.25794219970703
620,players,288,0.0,,
620,players,131,1.0,19.323610305786133,42.231712341308594
620,players,10,0.0,15.684135437011719,41.924842834472656
620,players,141,1.0,0.918418288230896,35.46922302246094
620,players,18,0.0,,
620,players,1,1.0,13.181366920471191,45.11268997192383
620,players,7,0.0,10.287919998168945,35.30791473388672
620,players,4,1.0,15.876628875732422,53.05249786376953
620,players,132,0.0,9.844294548034668,23.927364349365234
620,players,21,0.0,18.20172882080078,54.428489685058594
620,players,15,0.0,,
620,players,182,1.0,,
620,players,17,1.0,9.388593673706055,39.07332992553711
620,players,154,1.0,6.509636402130127,24.076602935791016
620,players,3,0.0,17.17057228088379,47.64771270751953
620,players,262,1.0,,
621,players,9,0.0,4.3091864585876465,44.4923095703125
621,players,5,1.0,2.1190073490142822,44.18229293823242
621,players,7,0.0,10.307024002075195,35.22752380371094
621,players,14,1.0,2.959291458129883,52.25454330444336
621,players,21,0.0,18.179603576660156,54.4035758972168
621,players,1,1.0,13.208422660827637,45.07040786743164
621,players,18,0.0,,
621,players,10,0.0,15.766338348388672,41.88418960571289
621,players,8,0.0,4.177331447601318,52.69160842895508
621,players,4,1.0,15.876442909240723,52.81475830078125
621,players,131,1.0,19.26754379272461,42.15255355834961
621,players,132,0.0,9.830333709716797,23.837173461914062
621,players,15,0.0,,
621,players,182,1.0,,
621,players,141,1.0,0.9538937211036682,35.306087493896484
621,players,154,1.0,6.504462242126465,24.108322143554688
621,players,288,1.0,,
621,players,206,0.0,,
621,players,3,0.0,17.141056060791016,47.68083953857422
621,players,17,1.0,9.409229278564453,39.05569076538086
621,players,262,,,
622,players,5,1.0,2.216409921646118,44.00002670288086
622,players,9,0.0,4.41070556640625,44.5666389465332
622,players,21,0.0,18.162763595581055,54.40962600708008
622,players,1,1.0,13.222307205200195,45.07982635498047
622,players,7,0.0,10.32468318939209,35.249847412109375
622,players,4,1.0,15.90174674987793,52.6602897644043
622,players,14,1.0,2.9833757877349854,52.233154296875
622,players,18,0.0,,
622,players,8,0.0,4.1721415519714355,52.52902603149414
622,players,10,0.0,15.849925994873047,41.95455551147461
622,players,131,1.0,19.17159652709961,42.29499816894531
622,players,132,0.0,9.879070281982422,23.79726219177246
622,players,15,0.0,,
622,players,141,1.0,0.9877279996871948,35.19520950317383
622,players,182,1.0,,
622,players,154,1.0,6.516932010650635,24.149354934692383
622,players,288,1.0,,
622,players,206,0.0,,
622,players,3,0.0,17.13201332092285,47.73674774169922
622,players,262,1.0,,
623,players,9,0.0,4.536708831787109,44.5571174621582
623,players,21,0.0,18.100704193115234,54.48512268066406
623,players,4,1.0,15.877508163452148,52.54991149902344
623,players,1,1.0,13.222874641418457,45.04740524291992
623,players,8,0.0,4.186940670013428,52.40579605102539
623,players,14,1.0,2.984959840774536,52.236297607421875
623,players,18,0.0,,
623,players,7,0.0,10.323027610778809,35.23398971557617
623,players,5,1.0,2.3169634342193604,43.80237579345703
623,players,10,0.0,15.904070854187012,42.00112533569336
623,players,131,1.0,19.178274154663086,42.06791687011719
623,players,132,0.0,9.886837005615234,23.893680572509766
623,players,15,0.0,,
623,players,154,1.0,6.534631729125977,24.212657928466797
623,players,182,1.0,,
623,players,141,1.0,1.0403960943222046,35.21232223510742
623,players,206,0.0,,
623,players,288,1.0,,
623,players,3,0.0,17.162038803100586,47.65412521362305
623,players,262,1.0,,
624,players,1,1.0,13.185995101928711,44.91938400268555
624,players,21,0.0,18.03056526184082,54.5255126953125
624,players,8,0.0,4.195709705352783,52.29906463623047
624,players,5,1.0,2.410043954849243,43.786251068115234
624,players,14,1.0,2.9285709857940674,52.20143508911133
624,players,9,0.0,4.713026523590088,44.562965393066406
624,players,154,1.0,6.5241923332214355,24.31028175354004
624,players,18,0.0,,
624,players,131,1.0,19.14824867248535,42.16881561279297
624,players,3,0.0,17.116071701049805,47.688385009765625
624,players,132,0.0,9.874614715576172,23.579669952392578
624,players,10,0.0,15.91044807434082,42.156341552734375
624,players,4,1.0,15.794391632080078,52.34724426269531
624,players,182,1.0,,
624,players,15,0.0,,
624,players,7,0.0,10.33231258392334,35.12247085571289
624,players,141,1.0,1.0770758390426636,35.260929107666016
624,players,206,1.0,,
624,players,288,1.0,,
624,players,262,,,
625,players,8,0.0,4.230126857757568,52.348541259765625
625,players,154,1.0,6.529382228851318,24.180744171142578
625,players,14,1.0,2.8779397010803223,52.25836944580078
625,players,1,1.0,13.158761978149414,44.97392654418945
625,players,5,1.0,2.542876720428467,43.764347076416016
625,players,21,0.0,17.961162567138672,54.61368179321289
625,players,3,0.0,17.08505630493164,47.641456604003906
625,players,18,0.0,,
625,players,4,1.0,15.703804969787598,52.30604553222656
625,players,141,1.0,1.1123039722442627,35.233360290527344
625,players,131,1.0,19.184236526489258,42.0377082824707
625,players,132,0.0,9.877991676330566,23.641624450683594
625,players,182,1.0,,
625,players,15,0.0,,
625,players,7,0.0,10.30732250213623,35.399742126464844
625,players,10,0.0,15.947811126708984,42.24934005737305
625,players,288,1.0,,
625,players,206,0.0,,
625,players,9,0.0,4.879589080810547,44.542152404785156
625,players,262,,,
625,players,289,1.0,,
625,players,17,1.0,9.626243591308594,39.07173538208008
626,players,8,0.0,4.2500410079956055,52.312156677246094
626,players,154,1.0,6.577698707580566,24.1081485748291
626,players,1,1.0,13.19214916229248,44.95305252075195
626,players,3,0.0,17.092729568481445,47.65494918823242
626,players,14,1.0,2.81481671333313,52.22991180419922
626,players,21,0.0,17.927249908447266,54.631370544433594
626,players,9,0.0,4.9826226234436035,44.38633728027344
626,players,141,1.0,1.16866135597229,35.09383010864258
626,players,5,1.0,2.6804187297821045,43.792808532714844
626,players,18,0.0,,
626,players,131,1.0,19.140928268432617,42.05179214477539
626,players,4,1.0,15.625410079956055,52.29005813598633
626,players,132,0.0,9.851612091064453,23.521949768066406
626,players,17,1.0,9.599122047424316,39.14588928222656
626,players,182,1.0,,
626,players,15,0.0,,
626,players,10,0.0,15.99798583984375,42.28654861450195
626,players,7,0.0,10.335421562194824,35.217979431152344
626,players,288,1.0,,
626,players,206,0.0,,
626,players,289,1.0,,
626,players,262,,,
627,players,8,0.0,4.25623083114624,52.1905403137207
627,players,154,1.0,6.612771034240723,24.084453582763672
627,players,9,0.0,5.115320682525635,44.265525817871094
627,players,15,0.0,,
627,players,14,1.0,2.744568347930908,52.21954345703125
627,players,3,0.0,17.081356048583984,47.79812240600586
627,players,131,1.0,19.065900802612305,42.05109405517578
627,players,141,1.0,1.2263588905334473,35.146583557128906
627,players,21,0.0,17.82077980041504,54.637264251708984
627,players,18,0.0,,
627,players,10,0.0,16.02079963684082,42.36064529418945
627,players,4,1.0,15.530926704406738,52.338558197021484
627,players,17,1.0,9.665175437927246,39.12144470214844
627,players,1,1.0,13.217098236083984,44.64610290527344
627,players,182,1.0,,
627,players,5,1.0,2.8267571926116943,43.89859390258789
627,players,132,1.0,9.839945793151855,23.540956497192383
627,players,288,1.0,,
627,players,7,0.0,10.359116554260254,35.19309616088867
627,players,206,0.0,,
627,players,262,,,
627,players,289,1.0,,
628,players,8,0.0,4.251960754394531,52.20659255981445
628,players,154,1.0,6.626632213592529,24.113502502441406
628,players,1,1.0,13.265380859375,44.95746994018555
628,players,9,0.0,5.20639181137085,44.39527893066406
628,players,10,0.0,16.07453155517578,42.310546875
628,players,15,0.0,,
628,players,14,1.0,2.734612226486206,52.304847717285156
628,players,5,1.0,2.928933620452881,43.911399841308594
628,players,141,1.0,1.2792222499847412,35.18831253051758
628,players,131,1.0,19.059083938598633,42.03330612182617
628,players,3,0.0,17.118858337402344,47.723594665527344
628,players,4,1.0,15.52431869506836,52.1170654296875
628,players,21,0.0,17.734004974365234,54.66857147216797
628,players,18,0.0,,
628,players,182,1.0,,
628,players,17,1.0,9.685807228088379,39.26716613769531
628,players,132,0.0,9.796096801757812,23.535737991333008
628,players,206,0.0,,
628,players,288,1.0,,
628,players,7,0.0,10.37691593170166,35.14410400390625
628,players,262,,,
628,players,289,1.0,,
629,players,8,0.0,4.222633361816406,51.82991027832031
629,players,154,1.0,6.608317852020264,24.059797286987305
629,players,10,0.0,16.10634422302246,42.373046875
629,players,9,0.0,5.32902717590332,44.391788482666016
629,players,1,1.0,13.269404411315918,45.01691818237305
629,players,5,1.0,3.061084508895874,43.77168655395508
629,players,14,1.0,2.6851348876953125,52.295467376708984
629,players,141,1.0,1.3227795362472534,35.241851806640625
629,players,4,1.0,15.50666332244873,52.07606887817383
629,players,15,0.0,,
629,players,131,1.0,19.084213256835938,41.805580139160156
629,players,21,0.0,17.7220516204834,54.52994155883789
629,players,17,1.0,9.71231746673584,39.3065299987793
629,players,182,1.0,,
629,players,3,0.0,17.122543334960938,47.7491455078125
629,players,132,0.0,9.721151351928711,23.489147186279297
629,players,206,0.0,,
629,players,18,0.0,,
629,players,7,0.0,10.427602767944336,35.19023895263672
629,players,288,1.0,,
629,players,262,,,
629,players,289,1.0,,
630,players,8,0.0,4.2373857498168945,51.76243209838867
630,players,5,1.0,3.1927664279937744,43.76039123535156
630,players,154,1.0,6.577176570892334,24.025949478149414
630,players,4,1.0,15.451415061950684,52.086700439453125
630,players,10,0.0,16.181690216064453,42.35856628417969
630,players,1,1.0,13.329305648803711,44.91618347167969
630,players,14,1.0,2.680630683898926,52.33418655395508
630,players,21,0.0,17.622270584106445,54.87390899658203
630,players,141,1.0,1.3697248697280884,35.316078186035156
630,players,17,1.0,9.73554515838623,39.479408264160156
630,players,132,0.0,9.693459510803223,23.470760345458984
630,players,9,0.0,5.470396995544434,44.46920394897461
630,players,182,1.0,,
630,players,3,0.0,17.157434463500977,47.70357894897461
630,players,15,0.0,,
630,players,206,0.0,,
630,players,131,1.0,18.996503829956055,41.947776794433594
630,players,18,0.0,,
630,players,7,0.0,10.453524589538574,35.30143737792969
630,players,288,1.0,,
631,players,5,1.0,3.3123722076416016,43.8336181640625
631,players,1,1.0,13.3041353225708,44.80476760864258
631,players,21,0.0,17.508607864379883,55.0119514465332
631,players,154,1.0,6.509068489074707,23.840913772583008
631,players,8,0.0,4.132513999938965,51.853431701660156
631,players,141,1.0,1.409618616104126,35.342369079589844
631,players,4,1.0,15.369778633117676,51.96183776855469
631,players,10,0.0,16.20935821533203,42.33426284790039
631,players,14,1.0,2.714719533920288,52.2919921875
631,players,9,0.0,5.636020183563232,44.40724182128906
631,players,17,1.0,9.764532089233398,39.51499938964844
631,players,15,0.0,,
631,players,182,1.0,,
631,players,3,0.0,17.15987205505371,47.70000076293945
631,players,132,0.0,9.67448616027832,23.312158584594727
631,players,206,0.0,,
631,players,131,1.0,18.921655654907227,41.82167434692383
631,players,7,0.0,10.46175765991211,35.41998291015625
631,players,288,1.0,,
631,players,18,0.0,,
631,players,262,,,
632,players,5,1.0,3.4787771701812744,43.835716247558594
632,players,1,1.0,13.2389497756958,44.81995391845703
632,players,4,1.0,15.319405555725098,51.95838928222656
632,players,21,0.0,17.43059730529785,55.1087532043457
632,players,141,1.0,1.4385327100753784,35.33563995361328
632,players,9,0.0,5.767899036407471,44.5062141418457
632,players,15,0.0,,
632,players,10,0.0,16.235532760620117,42.54345703125
632,players,8,0.0,4.097062587738037,51.881473541259766
632,players,132,0.0,9.667590141296387,23.40273666381836
632,players,154,1.0,6.440508842468262,23.734642028808594
632,players,182,1.0,,
632,players,131,1.0,18.762460708618164,42.10307312011719
632,players,17,1.0,9.790488243103027,39.62973403930664
632,players,14,1.0,2.7303831577301025,52.28338623046875
632,players,3,0.0,17.14289665222168,47.75123977661133
632,players,206,0.0,,
632,players,288,1.0,,
632,players,7,0.0,10.500917434692383,35.341243743896484
632,players,18,0.0,,
632,players,133,1.0,15.554852485656738,34.4733772277832
632,players,262,,,
633,players,4,1.0,15.16763973236084,52.057579040527344
633,players,9,0.0,5.858701705932617,44.567352294921875
633,players,5,1.0,3.6135659217834473,43.851558685302734
633,players,141,1.0,1.4601728916168213,35.31718826293945
633,players,132,0.0,9.63512134552002,23.484127044677734
633,players,1,1.0,13.210602760314941,44.82957077026367
633,players,15,0.0,,
633,players,10,0.0,16.28455352783203,42.64113235473633
633,players,131,1.0,18.74718475341797,41.884857177734375
633,players,154,1.0,6.40966272354126,23.800968170166016
633,players,17,1.0,9.81925106048584,39.6414794921875
633,players,14,1.0,2.739694118499756,52.18962478637695
633,players,182,1.0,,
633,players,8,0.0,4.057312488555908,51.872718811035156
633,players,21,0.0,17.327239990234375,55.13356018066406
633,players,3,0.0,17.150619506835938,47.722503662109375
633,players,288,1.0,,
633,players,18,0.0,,
633,players,206,0.0,,
633,players,7,0.0,10.50861644744873,35.36296463012695
633,players,262,,,
634,players,15,0.0,,
634,players,131,1.0,18.76613426208496,41.9819221496582
634,players,141,1.0,1.4741638898849487,35.3520393371582
634,players,10,0.0,16.319366455078125,42.70207977294922
634,players,9,0.0,6.003942489624023,44.62531280517578
634,players,4,1.0,15.041646003723145,52.01925277709961
634,players,18,0.0,,
634,players,1,1.0,13.201708793640137,44.79446029663086
634,players,17,1.0,9.846117973327637,39.65775680541992
634,players,132,0.0,9.609550476074219,23.481609344482422
634,players,154,1.0,6.378763675689697,24.046979904174805
634,players,21,0.0,17.320016860961914,55.16433334350586
634,players,14,1.0,2.760241985321045,52.297821044921875
634,players,8,0.0,3.9956600666046143,51.89002990722656
634,players,182,1.0,,
634,players,133,1.0,15.580663681030273,34.44316864013672
634,players,288,1.0,,
634,players,3,0.0,17.154359817504883,47.79328918457031
634,players,5,1.0,3.825448513031006,43.803016662597656
634,players,7,0.0,10.492461204528809,35.3238525390625
634,players,262,,,
634,players,206,0.0,,
635,players,18,0.0,,
635,players,9,0.0,6.148062229156494,44.500953674316406
635,players,10,0.0,16.374752044677734,42.718536376953125
635,players,1,1.0,13.229413032531738,44.53638458251953
635,players,15,0.0,,
635,players,4,1.0,14.912782669067383,52.02617645263672
635,players,141,1.0,1.5195950269699097,35.3427734375
635,players,131,1.0,18.712749481201172,42.00123977661133
635,players,5,1.0,3.9580233097076416,43.72028732299805
635,players,154,1.0,6.385354518890381,23.821561813354492
635,players,14,1.0,2.7108325958251953,52.07493209838867
635,players,17,1.0,9.870429039001465,39.6992301940918
635,players,21,0.0,17.176820755004883,55.159400939941406
635,players,8,0.0,3.934873342514038,51.94903564453125
635,players,132,0.0,9.555035591125488,23.436908721923828
635,players,206,0.0,,
635,players,3,0.0,17.16786003112793,47.807186126708984
635,players,288,1.0,,
635,players,7,0.0,10.451763153076172,35.28729248046875
635,players,262,,,
635,players,182,1.0,,
635,players,133,1.0,15.613174438476562,34.301090240478516
636,players,18,0.0,,
636,players,5,1.0,4.079797744750977,43.77958679199219
636,players,9,0.0,6.266809463500977,44.691524505615234
636,players,10,0.0,16.414316177368164,42.75554275512695
636,players,154,1.0,6.338044166564941,23.74167823791504
636,players,15,0.0,,
636,players,131,1.0,18.62745475769043,41.9842643737793
636,players,141,1.0,1.5425275564193726,35.43754959106445
636,players,4,1.0,14.864896774291992,51.9059944152832
636,players,1,1.0,13.196808815002441,44.51771545410156
636,players,17,1.0,9.87578010559082,39.74390411376953
636,players,14,1.0,2.623591899871826,51.938812255859375
636,players,206,0.0,,
636,players,8,0.0,3.838033437728882,51.79574966430664
636,players,288,1.0,,
636,players,3,0.0,17.182598114013672,47.782859802246094
636,players,21,0.0,17.094911575317383,55.1258659362793
636,players,7,0.0,10.473403930664062,35.12635803222656
636,players,133,1.0,15.57966423034668,34.32975387573242
636,players,262,,,
636,players,132,0.0,9.459588050842285,23.528425216674805
637,players,5,1.0,4.220852851867676,43.48918914794922
637,players,18,0.0,,
637,players,9,0.0,6.341156005859375,44.65306854248047
637,players,154,1.0,6.2809672355651855,23.812211990356445
637,players,4,1.0,14.828535079956055,51.83326721191406
637,players,15,0.0,,
637,players,21,0.0,17.086530685424805,55.06123352050781
637,players,10,0.0,16.397510528564453,42.98200225830078
637,players,131,1.0,18.560157775878906,42.03255081176758
637,players,17,1.0,9.875890731811523,39.75526809692383
637,players,1,1.0,13.161789894104004,44.557960510253906
637,players,14,1.0,2.602154493331909,51.872745513916016
637,players,141,1.0,1.5579456090927124,35.506935119628906
637,players,8,0.0,3.7693214416503906,51.88947677612305
637,players,3,0.0,17.217966079711914,47.724029541015625
637,players,206,0.0,,
637,players,288,1.0,,
637,players,7,0.0,10.45197582244873,35.0512580871582
637,players,182,1.0,,
637,players,262,,,
637,players,133,1.0,15.537198066711426,34.40377426147461
638,players,5,1.0,4.339180946350098,43.544593811035156
638,players,4,1.0,14.775667190551758,51.86838912963867
638,players,21,0.0,17.03036117553711,55.077362060546875
638,players,154,1.0,6.182809829711914,24.086389541625977
638,players,18,0.0,,
638,players,131,1.0,18.548690795898438,41.950260162353516
638,players,1,1.0,13.122995376586914,44.585350036621094
638,players,17,1.0,9.843586921691895,39.787113189697266
638,players,206,0.0,,
638,players,14,1.0,2.553860902786255,51.98147201538086
638,players,15,0.0,,
638,players,3,0.0,17.208044052124023,47.73265838623047
638,players,8,0.0,3.7222447395324707,51.829872131347656
638,players,182,1.0,,
638,players,288,1.0,,
638,players,10,0.0,16.431325912475586,43.01092529296875
638,players,9,0.0,6.4632182121276855,44.67520523071289
638,players,133,1.0,15.518060684204102,34.44956970214844
638,players,7,0.0,10.473477363586426,34.613853454589844
638,players,141,1.0,1.5608677864074707,35.77973175048828
638,players,262,,,
639,players,4,1.0,14.786528587341309,51.62693786621094
639,players,21,0.0,16.93868637084961,55.20040512084961
639,players,154,1.0,6.17903995513916,24.149044036865234
639,players,5,1.0,4.528172492980957,43.482051849365234
639,players,9,0.0,6.641730308532715,44.63230514526367
639,players,18,0.0,,
639,players,1,1.0,13.068361282348633,44.81282424926758
639,players,14,1.0,2.572188138961792,51.93825149536133
639,players,288,1.0,,
639,players,17,1.0,9.843836784362793,39.853919982910156
639,players,206,0.0,,
639,players,131,1.0,18.485082626342773,41.89329147338867
639,players,3,0.0,17.2343807220459,47.71978759765625
639,players,182,1.0,,
639,players,8,0.0,3.678799867630005,51.70704650878906
639,players,15,0.0,,
639,players,10,0.0,16.450218200683594,43.189491271972656
639,players,132,0.0,9.259294509887695,23.64928436279297
639,players,7,0.0,10.46751880645752,34.98081970214844
639,players,133,1.0,15.564281463623047,34.318416595458984
639,players,141,1.0,1.646528720855713,35.76158142089844
639,players,262,,,
640,players,288,1.0,,
640,players,5,1.0,4.690001487731934,43.60053253173828
640,players,154,1.0,6.139552116394043,24.150671005249023
640,players,9,0.0,6.756530284881592,44.62479019165039
640,players,4,1.0,14.689631462097168,51.44648361206055
640,players,21,0.0,16.847389221191406,55.296546936035156
640,players,1,1.0,13.04990005493164,44.718505859375
640,players,18,0.0,,
640,players,182,1.0,,
640,players,8,0.0,3.6309056282043457,51.83063507080078
640,players,17,1.0,9.821215629577637,39.74028396606445
640,players,14,1.0,2.509821653366089,51.79374313354492
640,players,3,0.0,17.229568481445312,47.73381805419922
640,players,10,0.0,16.426677703857422,43.563114166259766
640,players,132,0.0,9.223541259765625,23.46296501159668
640,players,206,0.0,,
640,players,131,1.0,18.383975982666016,42.0572624206543
640,players,7,0.0,10.463692665100098,35.07603454589844
640,players,15,0.0,,
640,players,133,1.0,15.563648223876953,34.3365364074707
640,players,262,1.0,,
640,players,141,1.0,1.6582106351852417,35.80188751220703
641,players,154,1.0,6.132771015167236,23.990951538085938
641,players,288,1.0,,
641,players,4,1.0,14.601922988891602,51.5093879699707
641,players,5,1.0,4.8480658531188965,43.76971435546875
641,players,21,0.0,16.739418029785156,55.50075149536133
641,players,9,0.0,6.882505893707275,44.652915954589844
641,players,1,1.0,13.011185646057129,44.92165756225586
641,players,182,1.0,,
641,players,8,0.0,3.5659494400024414,51.93919372558594
641,players,206,0.0,,
641,players,10,0.0,16.40566062927246,43.79193115234375
641,players,17,1.0,9.79094123840332,39.79570388793945
641,players,3,0.0,17.262714385986328,47.60407638549805
641,players,132,0.0,9.192046165466309,23.34238052368164
641,players,14,1.0,2.4804139137268066,51.761085510253906
641,players,133,1.0,15.510154724121094,34.48588562011719
641,players,18,0.0,,
641,players,7,0.0,10.503317832946777,35.13999557495117
641,players,262,1.0,,
641,players,15,0.0,,
641,players,141,1.0,1.6807833909988403,35.799007415771484
642,players,5,1.0,4.980503082275391,43.95875549316406
642,players,154,1.0,6.094377517700195,23.844926834106445
642,players,288,1.0,,
642,players,4,1.0,14.547354698181152,51.41112518310547
642,players,8,0.0,3.4269890785217285,51.912010192871094
642,players,3,0.0,17.26644515991211,47.62347412109375
642,players,1,1.0,13.025612831115723,44.96586227416992
642,players,182,1.0,,
642,players,17,1.0,9.775606155395508,39.81259536743164
642,players,10,0.0,16.584205627441406,42.95178985595703
642,players,132,0.0,9.146472930908203,23.18307876586914
642,players,131,1.0,18.16667366027832,42.38460159301758
642,players,206,0.0,,
642,players,14,1.0,2.37317156791687,51.68229293823242
642,players,7,0.0,10.519028663635254,35.063480377197266
642,players,18,0.0,,
642,players,21,0.0,16.63935089111328,55.48697280883789
642,players,141,1.0,1.6864527463912964,35.71475601196289
642,players,262,1.0,,
642,players,133,1.0,15.493758201599121,34.39510726928711
643,players,5,1.0,5.141665935516357,43.75502395629883
643,players,154,1.0,6.039748668670654,23.79336166381836
643,players,8,0.0,3.2895162105560303,51.86094665527344
643,players,10,0.0,16.645463943481445,42.66018295288086
643,players,9,0.0,7.1610107421875,44.693180084228516
643,players,1,1.0,13.050889015197754,45.08045196533203
643,players,4,1.0,14.445730209350586,51.4957275390625
643,players,3,0.0,17.259822845458984,47.724151611328125
643,players,14,1.0,2.280646324157715,51.56317138671875
643,players,182,1.0,,
643,players,288,1.0,,
643,players,131,1.0,18.168672561645508,42.31038284301758
643,players,132,0.0,9.098106384277344,23.1915225982666
643,players,17,1.0,9.769767761230469,39.85015106201172
643,players,206,0.0,,
643,players,18,0.0,,
643,players,141,1.0,1.7048535346984863,35.722991943359375
643,players,7,0.0,10.519917488098145,35.09427261352539
643,players,15,0.0,,
643,players,297,,,
643,players,262,1.0,,
643,players,21,0.0,16.526691436767578,55.41598892211914
644,players,10,0.0,16.62392807006836,42.74154281616211
644,players,5,1.0,5.253178596496582,44.01132583618164
644,players,4,1.0,14.368627548217773,51.27632522583008
644,players,9,0.0,7.261546611785889,44.71946334838867
644,players,8,0.0,3.2283480167388916,51.8510856628418
644,players,14,1.0,2.2197964191436768,51.65291976928711
644,players,154,1.0,6.001919746398926,23.943405151367188
644,players,131,1.0,18.12004280090332,42.34770202636719
644,players,182,1.0,,
644,players,21,0.0,16.4625244140625,55.45911407470703
644,players,3,0.0,17.27345848083496,47.843170166015625
644,players,141,1.0,1.7138557434082031,35.71394348144531
644,players,1,1.0,13.107415199279785,45.025535583496094
644,players,17,1.0,9.75642204284668,39.936302185058594
644,players,288,1.0,,
644,players,132,0.0,9.044073104858398,23.17084312438965
644,players,206,0.0,,
644,players,7,0.0,10.531149864196777,35.08647918701172
644,players,18,0.0,,
644,players,15,0.0,,
644,players,297,,,
644,players,262,1.0,,
645,players,10,0.0,16.615215301513672,42.883853912353516
645,players,154,1.0,5.950878143310547,23.91152000427246
645,players,4,1.0,14.261032104492188,51.398258209228516
645,players,9,0.0,7.366101264953613,44.79493713378906
645,players,131,1.0,18.033184051513672,42.48377227783203
645,players,8,0.0,3.194065570831299,52.05465316772461
645,players,5,1.0,5.372357368469238,43.99514389038086
645,players,14,1.0,2.1991000175476074,51.69007873535156
645,players,141,1.0,1.722175121307373,35.71662521362305
645,players,288,1.0,,
645,players,1,1.0,13.173245429992676,45.06000518798828
645,players,21,0.0,16.376516342163086,55.630767822265625
645,players,3,0.0,17.264507293701172,47.87354278564453
645,players,182,1.0,,
645,players,17,1.0,9.757704734802246,40.033939361572266
645,players,132,0.0,8.95409107208252,23.390851974487305
645,players,18,0.0,,
645,players,15,0.0,,
645,players,7,0.0,10.509507179260254,35.0188102722168
645,players,206,0.0,,
646,players,10,0.0,16.61872673034668,42.9147834777832
646,players,154,1.0,5.8679351806640625,23.95815658569336
646,players,131,1.0,17.991010665893555,42.50810241699219
646,players,4,1.0,14.21751594543457,51.475669860839844
646,players,14,1.0,2.159794807434082,51.667236328125
646,players,21,0.0,16.292612075805664,55.691715240478516
646,players,141,1.0,1.7424131631851196,35.81336212158203
646,players,3,0.0,17.271547317504883,47.8616828918457
646,players,288,1.0,,
646,players,17,1.0,9.738905906677246,40.246585845947266
646,players,206,0.0,,
646,players,8,0.0,3.1533586978912354,52.26230239868164
646,players,1,1.0,13.169503211975098,45.265045166015625
646,players,18,0.0,,
646,players,5,1.0,5.479305744171143,43.91577911376953
646,players,15,0.0,23.257902145385742,31.15401268005371
646,players,9,0.0,7.506314754486084,44.77798080444336
646,players,7,0.0,10.460455894470215,34.922420501708984
646,players,132,0.0,8.804240226745605,23.36056137084961
646,players,182,1.0,,
647,players,4,1.0,14.103468894958496,51.58827209472656
647,players,131,1.0,18.002199172973633,42.42985916137695
647,players,14,1.0,2.1396689414978027,51.87937545776367
647,players,10,0.0,16.64191436767578,42.81861877441406
647,players,154,1.0,5.784152030944824,24.02750015258789
647,players,21,0.0,16.192115783691406,55.76546859741211
647,players,5,1.0,5.6538238525390625,43.92765426635742
647,players,3,0.0,17.294281005859375,47.87800979614258
647,players,9,0.0,7.634911060333252,44.70761489868164
647,players,141,1.0,1.7792491912841797,35.6903076171875
647,players,288,1.0,,
647,players,18,0.0,,
647,players,17,1.0,9.734366416931152,40.31013107299805
647,players,206,0.0,,
647,players,1,1.0,13.173880577087402,45.420589447021484
647,players,8,0.0,3.1160144805908203,52.105377197265625
647,players,15,0.0,23.324907302856445,30.555959701538086
647,players,132,0.0,8.730457305908203,23.31043243408203
647,players,182,1.0,,
647,players,7,0.0,10.397256851196289,34.860225677490234
648,players,5,1.0,5.7873735427856445,43.89473342895508
648,players,18,0.0,,
648,players,4,1.0,14.027031898498535,51.6494026184082
648,players,14,1.0,2.1675169467926025,52.030418395996094
648,players,3,0.0,17.329423904418945,47.875247955322266
648,players,10,0.0,16.651987075805664,42.74163818359375
648,players,288,1.0,,
648,players,131,1.0,17.943880081176758,42.59747314453125
648,players,17,1.0,9.731287956237793,40.486785888671875
648,players,9,0.0,7.7432050704956055,44.76811599731445
648,players,141,1.0,1.7850357294082642,35.723655700683594
648,players,154,1.0,5.725285053253174,23.85320472717285
648,players,21,0.0,16.072673797607422,55.95498275756836
648,players,206,0.0,,
648,players,15,0.0,23.219024658203125,30.86325454711914
648,players,1,1.0,13.284521102905273,45.40524673461914
648,players,8,0.0,2.9638304710388184,51.447044372558594
648,players,132,0.0,8.702998161315918,23.034343719482422
648,players,182,1.0,,
648,players,7,0.0,10.378138542175293,35.0619010925293
649,players,18,0.0,,
649,players,288,1.0,,
649,players,10,0.0,16.70092010498047,42.78230667114258
649,players,5,1.0,5.94382905960083,44.02425765991211
649,players,14,1.0,2.1823489665985107,51.9255485534668
649,players,17,1.0,9.765857696533203,40.409664154052734
649,players,9,0.0,7.835351943969727,44.858524322509766
649,players,3,0.0,17.35708999633789,47.87360382080078
649,players,141,1.0,1.814160704612732,35.5903434753418
649,players,154,1.0,5.683424472808838,23.913414001464844
649,players,4,1.0,13.88949966430664,51.59389877319336
649,players,131,1.0,17.926565170288086,42.593299865722656
649,players,15,0.0,23.211000442504883,30.742395401000977
649,players,206,0.0,,
649,players,21,0.0,16.022708892822266,56.0674934387207
649,players,8,0.0,2.9065096378326416,51.44035339355469
649,players,1,1.0,13.405000686645508,45.25767135620117
649,players,182,1.0,,
649,players,132,0.0,8.7181396484375,22.927074432373047
649,players,7,0.0,10.390607833862305,34.92598342895508
649,players,262,,,
649,players,297,1.0,,
649,players,133,1.0,15.58577823638916,34.21845626831055
650,players,9,0.0,7.902885913848877,45.008209228515625
650,players,17,1.0,9.75967025756836,40.57857131958008
650,players,288,1.0,,
650,players,18,0.0,,
650,players,5,1.0,6.050420761108398,44.231876373291016
650,players,10,0.0,16.725177764892578,42.796775817871094
650,players,182,1.0,,
650,players,154,1.0,5.665458679199219,23.92435073852539
650,players,131,1.0,17.91068458557129,42.5775032043457
650,players,141,1.0,1.8326793909072876,35.57373809814453
650,players,21,0.0,15.959396362304688,55.98649978637695
650,players,4,1.0,13.754803657531738,51.54758071899414
650,players,15,0.0,23.111604690551758,30.76445198059082
650,players,3,0.0,17.35301399230957,47.91070556640625
650,players,206,0.0,,
650,players,1,1.0,13.433506965637207,45.42924118041992
650,players,132,0.0,8.663542747497559,23.126846313476562
650,players,14,1.0,2.18149471282959,51.743160247802734
650,players,8,0.0,2.822089672088623,51.56246566772461
650,players,7,0.0,10.377533912658691,34.946414947509766
650,players,262,1.0,,
650,players,297,,,
651,players,17,1.0,9.802629470825195,40.5053596496582
651,players,21,0.0,15.847086906433105,55.943668365478516
651,players,5,1.0,6.130727291107178,44.35856628417969
651,players,131,1.0,17.935043334960938,42.51597595214844
651,players,9,0.0,7.974277019500732,44.92145919799805
651,players,10,0.0,16.76605987548828,42.64052963256836
651,players,182,1.0,,
651,players,154,1.0,5.641679763793945,23.825542449951172
651,players,1,1.0,13.494884490966797,45.66164016723633
651,players,288,1.0,,
651,players,141,1.0,1.8757688999176025,35.76582717895508
651,players,18,0.0,,
651,players,4,1.0,13.673992156982422,51.68628692626953
651,players,132,0.0,8.595427513122559,23.11151123046875
651,players,15,0.0,23.146574020385742,30.503578186035156
651,players,206,0.0,,
651,players,3,0.0,17.37952995300293,47.9544792175293
651,players,14,1.0,2.1270735263824463,51.69483184814453
651,players,8,0.0,2.7060186862945557,52.13224792480469
651,players,7,0.0,10.376669883728027,34.9541130065918
652,players,131,1.0,17.938140869140625,42.530181884765625
652,players,17,1.0,9.81810474395752,40.46405029296875
652,players,288,1.0,,
652,players,10,0.0,16.74751853942871,42.68937301635742
652,players,5,1.0,6.205892562866211,44.5945930480957
652,players,154,1.0,5.637077808380127,23.72812843322754
652,players,1,1.0,13.505816459655762,46.00010681152344
652,players,21,0.0,15.751922607421875,55.918922424316406
652,players,15,0.0,23.122421264648438,30.5249080657959
652,players,141,1.0,1.9284762144088745,36.09811782836914
652,players,182,1.0,,
652,players,4,1.0,13.661325454711914,51.568180084228516
652,players,3,0.0,17.416183471679688,47.85842514038086
652,players,132,0.0,8.523818016052246,22.953622817993164
652,players,14,1.0,2.0918147563934326,51.679317474365234
652,players,9,0.0,8.059099197387695,44.91511535644531
652,players,8,0.0,2.6468257904052734,52.55918502807617
652,players,206,0.0,,
652,players,18,0.0,,
652,players,7,0.0,10.389619827270508,34.955230712890625
652,players,262,1.0,,
653,players,5,1.0,6.320522785186768,44.70335006713867
653,players,15,0.0,23.097238540649414,30.550203323364258
653,players,154,1.0,5.618880271911621,23.93331527709961
653,players,10,0.0,16.803743362426758,42.54539489746094
653,players,17,1.0,9.834114074707031,40.47719192504883
653,players,9,0.0,8.126096725463867,45.024139404296875
653,players,141,1.0,1.9526162147521973,35.922332763671875
653,players,131,1.0,17.904067993164062,42.63807678222656
653,players,288,1.0,,
653,players,4,1.0,13.696556091308594,51.597381591796875
653,players,21,0.0,15.743207931518555,55.874595642089844
653,players,3,0.0,17.487768173217773,47.76596450805664
653,players,182,1.0,,
653,players,14,1.0,2.0971968173980713,51.66337585449219
653,players,1,1.0,13.58152961730957,46.14238357543945
653,players,206,0.0,,
653,players,8,0.0,2.6519343852996826,52.56437301635742
653,players,132,0.0,8.512171745300293,22.96133041381836
653,players,7,0.0,10.355565071105957,35.28056335449219
653,players,262,1.0,,
653,players,18,0.0,,
654,players,5,1.0,6.389856815338135,44.71687316894531
654,players,154,1.0,5.5684494972229,24.0466251373291
654,players,15,0.0,23.07892417907715,30.55239486694336
654,players,10,0.0,16.80269432067871,42.55276107788086
654,players,21,0.0,15.712246894836426,55.85755157470703
654,players,141,1.0,1.9675805568695068,35.7464714050293
654,players,9,0.0,8.214811325073242,44.910186767578125
654,players,131,1.0,17.89356231689453,42.55652618408203
654,players,17,1.0,9.829116821289062,40.495155334472656
654,players,3,0.0,17.501317977905273,47.86640548706055
654,players,4,1.0,13.643506050109863,51.812339782714844
654,players,182,1.0,,
654,players,1,1.0,13.753969192504883,46.20901870727539
654,players,288,1.0,,
654,players,132,0.0,8.439825057983398,23.24709129333496
654,players,7,0.0,10.367134094238281,35.204734802246094
654,players,8,0.0,2.6123461723327637,52.51976013183594
654,players,206,0.0,,
654,players,14,1.0,2.090909242630005,51.72311019897461
654,players,18,0.0,,
654,players,133,1.0,15.528274536132812,34.40627670288086
654,players,262,1.0,,
655,players,21,0.0,15.68802547454834,55.804588317871094
655,players,154,1.0,5.528392314910889,24.183786392211914
655,players,10,0.0,16.816797256469727,42.43307876586914
655,players,1,1.0,13.849326133728027,46.25380325317383
655,players,131,1.0,17.85961151123047,42.7119140625
655,players,141,1.0,2.0100507736206055,35.50687026977539
655,players,9,0.0,8.298205375671387,44.90327453613281
655,players,5,1.0,6.4531097412109375,44.779296875
655,players,182,1.0,,
655,players,4,1.0,13.574743270874023,51.975486755371094
655,players,15,0.0,23.028322219848633,30.67469596862793
655,players,3,1.0,17.424232482910156,47.66615295410156
655,players,132,0.0,8.384686470031738,23.179121017456055
655,players,17,1.0,9.82942008972168,40.505855560302734
655,players,288,1.0,,
655,players,206,0.0,,
655,players,7,0.0,10.396893501281738,35.17284393310547
655,players,14,1.0,2.0413284301757812,51.64244842529297
655,players,133,1.0,15.519691467285156,34.4283561706543
655,players,8,0.0,2.5338852405548096,52.41488265991211
655,players,262,1.0,,
655,players,18,0.0,,
656,players,21,0.0,15.60568904876709,55.88028335571289
656,players,206,0.0,,
656,players,5,1.0,6.520223617553711,44.70749282836914
656,players,131,1.0,17.834941864013672,42.67666244506836
656,players,154,1.0,5.492245674133301,24.08066177368164
656,players,1,1.0,13.945029258728027,46.268310546875
656,players,10,0.0,16.865585327148438,42.376060485839844
656,players,15,0.0,23.018766403198242,30.68917465209961
656,players,141,1.0,2.0271730422973633,35.5939826965332
656,players,4,1.0,13.507075309753418,51.973453521728516
656,players,182,1.0,,
656,players,3,1.0,17.482873916625977,47.641075134277344
656,players,9,0.0,8.40102767944336,44.926963806152344
656,players,288,1.0,,
656,players,132,0.0,8.339609146118164,23.042482376098633
656,players,17,1.0,9.871376991271973,40.307682037353516
656,players,14,1.0,2.044915199279785,51.66847229003906
656,players,7,0.0,10.421146392822266,35.15509033203125
656,players,8,0.0,2.360142230987549,52.553585052490234
656,players,301,0.0,2.264072895050049,52.08806610107422
656,players,262,1.0,,
657,players,288,1.0,,
657,players,206,0.0,,
657,players,21,0.0,15.515722274780273,56.085750579833984
657,players,5,1.0,6.579471588134766,44.60688781738281
657,players,4,1.0,13.42196273803711,51.922874450683594
657,players,15,0.0,22.971630096435547,30.702974319458008
657,players,3,1.0,17.570314407348633,47.512351989746094
657,players,182,1.0,,
657,players,10,0.0,16.88026237487793,42.309600830078125
657,players,131,1.0,17.856609344482422,42.6234245300293
657,players,154,1.0,5.457461357116699,23.996257781982422
657,players,141,1.0,2.0473692417144775,35.88275146484375
657,players,1,1.0,14.103401184082031,46.24346923828125
657,players,132,0.0,8.296280860900879,23.090087890625
657,players,17,1.0,9.896543502807617,40.37100601196289
657,players,14,1.0,2.03159499168396,52.50962829589844
657,players,9,0.0,8.441475868225098,44.977867126464844
657,players,7,0.0,10.402093887329102,35.20713424682617
657,players,262,1.0,,
657,players,301,0.0,2.315488815307617,52.75217056274414
658,players,288,1.0,,
658,players,206,0.0,,
658,players,182,1.0,,
658,players,5,1.0,6.642556667327881,44.77705383300781
658,players,4,1.0,13.354205131530762,51.97938537597656
658,players,15,0.0,22.983863830566406,30.56475830078125
658,players,10,0.0,16.921886444091797,42.31330490112305
658,players,131,1.0,17.855724334716797,42.72529220581055
658,players,154,1.0,5.461954116821289,23.749879837036133
658,players,1,1.0,14.21440601348877,46.12410354614258
658,players,3,1.0,17.60455322265625,47.5715217590332
658,players,141,1.0,2.0449514389038086,36.248741149902344
658,players,132,0.0,8.288313865661621,22.893468856811523
658,players,21,0.0,15.444598197937012,56.09848403930664
658,players,17,1.0,9.91170883178711,40.30979537963867
658,players,14,0.0,2.1345303058624268,52.743289947509766
658,players,7,0.0,10.385601997375488,35.10287857055664
658,players,9,0.0,8.584230422973633,44.98475646972656
658,players,262,1.0,,
659,players,4,1.0,13.298399925231934,51.95362091064453
659,players,288,1.0,,
659,players,15,0.0,22.883222579956055,30.745555877685547
659,players,21,0.0,15.354828834533691,56.26123809814453
659,players,206,0.0,,
659,players,131,1.0,17.876745223999023,42.706085205078125
659,players,10,0.0,16.925735473632812,42.356224060058594
659,players,5,1.0,6.707062721252441,44.59329605102539
659,players,154,1.0,5.434171676635742,23.607666015625
659,players,1,1.0,14.34554672241211,46.14900588989258
659,players,182,1.0,,
659,players,141,1.0,2.064105272293091,36.04445266723633
659,players,3,1.0,17.629199981689453,47.67481231689453
659,players,132,0.0,8.276074409484863,22.633102416992188
659,players,9,0.0,8.6308012008667,45.1214714050293
659,players,17,1.0,9.91267204284668,40.302188873291016
659,players,133,1.0,15.587468147277832,34.3895263671875
659,players,7,0.0,10.36341667175293,35.13716506958008
659,players,14,1.0,1.9384360313415527,52.91654968261719
659,players,301,0.0,2.3134913444519043,52.3858757019043
659,players,262,1.0,,
660,players,4,1.0,13.217179298400879,52.11613845825195
660,players,288,1.0,,
660,players,206,0.0,,
660,players,21,0.0,15.281378746032715,56.37891387939453
660,players,131,1.0,17.894590377807617,42.67893981933594
660,players,15,0.0,22.81294822692871,30.76437759399414
660,players,154,1.0,5.404829502105713,23.611614227294922
660,players,5,1.0,6.7586140632629395,44.74544143676758
660,players,10,0.0,16.93962860107422,42.296852111816406
660,players,1,1.0,14.521740913391113,46.162593841552734
660,players,8,0.0,2.143618106842041,52.99384689331055
660,players,141,1.0,2.089444637298584,36.125118255615234
660,players,17,1.0,9.89356803894043,40.29081344604492
660,players,9,0.0,8.701462745666504,45.2786865234375
660,players,132,1.0,8.248109817504883,22.423847198486328
660,players,133,1.0,15.58206558227539,34.37248229980469
660,players,182,1.0,,
660,players,7,0.0,10.357419967651367,35.045265197753906
660,players,3,0.0,17.65171241760254,47.84738540649414
660,players,262,,,
661,players,4,1.0,13.115250587463379,52.192562103271484
661,players,5,1.0,6.827211856842041,44.94533920288086
661,players,288,1.0,,
661,players,131,1.0,17.872949600219727,42.64333724975586
661,players,21,0.0,15.197164535522461,56.4156608581543
661,players,1,1.0,14.667291641235352,46.52244186401367
661,players,10,0.0,16.942584991455078,42.2568473815918
661,players,17,1.0,9.900505065917969,40.18519973754883
661,players,154,1.0,5.35311222076416,23.446712493896484
661,players,206,0.0,,
661,players,141,1.0,2.106989860534668,35.91086959838867
661,players,8,0.0,2.1537370681762695,52.95686721801758
661,players,9,0.0,8.78467845916748,45.214874267578125
661,players,132,0.0,8.143275260925293,22.540250778198242
661,players,182,1.0,,
661,players,15,0.0,22.842103958129883,30.569923400878906
661,players,133,1.0,15.576725006103516,34.23793411254883
661,players,3,0.0,17.68710708618164,47.901206970214844
661,players,7,0.0,10.366333961486816,34.918609619140625
661,players,262,,,
661,players,18,0.0,,
662,players,5,1.0,6.880465507507324,44.9274787902832
662,players,4,1.0,13.053376197814941,52.29044723510742
662,players,21,0.0,15.124801635742188,56.505699157714844
662,players,288,1.0,,
662,players,131,1.0,17.83152961730957,42.60348129272461
662,players,10,0.0,16.910423278808594,42.233680725097656
662,players,154,1.0,5.3069329261779785,23.39763641357422
662,players,1,1.0,14.784768104553223,46.563114166259766
662,players,8,0.0,2.153716802597046,52.906410217285156
662,players,17,1.0,9.925172805786133,40.167381286621094
662,players,9,0.0,8.838624954223633,45.42949295043945
662,players,141,1.0,2.134516477584839,36.03316116333008
662,players,182,1.0,,
662,players,206,0.0,,
662,players,15,0.0,22.853797912597656,30.487497329711914
662,players,3,0.0,17.685577392578125,48.05244064331055
662,players,18,0.0,,
662,players,262,,,
662,players,7,0.0,10.406551361083984,34.539588928222656
662,players,132,0.0,8.119248390197754,22.392663955688477
663,players,5,1.0,6.962658882141113,45.07802963256836
663,players,131,1.0,17.78373146057129,42.76259231567383
663,players,154,1.0,5.256487846374512,23.776166915893555
663,players,21,0.0,15.027912139892578,56.59279251098633
663,players,1,1.0,14.859642028808594,46.88985824584961
663,players,10,0.0,16.864315032958984,42.22216796875
663,players,4,1.0,12.9716796875,52.410221099853516
663,players,182,1.0,,
663,players,17,1.0,9.953500747680664,40.191158294677734
663,players,9,0.0,8.910810470581055,45.33805465698242
663,players,141,1.0,2.165088415145874,35.94196701049805
663,players,288,1.0,,
663,players,8,0.0,2.0755326747894287,52.91974639892578
663,players,15,0.0,22.83863639831543,30.496295928955078
663,players,18,1.0,,
663,players,206,0.0,,
663,players,3,0.0,17.66081428527832,48.169673919677734
663,players,133,1.0,15.4666109085083,34.30290603637695
663,players,7,0.0,10.392892837524414,34.640785217285156
663,players,301,1.0,2.3759007453918457,51.90970230102539
663,players,262,,,
663,players,132,0.0,7.998067855834961,22.655237197875977
664,players,21,0.0,15.006034851074219,56.67679977416992
664,players,5,1.0,7.020709991455078,45.02603530883789
664,players,154,1.0,5.147264003753662,23.652950286865234
664,players,131,1.0,17.744823455810547,42.72382354736328
664,players,206,0.0,,
664,players,1,1.0,14.953739166259766,46.96507263183594
664,players,10,0.0,16.824073791503906,42.221622467041016
664,players,288,1.0,,
664,players,4,1.0,12.88037109375,52.38015365600586
664,players,3,0.0,17.655277252197266,48.35707473754883
664,players,182,1.0,,
664,players,18,0.0,,
664,players,15,0.0,22.839645385742188,30.403671264648438
664,players,8,0.0,2.099947690963745,52.864288330078125
664,players,9,0.0,8.950963973999023,45.314414978027344
664,players,141,1.0,2.1834969520568848,35.990516662597656
664,players,17,1.0,9.97370433807373,40.18777847290039
664,players,132,0.0,7.9428205490112305,22.647245407104492
664,players,7,0.0,10.343244552612305,35.01903533935547
664,players,301,1.0,2.4618661403656006,51.466552734375
664,players,262,,,
664,players,133,1.0,15.469335556030273,34.27184295654297
665,players,5,1.0,7.06049919128418,45.15201950073242
665,players,206,0.0,,
665,players,182,1.0,,
665,players,288,1.0,,
665,players,1,1.0,15.061012268066406,46.954376220703125
665,players,18,0.0,,
665,players,3,0.0,17.63424301147461,48.37296676635742
665,players,10,0.0,16.808414459228516,42.14695739746094
665,players,21,0.0,14.934016227722168,56.653709411621094
665,players,154,1.0,5.092589378356934,23.61188316345215
665,players,132,0.0,7.861277103424072,22.57864761352539
665,players,131,1.0,17.727787017822266,42.61211395263672
665,players,15,0.0,22.823083877563477,30.2877254486084
665,players,4,1.0,12.777453422546387,52.52638626098633
665,players,141,1.0,2.1913864612579346,36.0452766418457
665,players,7,0.0,10.326998710632324,35.12555694580078
665,players,9,0.0,8.96769905090332,45.28248596191406
665,players,8,0.0,2.139740467071533,52.81748962402344
665,players,17,1.0,9.984910011291504,40.115901947021484
665,players,301,1.0,2.5079638957977295,52.27755355834961
665,players,262,,,
666,players,288,1.0,,
666,players,206,0.0,,
666,players,5,1.0,7.097746849060059,45.260276794433594
666,players,182,1.0,,
666,players,18,0.0,,
666,players,3,0.0,17.654237747192383,48.51206588745117
666,players,10,0.0,16.784318923950195,42.185028076171875
666,players,154,1.0,5.050118446350098,23.52561378479004
666,players,15,0.0,22.782146453857422,30.393892288208008
666,players,1,1.0,15.160802841186523,47.0509147644043
666,players,132,0.0,7.815557956695557,22.3258056640625
666,players,4,1.0,12.724841117858887,52.52016067504883
666,players,7,0.0,10.315994262695312,35.287601470947266
666,players,8,0.0,2.23545241355896,52.70159149169922
666,players,21,0.0,14.886990547180176,56.623008728027344
666,players,141,1.0,2.213289260864258,36.062068939208984
666,players,131,1.0,17.67295265197754,42.822994232177734
666,players,17,1.0,10.0028076171875,40.24412155151367
666,players,262,,,
666,players,301,1.0,2.506103754043579,52.25677490234375
666,players,133,1.0,15.426506996154785,34.38808059692383
666,players,9,0.0,9.041546821594238,45.350440979003906
667,players,206,0.0,,
667,players,288,1.0,,
667,players,18,0.0,,
667,players,5,1.0,7.149775505065918,45.39869689941406
667,players,182,1.0,,
667,players,154,1.0,4.999273777008057,23.56043815612793
667,players,3,0.0,17.703292846679688,48.56657028198242
667,players,4,1.0,12.653660774230957,52.525970458984375
667,players,141,1.0,2.2414281368255615,35.948455810546875
667,players,10,0.0,16.75851058959961,42.158355712890625
667,players,15,0.0,22.69826316833496,30.490161895751953
667,players,17,1.0,10.035706520080566,40.216529846191406
667,players,1,1.0,15.241570472717285,47.02992248535156
667,players,7,0.0,10.332886695861816,35.21342468261719
667,players,132,0.0,7.783156394958496,22.341102600097656
667,players,8,0.0,2.1910340785980225,52.72636413574219
667,players,21,0.0,14.849549293518066,56.602848052978516
667,players,131,1.0,17.723325729370117,42.54246520996094
667,players,301,1.0,2.5344154834747314,52.27651596069336
667,players,262,,,
667,players,304,0.0,2.3188467025756836,52.60198974609375
668,players,206,0.0,,
668,players,18,0.0,,
668,players,21,0.0,14.812057495117188,56.56690216064453
668,players,1,1.0,15.340962409973145,47.08290481567383
668,players,5,1.0,7.209809303283691,45.37432861328125
668,players,141,1.0,2.2848753929138184,35.9063835144043
668,players,288,1.0,,
668,players,4,1.0,12.546066284179688,52.651268005371094
668,players,154,1.0,4.970921993255615,23.28998374938965
668,players,3,0.0,17.720983505249023,48.60886001586914
668,players,17,1.0,10.073138236999512,40.25470733642578
668,players,7,0.0,10.34627914428711,35.15797424316406
668,players,182,1.0,,
668,players,132,0.0,7.741954326629639,22.41733741760254
668,players,10,0.0,16.74974822998047,42.13179016113281
668,players,15,0.0,22.687870025634766,30.398906707763672
668,players,9,0.0,9.125938415527344,45.30577087402344
668,players,8,0.0,2.222978115081787,52.71854019165039
668,players,262,,,
668,players,301,1.0,2.5466325283050537,52.17509078979492
668,players,131,1.0,17.695026397705078,42.65118408203125
668,players,305,1.0,,
669,players,206,0.0,,
669,players,18,0.0,,
669,players,21,0.0,14.760811805725098,56.63047409057617
669,players,1,1.0,15.443842887878418,47.081565856933594
669,players,5,1.0,7.2673115730285645,45.44298553466797
669,players,141,1.0,2.3226141929626465,35.81918716430664
669,players,3,0.0,17.733627319335938,48.70796203613281
669,players,288,1.0,,
669,players,9,0.0,9.220420837402344,45.33389663696289
669,players,154,1.0,5.007120132446289,23.152935028076172
669,players,4,1.0,12.491524696350098,52.702392578125
669,players,182,1.0,,
669,players,10,0.0,16.75745964050293,42.02175521850586
669,players,132,0.0,7.730871677398682,22.487394332885742
669,players,15,0.0,22.660593032836914,30.48645782470703
669,players,17,1.0,10.100555419921875,40.256351470947266
669,players,8,0.0,2.266873598098755,52.74636459350586
669,players,131,1.0,17.66617774963379,42.695621490478516
669,players,7,0.0,10.376535415649414,35.13710403442383
669,players,301,1.0,2.6148898601531982,51.99891662597656
669,players,305,,,
670,players,5,1.0,7.318751335144043,45.44927978515625
670,players,206,0.0,,
670,players,18,0.0,,
670,players,21,0.0,14.725253105163574,56.66719055175781
670,players,288,1.0,,
670,players,1,1.0,15.561907768249512,47.251346588134766
670,players,141,1.0,2.3689498901367188,35.93353271484375
670,players,154,1.0,5.008986949920654,23.184812545776367
670,players,3,0.0,17.772228240966797,48.72920608520508
670,players,4,1.0,12.440743446350098,52.650840759277344
670,players,182,1.0,,
670,players,10,0.0,16.781322479248047,41.976226806640625
670,players,17,1.0,10.133177757263184,40.233421325683594
670,players,9,0.0,9.32209587097168,45.41090774536133
670,players,8,0.0,2.2947301864624023,52.735107421875
670,players,15,0.0,22.699228286743164,30.35393524169922
670,players,132,0.0,7.718538284301758,22.48126220703125
670,players,131,1.0,17.618196487426758,42.83722686767578
670,players,301,1.0,2.651770830154419,52.60457992553711
670,players,7,0.0,10.464191436767578,35.0665283203125
670,players,305,,,
670,players,262,1.0,,
671,players,3,0.0,17.813434600830078,48.801422119140625
671,players,5,1.0,7.370849132537842,45.46910858154297
671,players,4,1.0,12.39691162109375,52.56745910644531
671,players,21,0.0,14.69833755493164,56.768531799316406
671,players,18,0.0,,
671,players,288,1.0,,
671,players,154,1.0,5.011474609375,23.135473251342773
671,players,141,1.0,2.4243104457855225,36.04359817504883
671,players,17,1.0,10.165417671203613,40.29032897949219
671,players,1,1.0,15.627886772155762,47.69080352783203
671,players,206,0.0,,
671,players,10,0.0,16.827970504760742,41.786380767822266
671,players,182,1.0,,
671,players,9,0.0,9.38199520111084,45.411407470703125
671,players,15,0.0,22.71122169494629,30.347164154052734
671,players,8,0.0,2.3134357929229736,52.83884048461914
671,players,132,1.0,7.7008161544799805,22.546794891357422
671,players,131,1.0,17.620763778686523,42.69597625732422
671,players,301,1.0,2.685948371887207,52.65131759643555
671,players,7,0.0,10.462333679199219,35.04124069213867
671,players,262,1.0,,
672,players,3,0.0,17.833637237548828,48.92414474487305
672,players,4,1.0,12.313709259033203,52.70580291748047
672,players,21,0.0,14.607293128967285,57.030296325683594
672,players,154,1.0,4.948923587799072,23.425952911376953
672,players,1,1.0,15.673062324523926,47.99829864501953
672,players,18,0.0,,
672,players,182,1.0,,
672,players,10,0.0,16.80796241760254,41.675437927246094
672,players,141,1.0,2.472038745880127,36.0300407409668
672,players,206,0.0,,
672,players,17,1.0,10.174375534057617,40.37235641479492
672,players,131,1.0,17.616565704345703,42.79533767700195
672,players,9,0.0,9.436461448669434,45.537357330322266
672,players,5,1.0,7.4050397872924805,45.712135314941406
672,players,15,0.0,22.7222843170166,30.416921615600586
672,players,132,0.0,7.669891834259033,22.422304153442383
672,players,288,1.0,,
672,players,8,0.0,2.4094507694244385,52.90641403198242
672,players,301,1.0,2.7283365726470947,52.84201431274414
672,players,7,0.0,10.516103744506836,34.86929702758789
672,players,262,1.0,,
673,players,3,0.0,17.823537826538086,48.99468231201172
673,players,154,1.0,4.942286491394043,23.327516555786133
673,players,1,1.0,15.808599472045898,47.93062973022461
673,players,5,1.0,7.473728656768799,45.622215270996094
673,players,21,0.0,14.576237678527832,57.10418701171875
673,players,15,0.0,22.70180892944336,30.514339447021484
673,players,18,0.0,,
673,players,4,1.0,12.266318321228027,52.743247985839844
673,players,131,1.0,17.656169891357422,42.827674865722656
673,players,10,0.0,16.77817153930664,41.91019821166992
673,players,17,1.0,10.210039138793945,40.35795593261719
673,players,182,1.0,,
673,players,141,1.0,2.5184147357940674,35.926780700683594
673,players,132,0.0,7.592641830444336,22.505958557128906
673,players,288,1.0,,
673,players,301,1.0,2.8055479526519775,53.07696533203125
673,players,8,0.0,2.4763009548187256,52.98297119140625
673,players,206,0.0,,
673,players,9,0.0,9.484428405761719,45.712684631347656
673,players,304,0.0,2.5935800075531006,52.922607421875
673,players,7,0.0,10.568289756774902,34.79322052001953
673,players,262,,,
674,players,1,1.0,15.932806968688965,47.86663818359375
674,players,154,1.0,4.9149250984191895,23.322269439697266
674,players,5,1.0,7.519057273864746,45.78022766113281
674,players,131,1.0,17.6911563873291,42.79402542114258
674,players,15,0.0,22.71653175354004,30.445728302001953
674,players,21,0.0,14.537843704223633,57.209415435791016
674,players,18,0.0,,
674,players,3,0.0,17.74071502685547,49.153724670410156
674,players,141,1.0,2.552298069000244,35.8094596862793
674,players,182,1.0,,
674,players,17,1.0,10.21176815032959,40.31809997558594
674,players,10,0.0,16.729856491088867,42.12499237060547
674,players,4,1.0,12.20602798461914,52.89857482910156
674,players,304,0.0,2.5590546131134033,53.04117202758789
674,players,132,0.0,7.532024383544922,22.532541275024414
674,players,288,1.0,,
674,players,9,0.0,9.55047607421875,45.66096878051758
674,players,206,0.0,,
674,players,7,0.0,10.542424201965332,35.1856803894043
674,players,262,,,
675,players,5,1.0,7.559998035430908,45.79305648803711
675,players,154,1.0,4.9243621826171875,23.277639389038086
675,players,131,1.0,17.706968307495117,42.79829025268555
675,players,18,0.0,,
675,players,182,1.0,,
675,players,21,0.0,14.464201927185059,57.34297561645508
675,players,3,0.0,17.715757369995117,49.205894470214844
675,players,10,0.0,16.763952255249023,42.112918853759766
675,players,141,1.0,2.6080615520477295,36.04203796386719
675,players,288,1.0,,
675,players,9,0.0,9.594698905944824,45.995704650878906
675,players,4,1.0,12.172800064086914,52.98500442504883
675,players,17,1.0,10.250021934509277,40.300968170166016
675,players,132,0.0,7.558914661407471,22.520771026611328
675,players,304,0.0,2.6746411323547363,53.2033805847168
675,players,206,0.0,,
675,players,1,1.0,16.056482315063477,47.89250564575195
675,players,15,0.0,22.778799057006836,30.411821365356445
675,players,7,0.0,10.562236785888672,35.36198043823242
675,players,262,,,
675,players,133,1.0,15.492371559143066,34.42909240722656
676,players,288,1.0,,
676,players,154,1.0,4.924909591674805,23.221845626831055
676,players,5,1.0,7.625340461730957,45.78321075439453
676,players,131,1.0,17.755775451660156,42.65190887451172
676,players,18,0.0,,
676,players,21,0.0,14.433426856994629,57.38511657714844
676,players,1,1.0,16.151912689208984,48.22780227661133
676,players,182,1.0,,
676,players,206,0.0,,
676,players,9,0.0,9.665138244628906,45.97639465332031
676,players,4,1.0,12.065564155578613,52.999725341796875
676,players,304,0.0,2.761305332183838,53.34545135498047
676,players,10,0.0,16.821882247924805,41.992958068847656
676,players,141,1.0,2.639133930206299,36.053955078125
676,players,3,0.0,17.825029373168945,49.04237747192383
676,players,17,1.0,10.292830467224121,40.09224319458008
676,players,7,0.0,10.590832710266113,35.294525146484375
676,players,132,0.0,7.597853660583496,22.13833236694336
676,players,15,0.0,22.790178298950195,30.297958374023438
676,players,262,,,
677,players,288,1.0,,
677,players,206,0.0,,
677,players,18,0.0,,
677,players,5,1.0,7.699202537536621,45.910560607910156
677,players,131,1.0,17.7595157623291,42.68391799926758
677,players,154,1.0,4.939085006713867,23.1412296295166
677,players,10,0.0,16.831623077392578,41.95356369018555
677,players,7,0.0,10.661571502685547,35.43813705444336
677,players,4,1.0,11.902031898498535,53.312278747558594
677,players,21,0.0,14.464497566223145,57.310306549072266
677,players,182,1.0,,
677,players,9,0.0,9.765254974365234,45.998619079589844
677,players,1,1.0,16.22220230102539,48.59440994262695
677,players,3,0.0,17.83643341064453,49.110069274902344
677,players,132,0.0,7.615257740020752,22.044719696044922
677,players,17,1.0,10.293540000915527,40.18809509277344
677,players,15,0.0,22.799348831176758,30.27996253967285
677,players,304,0.0,2.8155434131622314,53.00233840942383
677,players,301,0.0,3.0183708667755127,53.29253387451172
677,players,141,1.0,2.710716485977173,36.3791389465332
677,players,262,,,
678,players,288,1.0,,
678,players,206,0.0,,
678,players,18,0.0,,
678,players,5,1.0,7.741230487823486,46.09754943847656
678,players,10,0.0,16.859413146972656,41.90248489379883
678,players,131,1.0,17.707855224609375,42.79228973388672
678,players,7,0.0,10.68990707397461,35.25357437133789
678,players,4,1.0,11.874994277954102,53.285160064697266
678,players,9,0.0,9.771925926208496,46.39479064941406
678,players,154,1.0,4.952500820159912,23.055631637573242
678,players,182,1.0,,
678,players,21,0.0,14.459120750427246,57.39763259887695
678,players,1,1.0,16.23638153076172,48.99652862548828
678,players,15,0.0,22.843475341796875,30.081989288330078
678,players,3,0.0,17.92708969116211,49.08707046508789
678,players,304,0.0,3.009401798248291,53.333744049072266
678,players,132,1.0,7.622015953063965,21.897193908691406
678,players,17,1.0,10.318076133728027,40.37010192871094
678,players,141,1.0,2.813181161880493,36.47743606567383
678,players,262,1.0,,
679,players,5,1.0,7.822625637054443,46.09229278564453
679,players,18,0.0,,
679,players,4,1.0,11.856250762939453,53.39653396606445
679,players,206,0.0,,
679,players,10,0.0,16.87505531311035,41.89378356933594
679,players,21,0.0,14.46133041381836,57.46470260620117
679,players,288,1.0,,
679,players,131,1.0,17.724315643310547,42.759239196777344
679,players,154,1.0,4.968643665313721,23.116779327392578
679,players,9,0.0,9.84896183013916,46.51200485229492
679,players,7,0.0,10.73522663116455,35.25748062133789
679,players,15,0.0,22.90164566040039,29.915943145751953
679,players,141,1.0,2.8687682151794434,36.37053680419922
679,players,17,1.0,10.34400463104248,40.40642166137695
679,players,182,1.0,,
679,players,3,0.0,17.984895706176758,49.13926696777344
679,players,132,0.0,7.601507186889648,21.873777389526367
679,players,1,1.0,16.313621520996094,49.02456283569336
679,players,304,0.0,3.1012537479400635,53.24752426147461
679,players,262,1.0,,
680,players,5,1.0,7.858380317687988,46.346832275390625
680,players,18,0.0,,
680,players,21,0.0,14.501381874084473,57.49178695678711
680,players,4,1.0,11.888298034667969,53.36290740966797
680,players,154,1.0,4.9799041748046875,23.420255661010742
680,players,206,0.0,,
680,players,288,1.0,,
680,players,131,1.0,17.730113983154297,42.75567626953125
680,players,10,0.0,16.870189666748047,41.86139678955078
680,players,7,0.0,10.791257858276367,35.18061065673828
680,players,15,0.0,22.88735008239746,30.02768898010254
680,players,141,1.0,2.9059998989105225,36.26711654663086
680,players,17,1.0,10.385102272033691,40.42965316772461
680,players,9,0.0,9.896305084228516,46.667198181152344
680,players,1,1.0,16.441913604736328,48.844573974609375
680,players,3,0.0,18.040090560913086,49.132354736328125
680,players,182,1.0,,
680,players,304,0.0,3.251594066619873,53.226497650146484
680,players,132,0.0,7.591114044189453,21.87598419189453
680,players,301,1.0,3.0409367084503174,53.00642776489258
680,players,262,1.0,,
681,players,154,1.0,4.9444780349731445,23.455890655517578
681,players,4,1.0,11.898330688476562,53.39020538330078
681,players,21,0.0,14.491022109985352,57.6131591796875
681,players,10,0.0,16.8299503326416,41.79527282714844
681,players,288,1.0,,
681,players,17,1.0,10.412692070007324,40.51937484741211
681,players,131,1.0,17.70340347290039,42.94325637817383
681,players,141,1.0,2.9360299110412598,36.218379974365234
681,players,9,0.0,9.989617347717285,46.95516586303711
681,players,1,1.0,16.427810668945312,49.26543426513672
681,players,7,0.0,10.806635856628418,35.335086822509766
681,players,3,0.0,18.084125518798828,49.20397186279297
681,players,206,0.0,,
681,players,301,1.0,3.0516910552978516,52.72286605834961
681,players,18,0.0,,
681,players,15,0.0,22.806289672851562,30.472000122070312
681,players,304,0.0,3.3846609592437744,53.36797332763672
681,players,182,1.0,,
681,players,132,0.0,7.5705180168151855,21.930007934570312
681,players,5,1.0,7.863504409790039,46.435569763183594
681,players,262,1.0,,
682,players,17,1.0,10.45622730255127,40.68862533569336
682,players,154,1.0,4.932665824890137,23.410282135009766
682,players,4,1.0,11.915903091430664,53.488834381103516
682,players,21,0.0,14.50063705444336,57.698570251464844
682,players,10,0.0,16.824630737304688,41.79010009765625
682,players,5,1.0,7.9398722648620605,46.521080017089844
682,players,1,1.0,16.48044776916504,49.47389602661133
682,players,9,0.0,10.063580513000488,47.02838134765625
682,players,141,1.0,3.004070281982422,36.092323303222656
682,players,131,1.0,17.734041213989258,42.90703582763672
682,players,288,1.0,,
682,players,7,0.0,10.83797836303711,35.29902267456055
682,players,3,0.0,18.156234741210938,49.16728591918945
682,players,18,0.0,,
682,players,206,0.0,,
682,players,304,0.0,3.4967105388641357,53.53031921386719
682,players,182,1.0,,
682,players,15,0.0,22.832263946533203,30.391450881958008
682,players,301,1.0,3.0931100845336914,52.71751022338867
682,players,132,0.0,7.486741542816162,22.00436019897461
682,players,262,1.0,,
683,players,17,1.0,10.504386901855469,40.60748291015625
683,players,21,0.0,14.510380744934082,57.705650329589844
683,players,4,1.0,11.904197692871094,53.74494171142578
683,players,5,1.0,7.997982025146484,46.77055740356445
683,players,154,1.0,4.900207042694092,23.173812866210938
683,players,3,0.0,18.237064361572266,49.156795501708984
683,players,10,0.0,16.84264373779297,41.767723083496094
683,players,131,1.0,17.70467758178711,43.113765716552734
683,players,18,0.0,,
683,players,288,1.0,,
683,players,9,0.0,10.105527877807617,47.039756774902344
683,players,1,1.0,16.527748107910156,49.64485549926758
683,players,141,1.0,3.0424888134002686,36.211753845214844
683,players,206,0.0,,
683,players,7,0.0,10.875432968139648,35.538063049316406
683,players,301,1.0,3.1590020656585693,52.76805877685547
683,players,15,0.0,22.797664642333984,30.399330139160156
683,players,304,0.0,3.5978195667266846,53.487064361572266
683,players,182,1.0,,
683,players,132,0.0,7.468394756317139,21.998126983642578
683,players,262,1.0,,
683,players,133,1.0,15.510672569274902,34.69725799560547
684,players,21,0.0,14.462714195251465,57.90171813964844
684,players,3,0.0,18.324363708496094,49.12521743774414
684,players,131,1.0,17.707290649414062,43.242698669433594
684,players,154,1.0,4.873476982116699,23.156848907470703
684,players,4,1.0,11.88239574432373,53.96343231201172
684,players,18,0.0,,
684,players,10,0.0,16.85160255432129,41.82423782348633
684,players,288,1.0,,
684,players,5,1.0,8.072247505187988,46.83731460571289
684,players,17,1.0,10.570890426635742,40.56186294555664
684,players,141,1.0,3.0900187492370605,36.0935173034668
684,players,9,0.0,10.184967041015625,47.02608871459961
684,players,1,1.0,16.668140411376953,49.52232360839844
684,players,301,1.0,3.2446539402008057,52.978240966796875
684,players,206,0.0,,
684,players,15,0.0,22.85452651977539,30.35201072692871
684,players,7,0.0,10.913551330566406,35.3213996887207
684,players,182,1.0,,
684,players,304,0.0,3.7106196880340576,53.19921112060547
684,players,132,0.0,7.471107006072998,21.88617706298828
684,players,262,1.0,,
685,players,17,1.0,10.606595039367676,40.63005447387695
685,players,21,0.0,14.418582916259766,58.206260681152344
685,players,3,0.0,18.370561599731445,49.18003463745117
685,players,288,1.0,,
685,players,4,1.0,11.888788223266602,54.2536735534668
685,players,15,0.0,22.854944229125977,30.341907501220703
685,players,131,1.0,17.700685501098633,43.27825164794922
685,players,154,1.0,4.820128440856934,23.37014389038086
685,players,10,0.0,16.884761810302734,41.693397521972656
685,players,18,0.0,,
685,players,9,0.0,10.271615982055664,46.968475341796875
685,players,5,1.0,8.138484954833984,46.901939392089844
685,players,141,1.0,3.1432602405548096,36.14193344116211
685,players,206,0.0,,
685,players,301,1.0,3.2497799396514893,53.03974914550781
685,players,1,1.0,16.71672248840332,49.606998443603516
685,players,7,0.0,10.980547904968262,35.39990997314453
685,players,132,0.0,7.504904747009277,21.804702758789062
685,players,304,0.0,3.7371506690979004,53.433372497558594
685,players,182,1.0,,
686,players,15,0.0,22.875864028930664,30.38261604309082
686,players,21,0.0,14.43039608001709,58.260658264160156
686,players,206,0.0,,
686,players,17,1.0,10.629931449890137,40.639244079589844
686,players,141,1.0,3.205212354660034,36.2603874206543
686,players,131,1.0,17.684947967529297,43.34416961669922
686,players,154,1.0,4.850387096405029,23.255435943603516
686,players,10,0.0,16.908287048339844,41.611061096191406
686,players,4,1.0,11.93248462677002,54.24284744262695
686,players,18,0.0,,
686,players,288,1.0,,
686,players,5,1.0,8.154417037963867,46.96586227416992
686,players,3,0.0,18.421104431152344,49.2459716796875
686,players,9,0.0,10.346404075622559,47.18256378173828
686,players,7,0.0,11.026230812072754,35.307716369628906
686,players,301,1.0,3.3662564754486084,53.186012268066406
686,players,132,0.0,7.503273963928223,21.831157684326172
686,players,1,1.0,16.757095336914062,49.63119888305664
686,players,304,0.0,3.903447151184082,53.457481384277344
686,players,182,1.0,,
687,players,15,0.0,22.918909072875977,30.387306213378906
687,players,3,0.0,18.462873458862305,49.335628509521484
687,players,21,0.0,14.448431015014648,58.33452606201172
687,players,17,1.0,10.644837379455566,40.56771469116211
687,players,141,1.0,3.247861385345459,36.49617004394531
687,players,206,0.0,,
687,players,5,1.0,8.134708404541016,47.09278869628906
687,players,18,0.0,,
687,players,154,1.0,4.869575023651123,23.391523361206055
687,players,10,0.0,16.910268783569336,41.54671859741211
687,players,131,1.0,17.711538314819336,43.21830749511719
687,players,288,1.0,,
687,players,1,1.0,16.7371826171875,49.754730224609375
687,players,7,0.0,11.062950134277344,35.441959381103516
687,players,9,0.0,10.434386253356934,47.36933517456055
687,players,304,0.0,3.9822728633880615,53.57889938354492
687,players,132,1.0,7.533055305480957,21.712169647216797
687,players,4,1.0,11.916926383972168,54.35430145263672
687,players,301,1.0,3.4235877990722656,53.08155822753906
687,players,182,1.0,,
688,players,21,0.0,14.435893058776855,58.44359588623047
688,players,15,0.0,22.952781677246094,30.41838836669922
688,players,3,0.0,18.577037811279297,49.360904693603516
688,players,5,1.0,8.109601974487305,47.25066375732422
688,players,141,1.0,3.271925449371338,36.48553466796875
688,players,154,1.0,4.892828464508057,23.583539962768555
688,players,206,0.0,,
688,players,4,1.0,11.920154571533203,54.36771011352539
688,players,131,1.0,17.696636199951172,43.37202835083008
688,players,7,0.0,11.079171180725098,35.42185592651367
688,players,17,1.0,10.670004844665527,40.38887405395508
688,players,9,0.0,10.548579216003418,47.519630432128906
688,players,10,0.0,16.923564910888672,41.58168029785156
688,players,18,0.0,,
688,players,288,1.0,,
688,players,301,1.0,3.5247080326080322,53.09284210205078
688,players,1,1.0,16.75093650817871,49.75053787231445
688,players,132,0.0,7.487085819244385,21.800146102905273
688,players,304,0.0,4.124054908752441,53.515499114990234
688,players,182,1.0,,
689,players,21,0.0,14.436285018920898,58.569679260253906
689,players,15,0.0,23.017391204833984,30.29221534729004
689,players,154,1.0,4.893572807312012,23.674419403076172
689,players,7,0.0,11.105831146240234,35.47216033935547
689,players,3,0.0,18.665666580200195,49.33525848388672
689,players,5,1.0,8.098135948181152,47.36711120605469
689,players,131,1.0,17.72745132446289,43.31745910644531
689,players,18,0.0,,
689,players,206,0.0,,
689,players,4,1.0,11.937016487121582,54.43019104003906
689,players,301,1.0,3.575839042663574,53.03400802612305
689,players,17,1.0,10.653220176696777,40.5461311340332
689,players,288,1.0,,
689,players,10,0.0,16.876506805419922,41.70042037963867
689,players,9,0.0,10.64443588256836,47.65821075439453
689,players,1,1.0,16.76331329345703,49.87440490722656
689,players,182,1.0,,
689,players,141,1.0,3.3292336463928223,36.56031036376953
689,players,304,0.0,4.265156269073486,53.382205963134766
689,players,132,0.0,7.491044521331787,21.76459312438965
690,players,3,0.0,18.752792358398438,49.35979461669922
690,players,5,1.0,8.092280387878418,47.54875183105469
690,players,15,0.0,23.056997299194336,30.273866653442383
690,players,7,0.0,11.129010200500488,35.60197067260742
690,players,154,1.0,4.910247325897217,23.77867317199707
690,players,21,0.0,14.387834548950195,58.78664779663086
690,players,18,0.0,,
690,players,206,0.0,,
690,players,131,1.0,17.755815505981445,43.35381317138672
690,players,141,1.0,3.4258105754852295,36.532958984375
690,players,17,1.0,10.663166046142578,40.67173385620117
690,players,9,0.0,10.667012214660645,47.676612854003906
690,players,301,1.0,3.663294553756714,52.88208770751953
690,players,10,0.0,16.84294891357422,41.55084228515625
690,players,304,0.0,4.3637261390686035,53.47032165527344
690,players,4,1.0,11.943017959594727,54.563026428222656
690,players,288,1.0,,
690,players,182,1.0,,
690,players,1,1.0,16.738136291503906,50.12708282470703
690,players,132,0.0,7.441914081573486,21.77542495727539
690,players,262,1.0,,
691,players,3,0.0,18.81649398803711,49.36189651489258
691,players,7,0.0,11.18610668182373,35.41542053222656
691,players,154,1.0,4.904937744140625,23.80868911743164
691,players,5,1.0,8.077471733093262,47.71561813354492
691,players,15,0.0,23.069381713867188,30.314970016479492
691,players,18,0.0,,
691,players,131,1.0,17.77646827697754,43.38398361206055
691,players,141,1.0,3.4579663276672363,36.554561614990234
691,players,9,0.0,10.670660972595215,47.76625442504883
691,players,17,1.0,10.68612003326416,40.63893127441406
691,players,206,0.0,,
691,players,4,1.0,11.932657241821289,54.727745056152344
691,players,182,1.0,,
691,players,10,0.0,16.84214973449707,41.59642791748047
691,players,288,1.0,,
691,players,21,0.0,14.320751190185547,58.93180847167969
691,players,304,0.0,4.504668712615967,53.17845153808594
691,players,132,0.0,7.392539978027344,21.721872329711914
691,players,1,1.0,16.714012145996094,50.20150375366211
691,players,301,1.0,3.7640373706817627,52.856781005859375
691,players,262,1.0,,
691,players,277,1.0,2.7000622749328613,13.121742248535156
692,players,3,0.0,18.888011932373047,49.33095169067383
692,players,154,1.0,4.885143756866455,23.699426651000977
692,players,5,1.0,8.140727996826172,47.74247360229492
692,players,18,0.0,,
692,players,15,0.0,23.117219924926758,30.246437072753906
692,players,141,1.0,3.524770736694336,36.537620544433594
692,players,7,0.0,11.259066581726074,35.38929748535156
692,players,4,1.0,11.87130355834961,55.087318420410156
692,players,21,0.0,14.207934379577637,58.946449279785156
692,players,131,1.0,17.780046463012695,43.537837982177734
692,players,182,1.0,,
692,players,17,1.0,10.705367088317871,40.787723541259766
692,players,9,0.0,10.704614639282227,47.966678619384766
692,players,206,0.0,,
692,players,10,0.0,16.87518882751465,41.600868225097656
692,players,288,1.0,,
692,players,1,1.0,16.6612606048584,50.237396240234375
692,players,301,1.0,3.9369049072265625,52.60359191894531
692,players,132,0.0,7.4017486572265625,21.739288330078125
692,players,262,1.0,,
692,players,304,0.0,4.588318347930908,52.92317581176758
692,players,277,1.0,2.792541980743408,13.137383460998535
693,players,154,1.0,4.892706871032715,23.62371826171875
693,players,18,0.0,,
693,players,7,0.0,11.320582389831543,35.172935485839844
693,players,141,1.0,3.562869071960449,36.3939094543457
693,players,21,1.0,14.178316116333008,59.01959228515625
693,players,4,1.0,11.807826042175293,55.23677062988281
693,players,131,1.0,17.82094955444336,43.4908561706543
693,players,3,0.0,18.951480865478516,49.36477279663086
693,players,5,1.0,8.185691833496094,47.80986785888672
693,players,15,0.0,23.15294647216797,30.227163314819336
693,players,10,0.0,16.907447814941406,41.54088592529297
693,players,206,0.0,,
693,players,9,0.0,10.79638671875,48.20659255981445
693,players,17,1.0,10.70962905883789,40.89853286743164
693,players,301,1.0,4.074134349822998,52.44218826293945
693,players,1,1.0,16.667285919189453,50.29094696044922
693,players,182,1.0,,
693,players,288,1.0,,
693,players,304,0.0,4.72907018661499,52.80793380737305
693,players,132,0.0,7.422296524047852,21.69603729248047
693,players,262,1.0,,
694,players,154,1.0,4.9266791343688965,23.69293975830078
694,players,18,0.0,,
694,players,4,1.0,11.755086898803711,55.31379318237305
694,players,3,0.0,19.013904571533203,49.39121627807617
694,players,131,1.0,17.82221794128418,43.554542541503906
694,players,7,0.0,11.356634140014648,35.4329948425293
694,players,141,1.0,3.610959529876709,36.34968566894531
694,players,288,1.0,,
694,players,15,0.0,23.223371505737305,30.151365280151367
694,players,21,0.0,14.14777946472168,58.983985900878906
694,players,10,0.0,16.93260955810547,41.50691604614258
694,players,206,0.0,,
694,players,9,0.0,10.972874641418457,48.483619689941406
694,players,5,1.0,8.207953453063965,47.875247955322266
694,players,17,1.0,10.742569923400879,41.07981872558594
694,players,1,1.0,16.680988311767578,50.27999496459961
694,players,182,1.0,,
694,players,301,1.0,4.203492164611816,52.43614959716797
694,players,132,0.0,7.457036018371582,21.558700561523438
694,players,304,1.0,4.858016490936279,52.88744354248047
694,players,262,1.0,,
695,players,131,1.0,17.81643295288086,43.52102279663086
695,players,154,1.0,4.988496780395508,23.63677215576172
695,players,288,1.0,,
695,players,3,0.0,19.067398071289062,49.45205307006836
695,players,15,0.0,23.198135375976562,30.364057540893555
695,players,206,0.0,,
695,players,18,0.0,,
695,players,7,0.0,11.399590492248535,35.33826446533203
695,players,4,1.0,11.71345329284668,55.298095703125
695,players,141,1.0,3.66408371925354,36.46051025390625
695,players,5,1.0,8.227343559265137,47.89931869506836
695,players,10,0.0,16.94556999206543,41.49378204345703
695,players,21,0.0,14.16177749633789,58.95743942260742
695,players,9,0.0,11.08321762084961,48.74247741699219
695,players,17,1.0,10.794297218322754,41.04643630981445
695,players,1,1.0,16.688640594482422,50.35161209106445
695,players,182,1.0,,
695,players,301,1.0,4.355583667755127,52.39703369140625
695,players,132,0.0,7.4813995361328125,21.3927059173584
695,players,304,0.0,4.9519124031066895,52.99260711669922
695,players,262,1.0,,
696,players,131,1.0,17.788894653320312,43.550777435302734
696,players,3,0.0,19.115129470825195,49.482444763183594
696,players,206,0.0,,
696,players,15,0.0,23.21525001525879,30.455204010009766
696,players,141,1.0,3.707937002182007,36.43777847290039
696,players,288,1.0,,
696,players,4,1.0,11.698014259338379,55.25023651123047
696,players,154,1.0,5.03442907333374,23.44330596923828
696,players,7,0.0,11.432714462280273,35.440574645996094
696,players,5,1.0,8.214513778686523,48.224063873291016
696,players,10,0.0,16.922121047973633,41.57365036010742
696,players,17,1.0,10.822192192077637,41.11800003051758
696,players,21,0.0,14.183506965637207,59.017337799072266
696,players,18,0.0,,
696,players,9,0.0,11.18590259552002,48.7679557800293
696,players,1,1.0,16.70491600036621,50.34909439086914
696,players,132,0.0,7.525383949279785,21.499834060668945
696,players,301,1.0,4.464184284210205,52.39569854736328
696,players,182,1.0,,
696,players,304,0.0,5.045428276062012,52.85123825073242
696,players,262,1.0,,
697,players,15,0.0,23.26227569580078,30.48996353149414
697,players,206,0.0,,
697,players,131,1.0,17.78450584411621,43.56954574584961
697,players,141,1.0,3.76377272605896,36.56966018676758
697,players,288,1.0,,
697,players,4,1.0,11.692853927612305,55.21726989746094
697,players,3,0.0,19.175865173339844,49.51547622680664
697,players,154,1.0,5.081647872924805,23.624404907226562
697,players,21,0.0,14.208271980285645,59.0047607421875
697,players,5,1.0,8.213804244995117,48.760623931884766
697,players,7,0.0,11.501203536987305,35.44673156738281
697,players,9,0.0,11.267815589904785,48.75939178466797
697,players,17,1.0,10.892606735229492,41.100250244140625
697,players,10,0.0,16.964826583862305,41.50244903564453
697,players,1,1.0,16.72126007080078,50.354942321777344
697,players,182,1.0,,
697,players,132,0.0,7.524946212768555,21.362354278564453
697,players,301,1.0,4.605068206787109,52.24288558959961
697,players,304,0.0,5.1588897705078125,52.76591110229492
697,players,18,0.0,,
697,players,262,1.0,,
698,players,3,0.0,19.240873336791992,49.505096435546875
698,players,206,0.0,,
698,players,9,0.0,11.360773086547852,48.737831115722656
698,players,131,1.0,17.8150577545166,43.49319076538086
698,players,15,0.0,,
698,players,154,1.0,5.113619327545166,23.555620193481445
698,players,4,1.0,11.652275085449219,55.63310623168945
698,players,288,1.0,,
698,players,5,1.0,8.185094833374023,48.807132720947266
698,players,10,0.0,16.948610305786133,41.476985931396484
698,players,21,0.0,14.192705154418945,59.09714126586914
698,players,304,0.0,5.026630878448486,52.666561126708984
698,players,17,1.0,10.928997039794922,41.07818603515625
698,players,1,1.0,16.703643798828125,50.30117416381836
698,players,182,1.0,,
698,players,141,1.0,3.8168277740478516,36.68519592285156
698,players,132,0.0,7.493480682373047,21.417978286743164
698,players,7,0.0,11.531929016113281,35.413394927978516
698,players,18,0.0,,
698,players,262,1.0,,
699,players,3,0.0,19.2877140045166,49.549800872802734
699,players,5,1.0,8.098991394042969,48.96004867553711
699,players,131,1.0,17.778995513916016,43.76609802246094
699,players,9,0.0,11.426170349121094,48.88840866088867
699,players,10,0.0,16.915151596069336,41.49479675292969
699,players,206,0.0,,
699,players,4,1.0,11.59678840637207,55.912193298339844
699,players,154,1.0,5.171052932739258,23.625085830688477
699,players,288,1.0,,
699,players,21,0.0,14.153355598449707,59.30959701538086
699,players,18,0.0,,
699,players,182,1.0,,
699,players,1,1.0,16.534923553466797,50.43653106689453
699,players,132,1.0,7.583064079284668,21.3941650390625
699,players,301,1.0,4.968670845031738,52.53304672241211
699,players,17,1.0,10.969612121582031,41.199066162109375
699,players,304,0.0,5.325427055358887,52.91632080078125
699,players,7,0.0,11.568857192993164,35.60165786743164
699,players,15,0.0,,
699,players,141,1.0,3.874823808670044,36.927181243896484
699,players,262,1.0,,
700,players,3,0.0,19.369192123413086,49.5416145324707
700,players,5,1.0,8.156440734863281,48.856021881103516
700,players,131,1.0,17.831193923950195,43.89546203613281
700,players,9,0.0,11.430241584777832,49.41973876953125
700,players,141,1.0,3.962960720062256,36.89915084838867
700,players,206,0.0,,
700,players,10,0.0,16.95104217529297,41.37485122680664
700,players,15,0.0,,
700,players,288,1.0,,
700,players,17,1.0,11.019671440124512,41.270179748535156
700,players,182,1.0,,
700,players,7,0.0,11.6478853225708,35.566463470458984
700,players,4,1.0,11.475926399230957,56.09440612792969
700,players,1,1.0,16.451276779174805,50.39982986450195
700,players,21,0.0,14.047462463378906,59.32596969604492
700,players,18,0.0,,
700,players,154,1.0,5.198205947875977,23.546979904174805
700,players,132,0.0,7.528846263885498,21.581178665161133
700,players,301,1.0,5.143255233764648,52.57154846191406
700,players,304,0.0,5.4098005294799805,52.79863739013672
700,players,262,1.0,,
701,players,141,1.0,4.024411678314209,36.901424407958984
701,players,5,1.0,8.20246410369873,49.061973571777344
701,players,7,0.0,11.728004455566406,35.48419189453125
701,players,3,0.0,19.398239135742188,49.57999038696289
701,players,131,1.0,17.887853622436523,43.881752014160156
701,players,288,1.0,,
701,players,17,1.0,11.096549034118652,41.17413330078125
701,players,15,0.0,,
701,players,9,0.0,11.447171211242676,49.70521926879883
701,players,21,0.0,14.007375717163086,59.41157913208008
701,players,182,1.0,,
701,players,10,0.0,16.98386573791504,41.356266021728516
701,players,206,0.0,,
701,players,4,1.0,11.410882949829102,56.243560791015625
701,players,1,1.0,16.525665283203125,50.40477752685547
701,players,132,0.0,7.52645206451416,21.422094345092773
701,players,18,0.0,,
701,players,301,1.0,5.279088020324707,52.527896881103516
701,players,154,1.0,5.191941738128662,23.380027770996094
701,players,262,1.0,,
702,players,301,1.0,5.499223709106445,52.59883499145508
702,players,5,1.0,8.251280784606934,49.37309646606445
702,players,7,0.0,11.903226852416992,35.503379821777344
702,players,3,0.0,19.549577713012695,49.510826110839844
702,players,141,1.0,4.193688869476318,36.96614456176758
702,players,9,0.0,11.507301330566406,49.971981048583984
702,players,17,1.0,11.241034507751465,41.109619140625
702,players,1,1.0,16.569215774536133,50.3634033203125
702,players,15,0.0,,
702,players,288,1.0,,
702,players,10,0.0,17.110279083251953,41.484657287597656
702,players,182,1.0,,
702,players,132,0.0,7.7525835037231445,21.18747329711914
702,players,21,0.0,14.050409317016602,59.49873733520508
702,players,18,0.0,,
702,players,4,1.0,11.446616172790527,56.23709487915039
702,players,206,0.0,,
702,players,131,1.0,18.021326065063477,43.84913635253906
702,players,262,1.0,,
703,players,5,1.0,8.064414024353027,49.72431945800781
703,players,15,0.0,,
703,players,3,0.0,19.45527458190918,49.59980773925781
703,players,17,1.0,11.192554473876953,41.17960739135742
703,players,141,1.0,4.164359092712402,37.01359176635742
703,players,7,0.0,11.842264175415039,35.5474853515625
703,players,132,0.0,7.645111560821533,21.158769607543945
703,players,21,0.0,13.96413803100586,59.57888412475586
703,players,10,0.0,17.02022361755371,41.553688049316406
703,players,18,0.0,,
703,players,288,1.0,,
703,players,182,1.0,,
703,players,9,0.0,11.446084022521973,50.05237579345703
703,players,131,1.0,17.908998489379883,43.98207473754883
703,players,1,1.0,16.461713790893555,50.35933303833008
703,players,4,1.0,11.335504531860352,56.145782470703125
703,players,206,0.0,,
703,players,301,1.0,5.447774410247803,52.25481414794922
703,players,304,0.0,5.767867088317871,52.107181549072266
703,players,262,1.0,,
704,players,288,1.0,,
704,players,21,0.0,13.906388282775879,59.718505859375
704,players,10,0.0,17.032522201538086,41.61249542236328
704,players,15,0.0,,
704,players,141,1.0,4.243817329406738,37.098690032958984
704,players,17,1.0,11.257644653320312,41.26389694213867
704,players,3,0.0,19.486576080322266,49.703121185302734
704,players,5,1.0,7.9915771484375,49.6138801574707
704,players,132,0.0,7.694340705871582,21.4465389251709
704,players,9,0.0,11.52801513671875,49.963775634765625
704,players,18,0.0,,
704,players,1,1.0,16.477386474609375,50.47369384765625
704,players,131,1.0,17.952566146850586,43.92762756347656
704,players,7,0.0,11.933699607849121,35.591102600097656
704,players,206,0.0,,
704,players,4,1.0,11.347538948059082,55.968605041503906
704,players,182,1.0,,
704,players,304,0.0,5.83603572845459,51.88854217529297
704,players,262,1.0,,
704,players,301,1.0,5.674472332000732,52.12035369873047
704,players,154,1.0,5.294356346130371,23.851511001586914
705,players,10,0.0,17.080154418945312,41.506900787353516
705,players,288,1.0,,
705,players,141,1.0,4.298893451690674,37.07302474975586
705,players,15,0.0,,
705,players,17,1.0,11.309978485107422,41.37154769897461
705,players,132,0.0,7.709011077880859,21.493709564208984
705,players,1,1.0,16.45538330078125,50.58859634399414
705,players,3,0.0,19.539400100708008,49.78498458862305
705,players,9,0.0,11.629556655883789,50.03023910522461
705,players,18,0.0,,
705,players,304,0.0,5.924489498138428,51.839900970458984
705,players,4,1.0,11.299686431884766,56.179927825927734
705,players,5,1.0,7.959552764892578,49.72069549560547
705,players,21,0.0,13.661857604980469,59.919036865234375
705,players,206,0.0,,
705,players,7,0.0,12.003684997558594,35.58793258666992
705,players,154,1.0,5.354135036468506,23.559452056884766
705,players,182,1.0,,
705,players,131,1.0,17.932096481323242,44.03219223022461
705,players,262,1.0,,
706,players,15,0.0,,
706,players,1,1.0,16.4573917388916,50.55828094482422
706,players,288,1.0,,
706,players,17,1.0,11.358270645141602,41.36121368408203
706,players,10,0.0,17.107044219970703,41.546146392822266
706,players,132,0.0,7.734190940856934,21.55862045288086
706,players,206,0.0,,
706,players,21,0.0,13.589971542358398,59.906063079833984
706,players,9,0.0,11.644417762756348,50.453529357910156
706,players,3,0.0,19.54554557800293,49.94871520996094
706,players,154,1.0,5.409190654754639,24.10816192626953
706,players,18,0.0,,
706,players,4,1.0,11.236553192138672,56.33457946777344
706,players,141,1.0,4.392918586730957,37.1377067565918
706,players,5,1.0,7.999197006225586,49.673648834228516
706,players,7,0.0,12.0427827835083,35.54745101928711
706,players,304,0.0,6.087339878082275,51.9082145690918
706,players,182,1.0,,
706,players,262,1.0,,
706,players,277,1.0,4.359006404876709,12.858602523803711
706,players,131,1.0,17.9343318939209,44.047183990478516
707,players,17,1.0,11.391815185546875,41.58003616333008
707,players,1,1.0,16.378164291381836,50.72833251953125
707,players,206,0.0,,
707,players,15,0.0,,
707,players,132,0.0,7.747043132781982,21.418298721313477
707,players,3,0.0,19.617984771728516,50.00966262817383
707,players,154,1.0,5.461372375488281,24.275793075561523
707,players,288,1.0,,
707,players,10,0.0,17.10637855529785,41.53523635864258
707,players,21,0.0,13.51544189453125,59.8741569519043
707,players,9,0.0,11.642433166503906,50.70427703857422
707,players,4,1.0,11.078452110290527,56.403907775878906
707,players,182,1.0,,
707,players,18,0.0,,
707,players,304,0.0,6.377364158630371,51.47712326049805
707,players,141,1.0,4.465835094451904,36.98829650878906
707,players,131,1.0,17.949552536010742,44.002132415771484
707,players,301,1.0,6.099369525909424,51.62388229370117
707,players,5,1.0,7.993976593017578,49.96501541137695
707,players,262,1.0,,
707,players,7,0.0,12.106061935424805,35.44929504394531
707,players,277,1.0,4.572030067443848,12.728602409362793
708,players,3,0.0,19.694625854492188,50.071250915527344
708,players,131,1.0,17.96401023864746,44.1673469543457
708,players,206,0.0,,
708,players,1,1.0,16.33350372314453,50.773170471191406
708,players,141,1.0,4.537291526794434,37.00858688354492
708,players,288,1.0,,
708,players,15,0.0,,
708,players,132,0.0,7.797011375427246,21.376911163330078
708,players,154,1.0,5.5064263343811035,24.365720748901367
708,players,17,1.0,11.416190147399902,41.64224624633789
708,players,4,1.0,11.106245040893555,56.4257926940918
708,players,21,0.0,13.482625007629395,59.86471939086914
708,players,9,0.0,11.634705543518066,50.90378189086914
708,players,18,0.0,,
708,players,182,1.0,,
708,players,304,0.0,6.532196044921875,51.562442779541016
708,players,5,1.0,7.930110454559326,50.2509765625
708,players,262,1.0,,
708,players,277,1.0,4.610202789306641,12.83968734741211
708,players,10,0.0,17.10271453857422,41.583168029785156
708,players,301,1.0,6.117372989654541,51.39636993408203
709,players,141,1.0,4.609976768493652,37.015357971191406
709,players,206,0.0,,
709,players,131,1.0,18.00156021118164,44.1198616027832
709,players,288,1.0,,
709,players,21,0.0,13.446589469909668,59.796119689941406
709,players,3,0.0,19.73811149597168,50.108177185058594
709,players,1,1.0,16.27228355407715,50.71432876586914
709,players,154,1.0,5.550292015075684,24.505651473999023
709,players,182,1.0,,
709,players,132,0.0,7.822761535644531,21.412620544433594
709,players,18,0.0,,
709,players,4,1.0,11.021286010742188,56.43710708618164
709,players,9,0.0,11.657896041870117,50.92933654785156
709,players,17,1.0,11.44421672821045,41.72399139404297
709,players,15,0.0,,
709,players,10,0.0,17.099172592163086,41.661865234375
709,players,301,1.0,6.389491081237793,51.50263214111328
709,players,5,1.0,7.865349769592285,50.74861145019531
709,players,262,1.0,,
709,players,277,1.0,4.707712650299072,12.870431900024414
710,players,131,1.0,18.07470703125,44.01188278198242
710,players,21,0.0,13.425325393676758,59.74971389770508
710,players,288,1.0,,
710,players,141,1.0,4.672601222991943,37.11520004272461
710,players,206,0.0,,
710,players,154,1.0,5.61984395980835,24.609086990356445
710,players,9,0.0,11.703527450561523,50.9963493347168
710,players,1,1.0,16.23288345336914,50.729183197021484
710,players,182,1.0,,
710,players,18,0.0,,
710,players,3,0.0,19.774721145629883,50.11265563964844
710,players,4,1.0,10.984448432922363,56.32019805908203
710,players,132,0.0,7.844436168670654,21.45673370361328
710,players,15,0.0,,
710,players,5,1.0,7.866727352142334,50.91898727416992
710,players,17,1.0,11.493067741394043,41.66544723510742
710,players,7,0.0,12.279428482055664,35.53619384765625
710,players,262,1.0,,
710,players,301,1.0,6.408304214477539,51.52315139770508
710,players,10,0.0,17.14961814880371,41.57296371459961
710,players,304,0.0,6.804549217224121,51.55680847167969
710,players,277,1.0,4.82703971862793,12.623225212097168
711,players,141,1.0,4.755209445953369,37.17399978637695
711,players,15,0.0,,
711,players,154,1.0,5.661183834075928,24.417125701904297
711,players,131,1.0,18.121103286743164,44.04078674316406
711,players,3,0.0,19.83094596862793,50.14236068725586
711,players,1,1.0,16.23920440673828,50.715946197509766
711,players,288,1.0,,
711,players,21,0.0,13.340872764587402,59.83086395263672
711,players,4,1.0,10.964605331420898,56.20682144165039
711,players,18,0.0,,
711,players,9,0.0,11.69792652130127,50.94908905029297
711,players,182,1.0,,
711,players,17,1.0,11.525426864624023,41.69544219970703
711,players,206,0.0,,
711,players,7,0.0,12.330011367797852,35.658695220947266
711,players,132,0.0,7.909936428070068,21.159221649169922
711,players,301,1.0,6.508438587188721,51.47934341430664
711,players,262,1.0,,
711,players,5,1.0,7.868444442749023,50.84914779663086
711,players,304,0.0,6.872968673706055,51.52979278564453
711,players,277,1.0,4.895984649658203,12.521827697753906
712,players,15,0.0,,
712,players,141,1.0,4.824918270111084,37.233131408691406
712,players,1,1.0,16.235700607299805,50.70468521118164
712,players,288,1.0,,
712,players,3,0.0,19.87950897216797,50.155147552490234
712,players,154,1.0,5.696002960205078,24.45684242248535
712,players,9,0.0,11.704413414001465,51.17164993286133
712,players,18,0.0,,
712,players,131,1.0,18.114383697509766,44.20290756225586
712,players,4,1.0,10.902506828308105,56.362586975097656
712,players,21,0.0,13.068256378173828,59.9206657409668
712,players,17,1.0,11.56983757019043,41.62873077392578
712,players,206,0.0,,
712,players,7,0.0,12.385262489318848,35.705406188964844
712,players,301,1.0,6.791554927825928,51.57992935180664
712,players,5,1.0,7.836655616760254,51.48453140258789
712,players,182,1.0,,
712,players,10,0.0,17.20161247253418,41.67293167114258
712,players,132,0.0,7.978004455566406,20.893529891967773
712,players,262,1.0,,
713,players,15,0.0,,
713,players,1,1.0,16.207321166992188,50.82562255859375
713,players,141,1.0,4.86797571182251,37.21221923828125
713,players,288,1.0,,
713,players,21,0.0,13.010682106018066,59.905296325683594
713,players,9,0.0,11.583185195922852,51.802764892578125
713,players,17,1.0,11.60244083404541,41.808692932128906
713,players,3,0.0,19.896759033203125,50.199466705322266
713,players,10,0.0,17.246362686157227,41.609046936035156
713,players,131,1.0,18.154268264770508,44.14066696166992
713,players,206,0.0,,
713,players,18,0.0,,
713,players,4,1.0,10.833749771118164,56.450477600097656
713,players,7,0.0,12.425336837768555,35.856868743896484
713,players,301,1.0,6.86016321182251,51.48495101928711
713,players,154,1.0,5.768768310546875,24.166278839111328
713,players,5,1.0,7.827115058898926,51.47160720825195
713,players,182,1.0,,
713,players,262,1.0,,
713,players,304,0.0,7.122854709625244,51.52808380126953
713,players,277,1.0,5.120245933532715,12.388144493103027
713,players,132,0.0,8.015582084655762,21.0545654296875
714,players,10,0.0,17.27401351928711,41.77671813964844
714,players,15,0.0,,
714,players,288,1.0,,
714,players,1,1.0,16.156814575195312,50.97587585449219
714,players,4,1.0,10.71466064453125,56.774593353271484
714,players,21,0.0,12.945734977722168,59.88180160522461
714,players,17,1.0,11.629524230957031,41.907474517822266
714,players,206,0.0,,
714,players,131,1.0,18.147653579711914,44.18120193481445
714,players,9,0.0,11.499130249023438,52.114044189453125
714,players,3,0.0,19.94418716430664,50.20502471923828
714,players,141,1.0,4.947171211242676,37.2862548828125
714,players,7,0.0,12.50963306427002,35.937416076660156
714,players,18,0.0,,
714,players,154,1.0,5.858266830444336,24.241832733154297
714,players,5,1.0,7.832510471343994,51.46986389160156
714,players,301,1.0,6.948775768280029,51.41278076171875
714,players,304,0.0,7.238823890686035,51.45097351074219
714,players,262,1.0,,
714,players,182,1.0,,
714,players,132,0.0,8.092543601989746,21.0822811126709
715,players,21,0.0,12.925655364990234,59.894317626953125
715,players,4,1.0,10.581764221191406,56.9007568359375
715,players,288,1.0,,
715,players,15,0.0,,
715,players,10,0.0,17.318721771240234,41.81535339355469
715,players,131,1.0,18.143796920776367,44.137874603271484
715,players,1,1.0,16.12952423095703,51.055397033691406
715,players,206,0.0,,
715,players,17,1.0,11.670662879943848,42.1033935546875
715,players,9,0.0,11.501484870910645,52.260311126708984
715,players,3,0.0,20.019906997680664,50.16547775268555
715,players,141,1.0,5.029961109161377,37.13924026489258
715,players,7,0.0,12.586280822753906,35.83512496948242
715,players,154,1.0,5.894087314605713,24.342226028442383
715,players,18,0.0,,
715,players,301,1.0,7.03401517868042,51.2221794128418
715,players,5,1.0,7.886754035949707,51.52471160888672
715,players,304,0.0,7.3095383644104,51.39423370361328
715,players,262,1.0,,
715,players,132,0.0,8.131839752197266,20.982498168945312
715,players,182,1.0,,
716,players,206,0.0,,
716,players,131,1.0,18.16010284423828,44.02814483642578
716,players,15,0.0,,
716,players,21,0.0,12.839070320129395,59.9239387512207
716,players,4,1.0,10.413331031799316,56.87588882446289
716,players,1,1.0,16.03362274169922,51.20638656616211
716,players,141,1.0,5.105285167694092,37.1571159362793
716,players,17,1.0,11.692081451416016,42.2320442199707
716,players,288,1.0,,
716,players,9,0.0,11.478989601135254,52.31184005737305
716,players,7,0.0,12.591583251953125,36.08076095581055
716,players,10,0.0,17.3554630279541,41.711273193359375
716,players,3,0.0,20.06957244873047,50.189083099365234
716,players,154,1.0,5.9430742263793945,24.644556045532227
716,players,5,1.0,7.920441150665283,51.56178283691406
716,players,18,0.0,,
716,players,301,1.0,7.117238521575928,51.3007698059082
716,players,132,0.0,8.151912689208984,20.8184757232666
716,players,304,1.0,7.297399520874023,51.38566589355469
716,players,262,1.0,,
716,players,182,1.0,,
717,players,206,0.0,,
717,players,141,1.0,5.160472393035889,37.20772171020508
717,players,131,1.0,18.16043472290039,44.159515380859375
717,players,4,1.0,10.338102340698242,56.85231018066406
717,players,17,1.0,11.7114839553833,42.25997543334961
717,players,15,0.0,,
717,players,3,0.0,20.10006332397461,50.27191162109375
717,players,1,1.0,15.911918640136719,51.18293380737305
717,players,288,1.0,,
717,players,21,0.0,12.729317665100098,60.05630874633789
717,players,9,0.0,11.474394798278809,52.03373718261719
717,players,10,0.0,17.31007194519043,41.81451416015625
717,players,154,1.0,5.989835739135742,24.722213745117188
717,players,18,0.0,,
717,players,7,0.0,12.688799858093262,36.048675537109375
717,players,5,1.0,7.899693489074707,51.60990524291992
717,players,304,0.0,7.432326316833496,51.33869552612305
717,players,262,1.0,,
717,players,301,1.0,7.146053314208984,51.349517822265625
717,players,132,0.0,8.155436515808105,20.93446922302246
717,players,182,1.0,,
718,players,3,0.0,20.157806396484375,50.27019119262695
718,players,206,0.0,,
718,players,141,1.0,5.244083881378174,37.2886848449707
718,players,154,1.0,6.093033790588379,24.8580322265625
718,players,4,1.0,10.378589630126953,56.73938751220703
718,players,1,1.0,15.867292404174805,51.11902618408203
718,players,131,1.0,18.169416427612305,44.256019592285156
718,players,10,0.0,17.345008850097656,41.75284194946289
718,players,17,1.0,11.75235652923584,42.293663024902344
718,players,288,1.0,,
718,players,9,0.0,11.394804954528809,52.35170364379883
718,players,18,0.0,,
718,players,5,1.0,7.900994300842285,51.58362579345703
718,players,301,1.0,7.329648017883301,51.35179138183594
718,players,15,0.0,,
718,players,7,0.0,12.718064308166504,35.99908447265625
718,players,262,1.0,,
718,players,21,0.0,12.510626792907715,60.27146911621094
718,players,182,1.0,,
718,players,277,1.0,5.493361949920654,12.650968551635742
719,players,1,1.0,15.87760066986084,51.12605667114258
719,players,154,1.0,6.131564617156982,24.839380264282227
719,players,3,0.0,20.19073486328125,50.29551696777344
719,players,10,0.0,17.36878204345703,41.585845947265625
719,players,4,1.0,10.356950759887695,56.65958023071289
719,players,131,1.0,18.19747543334961,44.272422790527344
719,players,141,1.0,5.274216651916504,37.25452423095703
719,players,206,0.0,,
719,players,21,0.0,12.328861236572266,60.16191101074219
719,players,17,1.0,11.784782409667969,42.276119232177734
719,players,288,1.0,,
719,players,9,0.0,11.378034591674805,52.368099212646484
719,players,301,1.0,7.323538780212402,51.27103042602539
719,players,182,1.0,,
719,players,18,0.0,,
719,players,5,1.0,7.8441057205200195,51.80223083496094
719,players,262,1.0,,
719,players,277,1.0,5.5645880699157715,12.473052024841309
719,players,7,0.0,12.805542945861816,35.400657653808594
719,players,132,0.0,8.190424919128418,21.00674819946289
720,players,154,1.0,6.168496131896973,24.837221145629883
720,players,1,1.0,15.820632934570312,51.20363998413086
720,players,10,0.0,17.36651039123535,41.78013610839844
720,players,141,1.0,5.345425605773926,37.227333068847656
720,players,131,1.0,18.223695755004883,44.38640213012695
720,players,9,0.0,11.358207702636719,52.682884216308594
720,players,21,0.0,12.223651885986328,60.18449020385742
720,players,17,1.0,11.870227813720703,42.212982177734375
720,players,4,1.0,10.338541030883789,56.76754379272461
720,players,3,0.0,20.239837646484375,50.35547637939453
720,players,206,0.0,,
720,players,288,1.0,,
720,players,18,0.0,,
720,players,301,1.0,7.394927024841309,51.22517395019531
720,players,262,1.0,,
720,players,5,1.0,7.881500720977783,51.9322624206543
720,players,182,1.0,,
720,players,304,1.0,7.804784297943115,51.83417510986328
720,players,7,0.0,12.91748046875,35.33427047729492
720,players,277,1.0,5.6141133308410645,12.425987243652344
720,players,132,0.0,8.217534065246582,20.987852096557617
721,players,154,1.0,6.202406406402588,24.846811294555664
721,players,17,1.0,11.903899192810059,42.28118896484375
721,players,141,1.0,5.405259132385254,37.29508590698242
721,players,1,1.0,15.748581886291504,51.33575439453125
721,players,10,0.0,17.334400177001953,42.116554260253906
721,players,18,0.0,,
721,players,206,0.0,,
721,players,131,1.0,18.241960525512695,44.36550521850586
721,players,9,0.0,11.27707290649414,52.92520523071289
721,players,288,1.0,,
721,players,3,0.0,20.26384925842285,50.405555725097656
721,players,132,0.0,8.243792533874512,21.049190521240234
721,players,21,0.0,12.13421630859375,60.123931884765625
721,players,4,1.0,10.240077018737793,56.79868698120117
721,players,262,1.0,,
721,players,301,1.0,7.40648078918457,51.236663818359375
721,players,304,1.0,7.943800449371338,51.943603515625
721,players,7,0.0,12.941696166992188,34.6925048828125
721,players,15,0.0,,
721,players,182,1.0,,
722,players,154,1.0,6.242307186126709,24.790597915649414
722,players,141,1.0,5.442867755889893,37.29141616821289
722,players,17,1.0,11.934267044067383,42.4070930480957
722,players,10,0.0,17.34963035583496,42.13904571533203
722,players,18,0.0,,
722,players,132,0.0,8.3074369430542,21.10929298400879
722,players,15,0.0,,
722,players,21,0.0,12.089599609375,60.04841232299805
722,players,206,0.0,,
722,players,131,1.0,18.217426300048828,44.44961166381836
722,players,9,0.0,11.248251914978027,53.143821716308594
722,players,3,0.0,20.321516036987305,50.39763641357422
722,players,288,1.0,,
722,players,1,1.0,15.664549827575684,51.41209030151367
722,players,301,1.0,7.477876663208008,51.2335205078125
722,players,4,1.0,10.067803382873535,56.934600830078125
722,players,7,0.0,12.958202362060547,35.36418533325195
722,players,262,1.0,,
722,players,304,1.0,7.952747344970703,51.96250534057617
722,players,5,1.0,7.850964069366455,51.87831497192383
723,players,154,1.0,6.286372661590576,24.816537857055664
723,players,141,1.0,5.499541282653809,37.400306701660156
723,players,15,0.0,,
723,players,132,0.0,8.326401710510254,21.162744522094727
723,players,10,0.0,17.36707878112793,42.13798141479492
723,players,18,0.0,,
723,players,17,1.0,11.973212242126465,42.43051528930664
723,players,4,1.0,10.058324813842773,57.01462173461914
723,players,206,0.0,,
723,players,1,1.0,15.565670013427734,51.587440490722656
723,players,288,1.0,,
723,players,9,0.0,11.18529987335205,53.49478530883789
723,players,131,1.0,18.206714630126953,44.426944732666016
723,players,3,0.0,20.29608726501465,50.41437530517578
723,players,301,1.0,7.512028694152832,51.17748260498047
723,players,7,0.0,12.983256340026855,35.49343490600586
723,players,21,0.0,11.953131675720215,59.911128997802734
723,players,262,1.0,,
723,players,304,1.0,7.9494948387146,52.006160736083984
723,players,5,1.0,7.868073463439941,51.96773147583008
724,players,15,0.0,,
724,players,154,1.0,6.346462726593018,24.837316513061523
724,players,18,0.0,,
724,players,132,0.0,8.34381103515625,21.14280128479004
724,players,10,0.0,17.33497428894043,42.27565383911133
724,players,9,0.0,11.202742576599121,53.4420166015625
724,players,206,0.0,,
724,players,288,1.0,,
724,players,3,0.0,20.337562561035156,50.41879653930664
724,players,1,1.0,15.492378234863281,51.55556106567383
724,players,4,1.0,9.952232360839844,57.054237365722656
724,players,131,1.0,18.196359634399414,44.4976921081543
724,players,17,1.0,11.957161903381348,42.61779022216797
724,players,7,0.0,13.028129577636719,35.42035675048828
724,players,301,1.0,7.532464504241943,51.25985336303711
724,players,21,0.0,11.839696884155273,60.036869049072266
724,players,141,1.0,5.574337482452393,37.4570426940918
724,players,262,1.0,,
724,players,304,1.0,8.027375221252441,52.065513610839844
725,players,15,0.0,,
725,players,206,0.0,,
725,players,154,1.0,6.400239944458008,25.077857971191406
725,players,10,0.0,17.361265182495117,42.243534088134766
725,players,141,1.0,5.631874084472656,37.3930549621582
725,players,3,0.0,20.299015045166016,50.45254898071289
725,players,132,0.0,8.365836143493652,20.904617309570312
725,players,4,1.0,9.874771118164062,57.00876998901367
725,players,18,0.0,,
725,players,288,1.0,23.288341522216797,53.561397552490234
725,players,1,1.0,15.388728141784668,51.59231185913086
725,players,131,1.0,18.202341079711914,44.477012634277344
725,players,9,0.0,11.223169326782227,53.433719635009766
725,players,7,0.0,13.027068138122559,35.49761962890625
725,players,21,0.0,11.582381248474121,60.07198715209961
725,players,17,1.0,11.968783378601074,42.658634185791016
725,players,301,1.0,7.575648307800293,51.017486572265625
725,players,5,1.0,7.970203876495361,52.052494049072266
725,players,262,1.0,,
725,players,326,0.0,8.215083122253418,49.86341857910156
726,players,15,0.0,,
726,players,206,0.0,,
726,players,21,0.0,11.439143180847168,60.0524787902832
726,players,141,1.0,5.679011344909668,37.317848205566406
726,players,4,1.0,9.850671768188477,56.931114196777344
726,players,3,0.0,20.32050132751465,50.42323684692383
726,players,10,0.0,17.36171531677246,42.227298736572266
726,players,1,1.0,15.395369529724121,51.54104232788086
726,players,132,0.0,8.392134666442871,20.756799697875977
726,players,131,1.0,18.226821899414062,44.56606674194336
726,players,288,1.0,23.301738739013672,53.54349899291992
726,players,7,0.0,13.07492446899414,35.506195068359375
726,players,154,1.0,6.464277744293213,25.01294708251953
726,players,17,1.0,11.939435005187988,42.68948745727539
726,players,18,0.0,,
726,players,9,1.0,11.141905784606934,53.36161804199219
726,players,5,1.0,7.943970203399658,52.584571838378906
726,players,326,0.0,8.34691333770752,49.8648796081543
726,players,301,1.0,7.626075744628906,51.315853118896484
726,players,262,1.0,,
726,players,182,1.0,,
726,players,277,1.0,6.1563286781311035,12.676618576049805
727,players,15,0.0,,
727,players,206,0.0,,
727,players,4,1.0,9.784857749938965,56.894187927246094
727,players,21,0.0,11.391003608703613,60.04990005493164
727,players,141,1.0,5.7227067947387695,37.38113021850586
727,players,1,1.0,15.346187591552734,51.57789611816406
727,players,131,1.0,18.271337509155273,44.55451965332031
727,players,3,1.0,20.270334243774414,50.60216522216797
727,players,17,1.0,11.903473854064941,42.78507614135742
727,players,9,1.0,11.142245292663574,53.514652252197266
727,players,10,0.0,17.368877410888672,42.27223587036133
727,players,288,1.0,,
727,players,132,0.0,8.384876251220703,20.89661407470703
727,players,7,0.0,13.121672630310059,35.54634475708008
727,players,18,0.0,,
727,players,326,0.0,8.431161880493164,49.874202728271484
727,players,5,1.0,7.91312837600708,53.14958953857422
727,players,301,1.0,7.686914920806885,51.1020622253418
727,players,154,1.0,6.4848313331604,25.128440856933594
727,players,182,1.0,,
727,players,262,1.0,,
728,players,206,0.0,,
728,players,4,1.0,9.665946006774902,56.92831039428711
728,players,141,1.0,5.760491371154785,37.562950134277344
728,players,21,0.0,11.313467025756836,59.86643981933594
728,players,15,0.0,,
728,players,1,1.0,15.371612548828125,51.36763381958008
728,players,9,0.0,11.260235786437988,53.48930740356445
728,players,17,1.0,11.913241386413574,42.641239166259766
728,players,131,1.0,18.31549835205078,44.47230911254883
728,players,3,1.0,20.269180297851562,50.70737075805664
728,players,132,0.0,8.380033493041992,21.175373077392578
728,players,288,1.0,,
728,players,10,0.0,17.402990341186523,42.184635162353516
728,players,301,1.0,7.763382434844971,51.16259002685547
728,players,7,0.0,13.151641845703125,35.516258239746094
728,players,18,0.0,,
728,players,326,0.0,8.477917671203613,50.68564987182617
728,players,5,1.0,7.9712653160095215,53.130592346191406
728,players,182,1.0,,
728,players,277,1.0,6.3049235343933105,12.464709281921387
729,players,4,1.0,9.575502395629883,56.874271392822266
729,players,206,0.0,,
729,players,141,1.0,5.828541278839111,37.73816680908203
729,players,3,0.0,20.315818786621094,50.836246490478516
729,players,17,1.0,11.904687881469727,42.76511001586914
729,players,10,0.0,17.45616340637207,42.23857498168945
729,players,301,1.0,7.789157867431641,51.11305618286133
729,players,7,0.0,13.239659309387207,35.43808364868164
729,players,9,0.0,11.236775398254395,53.726356506347656
729,players,132,0.0,8.425057411193848,21.195722579956055
729,players,288,1.0,,
729,players,5,1.0,8.03051471710205,53.17456817626953
729,players,18,0.0,,
729,players,1,1.0,15.258197784423828,51.592018127441406
729,players,15,0.0,,
729,players,326,0.0,8.550741195678711,50.647544860839844
729,players,21,0.0,10.968043327331543,60.039695739746094
729,players,131,1.0,18.348726272583008,44.43565368652344
729,players,182,1.0,,
729,players,154,1.0,6.61098051071167,25.2805233001709
730,players,9,0.0,11.211305618286133,53.87076187133789
730,players,10,0.0,17.5001277923584,42.25984191894531
730,players,141,1.0,5.892436504364014,37.749122619628906
730,players,18,0.0,,
730,players,3,0.0,20.370542526245117,50.85401916503906
730,players,206,0.0,,
730,players,4,1.0,9.450274467468262,56.95197296142578
730,players,17,1.0,11.90747356414795,42.93285369873047
730,players,15,0.0,,
730,players,5,1.0,8.076428413391113,53.19647979736328
730,players,288,1.0,,
730,players,7,0.0,13.261585235595703,35.658145904541016
730,players,301,1.0,7.863008975982666,50.99729919433594
730,players,132,0.0,8.491066932678223,20.848297119140625
730,players,1,1.0,15.189894676208496,51.59508514404297
730,players,154,1.0,6.648047924041748,25.33786964416504
730,players,326,0.0,8.591907501220703,50.799415588378906
730,players,21,0.0,10.859631538391113,60.23216247558594
730,players,131,1.0,18.358070373535156,44.57060241699219
730,players,262,1.0,,
730,players,277,1.0,6.53469181060791,12.7090425491333
730,players,182,1.0,,
731,players,4,1.0,9.308622360229492,56.879798889160156
731,players,18,0.0,,
731,players,10,0.0,17.559152603149414,42.160179138183594
731,players,141,1.0,5.951716899871826,37.74152755737305
731,players,1,1.0,15.071708679199219,51.63793182373047
731,players,206,0.0,,
731,players,3,0.0,20.41676139831543,50.872413635253906
731,players,21,0.0,10.678516387939453,60.170963287353516
731,players,17,1.0,11.933466911315918,42.929779052734375
731,players,154,1.0,6.714266777038574,25.205480575561523
731,players,9,0.0,11.20476245880127,53.970367431640625
731,players,15,0.0,,
731,players,7,0.0,13.357978820800781,35.49858093261719
731,players,5,1.0,8.100088119506836,53.148414611816406
731,players,301,1.0,7.917828559875488,50.95942306518555
731,players,288,1.0,,
731,players,132,0.0,8.544916152954102,20.789438247680664
731,players,326,0.0,8.62293815612793,50.86058044433594
731,players,131,1.0,18.351966857910156,44.54631042480469
731,players,262,1.0,,
732,players,4,1.0,9.258601188659668,56.82194519042969
732,players,18,0.0,,
732,players,9,1.0,11.206718444824219,53.959686279296875
732,players,10,0.0,17.53585433959961,42.30863952636719
732,players,288,1.0,,
732,players,141,1.0,5.979838848114014,37.73783874511719
732,players,154,1.0,6.766138553619385,25.167221069335938
732,players,206,0.0,,
732,players,21,0.0,10.540011405944824,60.2679328918457
732,players,1,1.0,14.902636528015137,51.64728546142578
732,players,3,0.0,20.393997192382812,50.94791793823242
732,players,326,0.0,8.657479286193848,50.8989143371582
732,players,17,1.0,11.94029712677002,42.919036865234375
732,players,301,1.0,7.967010498046875,50.86491012573242
732,players,5,1.0,8.165308952331543,53.0830078125
732,players,7,0.0,13.372624397277832,35.42518615722656
732,players,15,0.0,,
732,players,131,1.0,18.329225540161133,44.5057487487793
732,players,132,0.0,8.521747589111328,20.81271743774414
732,players,262,1.0,,
732,players,182,1.0,,
733,players,4,1.0,9.241571426391602,56.75373458862305
733,players,288,1.0,,
733,players,9,0.0,11.270666122436523,53.85669708251953
733,players,10,0.0,17.53106117248535,42.33618927001953
733,players,206,0.0,,
733,players,154,1.0,6.8245673179626465,25.14014434814453
733,players,141,1.0,6.05121374130249,37.696651458740234
733,players,17,1.0,11.881795883178711,43.069400787353516
733,players,3,0.0,20.380327224731445,51.096397399902344
733,players,1,1.0,14.876192092895508,51.63114547729492
733,players,15,0.0,,
733,players,18,0.0,,
733,players,21,0.0,10.478047370910645,60.17997360229492
733,players,326,0.0,8.72188949584961,50.84559631347656
733,players,7,0.0,13.35676097869873,35.53483581542969
733,players,301,1.0,8.02001953125,50.996437072753906
733,players,5,1.0,8.24093246459961,53.03656768798828
733,players,131,1.0,18.334901809692383,44.511959075927734
733,players,132,0.0,8.599751472473145,20.274900436401367
733,players,262,1.0,,
733,players,182,1.0,,
734,players,4,1.0,9.218607902526855,56.618595123291016
734,players,288,1.0,23.310537338256836,53.940643310546875
734,players,15,0.0,,
734,players,17,1.0,11.8341646194458,43.02597427368164
734,players,206,0.0,,
734,players,9,0.0,11.400152206420898,53.83616638183594
734,players,1,1.0,14.828611373901367,51.63806915283203
734,players,154,1.0,6.8816022872924805,25.16718101501465
734,players,10,0.0,17.446937561035156,42.360591888427734
734,players,3,0.0,20.338956832885742,51.111419677734375
734,players,21,0.0,10.371894836425781,59.807899475097656
734,players,7,0.0,13.35525894165039,35.468692779541016
734,players,18,0.0,,
734,players,131,1.0,18.276294708251953,44.60383605957031
734,players,326,0.0,8.76943302154541,50.59575271606445
734,players,5,1.0,8.288778305053711,53.08343505859375
734,players,301,1.0,8.064303398132324,51.07920455932617
734,players,262,1.0,,
734,players,132,0.0,8.599309921264648,20.276145935058594
734,players,182,1.0,,
734,players,141,1.0,6.105664253234863,37.529361724853516
735,players,9,0.0,11.521492004394531,53.80774688720703
735,players,4,1.0,9.16899585723877,56.35280227661133
735,players,206,0.0,,
735,players,15,0.0,,
735,players,17,1.0,11.866194725036621,43.03741455078125
735,players,288,1.0,23.28495216369629,54.105018615722656
735,players,154,1.0,6.948414325714111,25.177961349487305
735,players,1,1.0,14.789850234985352,51.60353469848633
735,players,10,0.0,17.451873779296875,42.30076217651367
735,players,3,0.0,20.307144165039062,51.1558723449707
735,players,326,0.0,8.852728843688965,50.628536224365234
735,players,7,0.0,13.336141586303711,35.376399993896484
735,players,182,1.0,,
735,players,18,0.0,,
735,players,131,1.0,18.30462646484375,44.6467170715332
735,players,5,1.0,8.264801025390625,53.07597351074219
735,players,141,1.0,6.177538871765137,37.473323822021484
735,players,21,0.0,10.163442611694336,59.93760681152344
735,players,132,0.0,8.597696304321289,20.53388786315918
735,players,262,1.0,,
735,players,301,1.0,8.093284606933594,50.818084716796875
736,players,206,0.0,,
736,players,9,0.0,11.573528289794922,53.912349700927734
736,players,15,0.0,,
736,players,288,1.0,23.249465942382812,54.125064849853516
736,players,141,1.0,6.219959735870361,37.87249755859375
736,players,17,1.0,11.888367652893066,43.03535079956055
736,players,4,1.0,9.068513870239258,56.31059646606445
736,players,131,1.0,18.40581703186035,44.564247131347656
736,players,1,1.0,14.659428596496582,51.68400573730469
736,players,326,0.0,8.968504905700684,50.43915939331055
736,players,182,1.0,,
736,players,3,0.0,20.312175750732422,51.163944244384766
736,players,154,1.0,7.003387451171875,25.375577926635742
736,players,10,0.0,17.40515899658203,42.45597839355469
736,players,7,0.0,13.388984680175781,35.36362075805664
736,players,18,0.0,,
736,players,21,0.0,9.886019706726074,59.95331573486328
736,players,5,1.0,8.28923225402832,53.13252639770508
736,players,132,0.0,8.49068832397461,21.097457885742188
736,players,301,1.0,8.182255744934082,50.66424560546875
736,players,262,1.0,,
737,players,206,0.0,,
737,players,141,1.0,6.24308443069458,37.97743225097656
737,players,131,1.0,18.37552833557129,44.69462585449219
737,players,17,1.0,11.8992919921875,43.08636474609375
737,players,15,0.0,,
737,players,288,1.0,23.18678855895996,54.17097854614258
737,players,9,0.0,11.637723922729492,53.84784698486328
737,players,3,0.0,20.33057975769043,51.13682174682617
737,players,1,1.0,14.497615814208984,51.87367248535156
737,players,182,1.0,,
737,players,7,0.0,13.446078300476074,35.22081756591797
737,players,10,0.0,17.440441131591797,42.37786102294922
737,players,154,1.0,7.038357257843018,25.488174438476562
737,players,4,1.0,8.91415023803711,56.36626434326172
737,players,21,0.0,9.756210327148438,60.00498962402344
737,players,326,0.0,9.065494537353516,50.3902702331543
737,players,18,0.0,,
737,players,132,0.0,8.480034828186035,20.79938507080078
737,players,5,1.0,8.32706069946289,53.14274215698242
737,players,301,1.0,8.303404808044434,50.734046936035156
737,players,262,1.0,,
738,players,206,0.0,,
738,players,141,1.0,6.2898335456848145,38.0731201171875
738,players,17,1.0,11.90110969543457,43.10569763183594
738,players,15,0.0,,
738,players,131,1.0,18.388757705688477,44.722164154052734
738,players,3,0.0,20.367172241210938,51.111854553222656
738,players,10,0.0,17.46243667602539,42.4532356262207
738,players,288,1.0,23.1540584564209,54.2003173828125
738,players,21,0.0,9.657089233398438,59.97907257080078
738,players,182,1.0,,
738,players,9,0.0,11.688011169433594,53.76262283325195
738,players,1,1.0,14.379034042358398,51.78961181640625
738,players,154,1.0,7.061006546020508,25.54753303527832
738,players,4,1.0,8.798201560974121,56.40570068359375
738,players,5,1.0,8.365440368652344,53.143367767333984
738,players,7,0.0,13.470100402832031,35.10023880004883
738,players,18,0.0,,
738,players,132,0.0,8.49571418762207,20.633216857910156
738,players,326,0.0,9.120500564575195,50.30198287963867
738,players,301,1.0,8.405841827392578,50.96870803833008
738,players,262,1.0,,
739,players,206,0.0,,
739,players,15,0.0,,
739,players,17,1.0,11.876519203186035,43.15444564819336
739,players,141,1.0,6.31506872177124,38.10163879394531
739,players,288,1.0,23.143829345703125,54.21600341796875
739,players,3,0.0,20.37611961364746,51.167293548583984
739,players,10,0.0,17.469472885131836,42.47526550292969
739,players,131,1.0,18.411083221435547,44.70497512817383
739,players,9,0.0,11.716218948364258,53.81795120239258
739,players,21,0.0,9.575390815734863,59.90442657470703
739,players,7,0.0,13.401631355285645,34.910316467285156
739,players,4,1.0,8.740815162658691,56.45585250854492
739,players,154,1.0,7.076808452606201,25.594219207763672
739,players,132,0.0,8.4945707321167,20.763362884521484
739,players,18,0.0,,
739,players,5,1.0,8.482649803161621,52.95909881591797
739,players,1,1.0,14.283896446228027,51.73555374145508
739,players,326,0.0,9.203845024108887,50.13359451293945
739,players,301,1.0,8.429150581359863,50.956851959228516
739,players,262,1.0,,
739,players,182,1.0,,
740,players,17,1.0,11.787368774414062,43.42096710205078
740,players,206,0.0,,
740,players,141,1.0,6.356928825378418,38.021358489990234
740,players,1,1.0,14.245675086975098,51.74120330810547
740,players,3,0.0,20.41976547241211,51.11542510986328
740,players,15,0.0,,
740,players,288,1.0,23.167940139770508,54.18398666381836
740,players,10,0.0,17.490510940551758,42.4660530090332
740,players,9,0.0,11.726024627685547,53.934242248535156
740,players,4,1.0,8.751298904418945,56.05829620361328
740,players,18,0.0,,
740,players,132,0.0,8.537328720092773,20.680625915527344
740,players,21,0.0,9.376862525939941,59.821533203125
740,players,131,1.0,18.377714157104492,44.71651840209961
740,players,154,1.0,7.113527297973633,25.633031845092773
740,players,326,1.0,9.267070770263672,50.147216796875
740,players,7,0.0,13.33410358428955,34.85310745239258
740,players,301,1.0,8.499924659729004,50.81059646606445
740,players,5,1.0,8.476602554321289,52.988525390625
740,players,262,1.0,,
741,players,1,1.0,14.196776390075684,51.72394561767578
741,players,17,1.0,11.752856254577637,43.34724807739258
741,players,288,1.0,23.12511444091797,54.3576774597168
741,players,10,0.0,17.430341720581055,42.66379928588867
741,players,3,0.0,20.393753051757812,51.228519439697266
741,players,141,1.0,6.4213457107543945,38.1214599609375
741,players,206,0.0,,
741,players,15,0.0,,
741,players,18,0.0,,
741,players,7,0.0,13.306903839111328,35.057594299316406
741,players,9,0.0,11.762872695922852,53.89976501464844
741,players,4,1.0,8.748923301696777,56.01215744018555
741,players,132,0.0,8.563692092895508,20.611125946044922
741,players,326,0.0,9.29106616973877,50.06623458862305
741,players,154,1.0,7.12165641784668,25.674964904785156
741,players,21,0.0,9.208532333374023,59.94453430175781
741,players,5,1.0,8.588829040527344,53.377235412597656
741,players,301,1.0,8.539578437805176,50.74725341796875
741,players,131,1.0,18.34832000732422,44.63008117675781
741,players,262,1.0,,
742,players,1,1.0,14.055561065673828,51.942481994628906
742,players,3,0.0,20.366931915283203,51.390525817871094
742,players,17,1.0,11.673398971557617,43.449974060058594
742,players,141,1.0,6.47233247756958,38.177852630615234
742,players,288,1.0,23.108938217163086,54.4567756652832
742,players,206,0.0,,
742,players,7,0.0,13.304658889770508,35.09482955932617
742,players,10,0.0,17.365936279296875,42.52492141723633
742,players,18,0.0,,
742,players,326,0.0,9.370136260986328,49.81528091430664
742,players,4,1.0,8.694562911987305,55.83855438232422
742,players,21,0.0,8.892447471618652,59.90436553955078
742,players,132,0.0,8.558942794799805,20.622604370117188
742,players,9,0.0,11.740741729736328,53.89501953125
742,players,131,1.0,18.31892204284668,44.7065315246582
742,players,154,1.0,7.187294960021973,25.44270133972168
742,players,5,1.0,8.643775939941406,53.22582244873047
742,players,301,1.0,8.558460235595703,50.739803314208984
742,players,262,1.0,,
742,players,182,1.0,,
742,players,15,0.0,,
743,players,1,1.0,13.94558048248291,52.19005584716797
743,players,288,1.0,23.119029998779297,54.492855072021484
743,players,141,1.0,6.5099663734436035,38.08579635620117
743,players,3,0.0,20.317697525024414,51.47294235229492
743,players,7,0.0,13.301064491271973,35.127017974853516
743,players,206,0.0,,
743,players,17,1.0,11.63995361328125,43.26491165161133
743,players,154,1.0,7.248838901519775,25.589391708374023
743,players,10,0.0,17.32969856262207,42.58005142211914
743,players,131,1.0,18.342330932617188,44.757606506347656
743,players,182,1.0,,
743,players,18,0.0,,
743,players,326,0.0,9.437643051147461,49.4882698059082
743,players,21,0.0,8.747426986694336,59.842403411865234
743,players,4,1.0,8.562530517578125,55.93553924560547
743,players,9,1.0,11.722155570983887,53.961456298828125
743,players,132,0.0,8.560311317443848,20.589229583740234
743,players,5,1.0,8.721187591552734,52.876094818115234
743,players,301,1.0,8.580290794372559,50.281978607177734
743,players,262,1.0,,
744,players,141,1.0,6.576993942260742,38.0987548828125
744,players,206,0.0,,
744,players,131,1.0,18.370685577392578,44.861732482910156
744,players,288,1.0,23.03127670288086,54.755516052246094
744,players,3,0.0,20.31160545349121,51.42872619628906
744,players,154,1.0,7.327943801879883,25.621490478515625
744,players,17,1.0,11.661747932434082,43.24821090698242
744,players,1,1.0,13.858240127563477,52.221229553222656
744,players,7,0.0,13.316071510314941,35.01108169555664
744,players,182,1.0,,
744,players,18,0.0,,
744,players,326,0.0,9.506183624267578,49.28926467895508
744,players,10,0.0,17.401981353759766,42.457557678222656
744,players,4,1.0,8.456746101379395,56.05712127685547
744,players,21,0.0,8.677837371826172,59.83829879760742
744,players,9,0.0,11.790343284606934,53.953521728515625
744,players,132,0.0,8.552888870239258,20.87242317199707
744,players,5,1.0,8.750179290771484,52.479400634765625
744,players,301,1.0,8.659393310546875,49.81203079223633
744,players,262,1.0,,
744,players,133,1.0,15.191576957702637,37.68043899536133
745,players,206,0.0,,
745,players,141,1.0,6.62015438079834,38.03110122680664
745,players,17,1.0,11.65186882019043,43.31169128417969
745,players,131,1.0,18.420867919921875,44.785980224609375
745,players,18,0.0,,
745,players,3,0.0,20.279281616210938,51.47187042236328
745,players,288,1.0,23.03791046142578,54.76827621459961
745,players,182,1.0,,
745,players,7,0.0,13.311444282531738,34.90987014770508
745,players,154,1.0,7.351592540740967,25.6617374420166
745,players,10,0.0,17.422515869140625,42.49696350097656
745,players,15,0.0,,
745,players,326,0.0,9.53764533996582,49.29683303833008
745,players,1,1.0,13.751178741455078,52.2139892578125
745,players,9,0.0,11.890401840209961,53.865055084228516
745,players,21,0.0,8.562875747680664,59.665714263916016
745,players,301,1.0,8.587985038757324,50.7741584777832
745,players,4,1.0,8.388100624084473,56.32321548461914
745,players,132,0.0,8.593587875366211,20.84929084777832
745,players,5,1.0,8.874921798706055,51.87921142578125
745,players,262,1.0,,
746,players,206,0.0,,
746,players,1,1.0,13.635220527648926,52.270137786865234
746,players,131,1.0,18.433000564575195,44.790199279785156
746,players,18,0.0,,
746,players,141,1.0,6.6358642578125,37.80003356933594
746,players,17,1.0,11.607518196105957,43.60462188720703
746,players,15,0.0,,
746,players,182,1.0,,
746,players,3,0.0,20.273174285888672,51.501773834228516
746,players,10,0.0,17.418254852294922,42.52702713012695
746,players,154,1.0,7.369335651397705,25.652952194213867
746,players,7,0.0,13.235596656799316,35.124629974365234
746,players,301,1.0,8.66527271270752,50.8171272277832
746,players,9,0.0,11.931330680847168,53.79024887084961
746,players,326,0.0,9.639833450317383,49.305599212646484
746,players,288,1.0,23.07327651977539,54.75526428222656
746,players,132,0.0,8.640005111694336,20.765769958496094
746,players,21,0.0,8.460466384887695,58.910308837890625
746,players,4,1.0,8.331826210021973,56.514522552490234
746,players,5,1.0,8.8809232711792,52.195037841796875
746,players,262,1.0,,
747,players,206,0.0,,
747,players,1,1.0,13.55868148803711,52.430877685546875
747,players,131,1.0,18.4309139251709,44.80255889892578
747,players,3,0.0,20.33279800415039,51.45664978027344
747,players,10,0.0,17.405696868896484,42.55227279663086
747,players,17,1.0,11.559762001037598,43.8380012512207
747,players,141,1.0,6.646258354187012,37.790382385253906
747,players,18,0.0,,
747,players,15,0.0,,
747,players,154,1.0,7.381646156311035,25.760040283203125
747,players,326,0.0,9.714905738830566,49.303627014160156
747,players,182,1.0,,
747,players,7,0.0,13.158455848693848,34.98939895629883
747,players,9,0.0,12.003159523010254,53.30146789550781
747,players,288,1.0,23.05348014831543,54.73433303833008
747,players,4,1.0,8.281549453735352,55.72118377685547
747,players,21,0.0,8.119505882263184,59.478721618652344
747,players,301,1.0,8.763038635253906,51.097068786621094
747,players,132,0.0,8.659000396728516,20.82693099975586
747,players,5,1.0,8.895538330078125,52.658016204833984
747,players,133,1.0,15.201920509338379,37.813350677490234
747,players,262,,,
748,players,3,0.0,20.291349411010742,51.583099365234375
748,players,141,1.0,6.61051607131958,37.7381706237793
748,players,206,0.0,,
748,players,15,0.0,,
748,players,10,0.0,17.429624557495117,42.53324890136719
748,players,131,1.0,18.439857482910156,44.86437225341797
748,players,17,1.0,11.469489097595215,43.96197509765625
748,players,1,1.0,13.478608131408691,52.574920654296875
748,players,7,0.0,13.120182037353516,35.0819206237793
748,players,326,0.0,9.764365196228027,49.33269500732422
748,players,18,0.0,,
748,players,182,1.0,,
748,players,154,1.0,7.450711727142334,25.733156204223633
748,players,133,1.0,15.122920036315918,37.821044921875
748,players,4,1.0,8.242756843566895,55.305633544921875
748,players,21,0.0,7.999570846557617,59.51457977294922
748,players,288,1.0,23.082149505615234,54.73936462402344
748,players,5,1.0,8.957932472229004,52.75569534301758
748,players,301,1.0,8.789013862609863,50.99824523925781
748,players,9,0.0,12.019335746765137,53.05523681640625
748,players,132,0.0,8.76384449005127,20.624160766601562
748,players,262,1.0,,
749,players,3,0.0,20.308752059936523,51.63587188720703
749,players,141,1.0,6.616018295288086,37.560462951660156
749,players,15,0.0,,
749,players,1,1.0,13.396127700805664,52.661983489990234
749,players,326,0.0,9.885141372680664,49.38945770263672
749,players,17,1.0,11.434133529663086,43.912349700927734
749,players,206,0.0,,
749,players,7,0.0,13.165998458862305,34.948970794677734
749,players,131,1.0,18.4695987701416,44.82790756225586
749,players,182,1.0,,
749,players,10,0.0,17.454265594482422,42.44098663330078
749,players,154,1.0,7.530845642089844,25.758827209472656
749,players,18,0.0,,
749,players,21,0.0,7.863190650939941,59.329833984375
749,players,4,1.0,8.19803524017334,55.35786056518555
749,players,288,1.0,23.1198787689209,54.77168655395508
749,players,5,1.0,9.033775329589844,52.78519821166992
749,players,301,1.0,8.912370681762695,50.48951721191406
749,players,133,1.0,15.157245635986328,37.87152099609375
749,players,132,0.0,8.816786766052246,20.404800415039062
749,players,9,0.0,12.21567440032959,53.0163459777832
749,players,262,1.0,,
0,referees,2,,,
0,referees,19,,,
0,referees,20,,14.897634506225586,28.890172958374023
1,referees,2,,,
1,referees,19,,,
1,referees,20,,14.895779609680176,28.895212173461914
2,referees,2,,,
2,referees,19,,,
2,referees,20,,14.85889720916748,29.020864486694336
3,referees,2,,,
3,referees,19,,,
3,referees,20,,14.838098526000977,29.070581436157227
4,referees,2,,,
4,referees,20,,14.800695419311523,29.189708709716797
4,referees,19,,,
5,referees,2,,,
5,referees,20,,14.774626731872559,29.304729461669922
5,referees,19,,,
6,referees,2,,,
6,referees,20,,14.751949310302734,29.36107063293457
6,referees,19,,,
7,referees,2,,,
7,referees,20,,14.736246109008789,29.423330307006836
7,referees,19,,,
8,referees,2,,,
8,referees,20,,14.722734451293945,29.5776309967041
8,referees,19,,,
9,referees,2,,,
9,referees,20,,14.717730522155762,29.64468002319336
9,referees,19,,,
10,referees,2,,,
10,referees,20,,14.741202354431152,29.51184844970703
10,referees,19,,,
11,referees,2,,,
11,referees,20,,14.740287780761719,29.586795806884766
11,referees,19,,,
12,referees,2,,,
12,referees,20,,14.741573333740234,29.642288208007812
12,referees,19,,,
13,referees,2,,,
13,referees,20,,14.745715141296387,29.672826766967773
13,referees,19,,,
14,referees,2,,,
14,referees,20,,14.740817070007324,29.76009178161621
14,referees,19,,,
15,referees,2,,,
15,referees,20,,14.737798690795898,29.78582763671875
15,referees,19,,,
16,referees,2,,,
16,referees,20,,14.773580551147461,29.736276626586914
16,referees,19,,,
17,referees,2,,,
17,referees,20,,14.777318954467773,29.79171371459961
17,referees,19,,,
18,referees,2,,,
18,referees,20,,14.793086051940918,29.858074188232422
18,referees,19,,,
19,referees,2,,,
19,referees,20,,14.796527862548828,29.8863468170166
19,referees,19,,,
20,referees,2,,,
20,referees,20,,14.807985305786133,29.9139404296875
20,referees,19,,,
21,referees,2,,,
21,referees,20,,14.933378219604492,29.726333618164062
21,referees,19,,,
22,referees,2,,,
22,referees,19,,,
22,referees,20,,14.860942840576172,30.071807861328125
23,referees,2,,,
23,referees,19,,,
23,referees,20,,14.848800659179688,30.17657470703125
24,referees,2,,,
24,referees,19,,,
24,referees,20,,14.914173126220703,30.35844612121582
25,referees,2,,,
25,referees,19,,,
26,referees,2,,,
26,referees,20,,14.974214553833008,30.27299690246582
26,referees,19,,,
27,referees,2,,,
27,referees,20,,15.005268096923828,30.330184936523438
27,referees,19,,,
28,referees,2,,,
28,referees,20,,15.047752380371094,30.284944534301758
28,referees,19,,,
29,referees,2,,,
29,referees,20,,15.065380096435547,30.33266258239746
29,referees,19,,,
30,referees,2,,,
30,referees,20,,15.085079193115234,30.501901626586914
30,referees,19,,,
31,referees,2,,,
31,referees,20,,15.114760398864746,30.408565521240234
31,referees,19,,,
32,referees,2,,,
32,referees,20,,15.175017356872559,30.457944869995117
32,referees,19,,,
33,referees,2,,,
33,referees,20,,15.2089204788208,30.357791900634766
33,referees,19,,,
34,referees,2,,,
34,referees,20,,15.214311599731445,30.619094848632812
34,referees,19,,,
35,referees,2,,,
35,referees,20,,15.274602890014648,30.51288604736328
35,referees,19,,,
36,referees,2,,,
36,referees,20,,15.35205364227295,30.394468307495117
36,referees,19,,,
37,referees,2,,,
37,referees,19,,,
37,referees,20,,15.374430656433105,30.53248405456543
38,referees,2,,,
38,referees,19,,,
39,referees,2,,,
39,referees,19,,,
40,referees,2,,,
40,referees,19,,,
40,referees,47,,15.522445678710938,30.245290756225586
41,referees,2,,,
41,referees,20,,15.63406753540039,30.209190368652344
41,referees,19,,,
42,referees,2,,,
42,referees,19,,,
43,referees,2,,,
43,referees,19,,,
43,referees,20,,15.747776985168457,30.98455047607422
44,referees,2,,,
44,referees,20,,15.843814849853516,31.466325759887695
44,referees,19,,,
44,referees,51,,,
45,referees,2,,,
45,referees,19,,,
45,referees,51,,,
46,referees,51,,,
46,referees,20,,16.001554489135742,31.508697509765625
46,referees,19,,,
47,referees,51,,,
47,referees,19,,,
48,referees,51,,,
48,referees,19,,,
49,referees,20,,16.27739715576172,31.606470108032227
49,referees,51,,,
49,referees,19,,,
50,referees,20,,16.324491500854492,31.628095626831055
50,referees,19,,,
51,referees,20,,16.427257537841797,31.536109924316406
51,referees,19,,,
52,referees,20,,16.499475479125977,31.60059356689453
52,referees,19,,,
53,referees,20,,16.581073760986328,31.433807373046875
53,referees,19,,,
54,referees,20,,16.66861343383789,31.384872436523438
54,referees,19,,,
55,referees,20,,16.74465560913086,31.430267333984375
55,referees,19,,,
56,referees,20,,16.8284969329834,31.50129508972168
56,referees,19,,,
57,referees,19,,,
58,referees,20,,16.952699661254883,31.47878074645996
58,referees,19,,,
59,referees,20,,17.02355194091797,31.538776397705078
59,referees,19,,,
60,referees,20,,17.10688018798828,31.610631942749023
60,referees,19,,,
61,referees,20,,17.21837043762207,31.513669967651367
61,referees,19,,,
62,referees,19,,,
63,referees,20,,17.348331451416016,31.609283447265625
63,referees,19,,,
64,referees,19,,,
65,referees,19,,,
65,referees,20,,17.468551635742188,31.589561462402344
66,referees,20,,17.468637466430664,31.769947052001953
66,referees,19,,,
67,referees,20,,17.537418365478516,31.6171817779541
67,referees,19,,,
68,referees,20,,17.620208740234375,31.598323822021484
68,referees,19,,,
69,referees,19,,,
69,referees,20,,17.712865829467773,31.775951385498047
70,referees,19,,,
70,referees,20,,17.861488342285156,31.640356063842773
71,referees,19,,,
71,referees,20,,17.954883575439453,31.60845375061035
72,referees,19,,,
72,referees,20,,18.004737854003906,31.72342872619629
73,referees,20,,18.085540771484375,31.75301742553711
73,referees,19,,,
74,referees,19,,,
75,referees,20,,18.27457046508789,31.60798454284668
75,referees,19,,,
76,referees,20,,18.329082489013672,31.287607192993164
76,referees,19,,,
77,referees,19,,,
77,referees,20,,18.317659378051758,31.279142379760742
78,referees,19,,,
78,referees,20,,18.327411651611328,31.5904483795166
79,referees,19,,,
79,referees,20,,18.407129287719727,31.809057235717773
80,referees,19,,,
81,referees,19,,,
82,referees,19,,,
83,referees,19,,,
83,referees,20,,18.65210723876953,31.75687599182129
84,referees,19,,,
84,referees,20,,18.55820083618164,31.714656829833984
85,referees,19,,,
85,referees,20,,18.590560913085938,31.69490623474121
86,referees,20,,18.67085838317871,31.792770385742188
86,referees,19,,,
87,referees,19,,,
87,referees,20,,18.7045841217041,32.0977783203125
88,referees,19,,,
88,referees,20,,18.862688064575195,31.877878189086914
89,referees,19,,,
89,referees,20,,19.00815773010254,31.809646606445312
90,referees,19,,,
90,referees,20,,19.07610511779785,32.03299331665039
91,referees,20,,19.181114196777344,31.84514617919922
91,referees,19,,,
92,referees,20,,19.241939544677734,31.9823055267334
92,referees,19,,,
93,referees,19,,,
93,referees,20,,19.330869674682617,32.08495330810547
94,referees,20,,19.338260650634766,32.26115417480469
95,referees,19,,8.075809478759766,0.40377873182296753
96,referees,19,,8.411494255065918,0.8107982873916626
98,referees,20,,19.694625854492188,32.39254379272461
98,referees,19,,8.858742713928223,1.5747151374816895
99,referees,19,,9.090221405029297,2.377309799194336
100,referees,19,,9.352341651916504,1.984053134918213
101,referees,19,,9.62552547454834,2.6239254474639893
101,referees,20,,19.984325408935547,32.016727447509766
102,referees,19,,9.992243766784668,2.4248697757720947
102,referees,20,,19.99656105041504,32.259464263916016
104,referees,19,,10.472111701965332,3.4803903102874756
104,referees,20,,20.050870895385742,32.53437805175781
105,referees,19,,10.80332088470459,3.6286818981170654
106,referees,19,,11.06535816192627,4.019855976104736
106,referees,20,,20.388565063476562,32.46921157836914
107,referees,19,,11.424474716186523,4.389026165008545
108,referees,20,,20.739023208618164,32.349246978759766
109,referees,19,,11.995718002319336,5.155637741088867
110,referees,19,,12.3729829788208,5.348536968231201
110,referees,20,,21.102672576904297,32.25874328613281
111,referees,20,,21.133304595947266,32.75258255004883
111,referees,19,,12.713390350341797,5.642675399780273
112,referees,19,,13.010074615478516,6.257065296173096
112,referees,20,,21.18783950805664,33.1246452331543
113,referees,20,,21.28059196472168,33.0684700012207
114,referees,20,,21.34934425354004,33.184852600097656
114,referees,19,,13.44760799407959,6.994180202484131
115,referees,20,,21.561386108398438,33.23879623413086
115,referees,19,,13.816502571105957,7.142464637756348
116,referees,19,,14.090116500854492,7.5277485847473145
117,referees,19,,14.34697437286377,7.965929985046387
117,referees,20,,21.905933380126953,32.97260665893555
119,referees,19,,14.982778549194336,8.292322158813477
120,referees,19,,15.222911834716797,8.836150169372559
121,referees,19,,15.5569429397583,8.74610710144043
123,referees,19,,16.011741638183594,9.194741249084473
125,referees,19,,16.465309143066406,9.607881546020508
126,referees,19,,16.767780303955078,9.853267669677734
127,referees,20,,23.1456241607666,33.342769622802734
128,referees,20,,23.290971755981445,33.01371383666992
128,referees,19,,17.167034149169922,10.6246919631958
129,referees,20,,,
131,referees,92,,17.744789123535156,11.016502380371094
134,referees,20,,,
135,referees,20,,,
136,referees,20,,,
137,referees,101,,18.480411529541016,11.067035675048828
138,referees,101,,18.5659236907959,10.929882049560547
139,referees,101,,18.648048400878906,10.914473533630371
140,referees,101,,18.759611129760742,10.601734161376953
145,referees,101,,18.924989700317383,11.063916206359863
146,referees,101,,18.98164939880371,10.894481658935547
147,referees,101,,18.93569564819336,10.96517276763916
148,referees,101,,18.950109481811523,10.881503105163574
148,referees,109,,,
149,referees,101,,18.907426834106445,11.401941299438477
150,referees,101,,18.970413208007812,11.01501178741455
151,referees,101,,18.97595977783203,11.095087051391602
152,referees,101,,19.046279907226562,10.863698959350586
153,referees,106,,,
153,referees,101,,19.035400390625,10.997212409973145
154,referees,106,,,
155,referees,106,,,
156,referees,106,,,
157,referees,113,,,
157,referees,106,,,
158,referees,106,,,
159,referees,113,,,
159,referees,106,,,
160,referees,106,,,
161,referees,113,,,
161,referees,106,,,
162,referees,113,,,
162,referees,106,,,
163,referees,113,,,
163,referees,106,,,
164,referees,113,,,
164,referees,106,,,
165,referees,113,,,
165,referees,106,,,
166,referees,113,,,
166,referees,106,,,
166,referees,118,,18.844039916992188,10.499396324157715
167,referees,113,,,
167,referees,118,,18.802207946777344,10.427833557128906
167,referees,106,,,
168,referees,106,,23.300411224365234,32.65956497192383
168,referees,118,,18.753253936767578,10.487214088439941
169,referees,113,,,
169,referees,118,,18.6986026763916,10.372038841247559
169,referees,106,,,
170,referees,113,,,
170,referees,118,,18.61830711364746,10.528125762939453
170,referees,106,,,
171,referees,113,,,
171,referees,118,,18.601804733276367,10.494288444519043
171,referees,106,,,
172,referees,113,,,
172,referees,118,,18.49004364013672,10.592265129089355
173,referees,113,,,
174,referees,106,,23.108963012695312,31.36827850341797
174,referees,113,,,
175,referees,113,,,
175,referees,106,,23.02301788330078,31.394269943237305
176,referees,113,,,
176,referees,106,,22.918458938598633,31.552021026611328
177,referees,113,,,
177,referees,106,,22.800554275512695,31.787425994873047
178,referees,113,,,
178,referees,106,,22.7633113861084,31.616701126098633
179,referees,113,,,
179,referees,106,,22.740493774414062,31.306896209716797
180,referees,113,,,
180,referees,106,,22.676435470581055,31.296031951904297
181,referees,113,,,
181,referees,106,,22.69219207763672,30.951274871826172
182,referees,113,,,
182,referees,106,,22.596141815185547,30.937238693237305
183,referees,106,,22.503196716308594,30.93868064880371
183,referees,113,,,
183,referees,118,,18.099576950073242,10.446056365966797
184,referees,106,,22.348491668701172,31.155654907226562
184,referees,113,,,
184,referees,118,,18.077333450317383,10.35405158996582
185,referees,106,,22.259502410888672,31.26099395751953
185,referees,113,,,
185,referees,118,,18.06165885925293,10.358423233032227
186,referees,113,,,
186,referees,118,,18.027667999267578,10.314614295959473
186,referees,106,,22.255441665649414,30.948575973510742
187,referees,113,,,
187,referees,106,,22.177391052246094,31.11187171936035
187,referees,118,,18.004070281982422,10.418103218078613
188,referees,113,,,
188,referees,118,,17.98615074157715,10.389404296875
188,referees,106,,22.10839080810547,31.114965438842773
189,referees,113,,,
189,referees,118,,18.012149810791016,10.233861923217773
190,referees,113,,,
190,referees,118,,18.04014778137207,9.945744514465332
191,referees,113,,,
191,referees,118,,17.997533798217773,10.29919147491455
192,referees,113,,,
192,referees,118,,17.98225212097168,10.170281410217285
193,referees,113,,,
193,referees,118,,17.976991653442383,9.99533748626709
194,referees,113,,,
194,referees,106,,21.93398666381836,30.851179122924805
194,referees,118,,17.961149215698242,10.105175018310547
195,referees,113,,,
195,referees,106,,21.88207244873047,30.954750061035156
195,referees,118,,17.971403121948242,10.022242546081543
196,referees,106,,21.86131477355957,30.942777633666992
196,referees,113,,,
196,referees,118,,17.947830200195312,10.156412124633789
197,referees,106,,21.87714958190918,30.62847900390625
197,referees,113,,,
197,referees,118,,17.916568756103516,10.184721946716309
198,referees,106,,21.85905647277832,30.657005310058594
198,referees,113,,,
198,referees,118,,17.971406936645508,9.972970962524414
199,referees,106,,21.84137535095215,30.694541931152344
199,referees,113,,,
199,referees,118,,17.945493698120117,10.048020362854004
200,referees,113,,,
200,referees,106,,21.870773315429688,30.658864974975586
200,referees,118,,17.933259963989258,10.155258178710938
201,referees,113,,,
201,referees,106,,21.9027042388916,30.54810333251953
201,referees,118,,17.925535202026367,10.228784561157227
202,referees,113,,,
202,referees,106,,21.960336685180664,30.410261154174805
202,referees,118,,17.9776668548584,10.05178165435791
203,referees,113,,,
203,referees,118,,17.933794021606445,10.237201690673828
203,referees,106,,21.93557357788086,30.51303482055664
204,referees,113,,,
204,referees,118,,17.949108123779297,10.200645446777344
204,referees,106,,21.979692459106445,30.389568328857422
205,referees,113,,,
205,referees,118,,17.945466995239258,10.309906005859375
205,referees,106,,21.982444763183594,30.441587448120117
206,referees,113,,,
206,referees,118,,17.941822052001953,10.333982467651367
206,referees,106,,21.98130226135254,30.469236373901367
207,referees,113,,,
207,referees,118,,17.927600860595703,10.332138061523438
207,referees,106,,21.99288558959961,30.4075870513916
208,referees,113,,,
208,referees,118,,17.91131019592285,10.365565299987793
209,referees,113,,,
209,referees,118,,17.90028953552246,10.407339096069336
210,referees,113,,,
210,referees,118,,17.89377784729004,10.382508277893066
211,referees,113,,,
211,referees,118,,17.869577407836914,10.436906814575195
212,referees,113,,,
212,referees,118,,17.84722900390625,10.53018856048584
212,referees,106,,21.975276947021484,30.55855369567871
213,referees,113,,,
213,referees,118,,17.837778091430664,10.484689712524414
213,referees,106,,22.00847816467285,30.447824478149414
214,referees,113,,,
214,referees,118,,17.821077346801758,10.513335227966309
215,referees,113,,,
215,referees,118,,17.82309913635254,10.505963325500488
216,referees,113,,,
216,referees,118,,17.82939338684082,10.489577293395996
217,referees,113,,,
217,referees,118,,17.839853286743164,10.466999053955078
218,referees,113,,,
218,referees,118,,17.86231803894043,10.374641418457031
219,referees,113,,,
219,referees,118,,17.84017562866211,10.459007263183594
220,referees,113,,,
220,referees,118,,17.834741592407227,10.459214210510254
221,referees,113,,,
221,referees,118,,17.829856872558594,10.442842483520508
222,referees,113,,,
222,referees,118,,17.82427406311035,10.506451606750488
223,referees,113,,,
223,referees,118,,17.785490036010742,10.555558204650879
224,referees,113,,,
224,referees,118,,17.781845092773438,10.4924955368042
225,referees,113,,,
225,referees,118,,17.769277572631836,10.450830459594727
225,referees,133,,22.277698516845703,30.330780029296875
226,referees,113,,,
226,referees,118,,17.75240707397461,10.51409912109375
227,referees,113,,,
227,referees,118,,17.71546173095703,10.590605735778809
228,referees,113,,,
228,referees,118,,17.709693908691406,10.589078903198242
228,referees,133,,22.299142837524414,30.259607315063477
229,referees,113,,,
229,referees,118,,17.754579544067383,10.547185897827148
229,referees,133,,22.320629119873047,30.249439239501953
230,referees,113,,,
230,referees,133,,22.3941707611084,30.319114685058594
230,referees,118,,17.752429962158203,10.538358688354492
230,referees,7,,,
231,referees,113,,,
231,referees,133,,22.434349060058594,30.425945281982422
231,referees,7,,,
231,referees,118,,17.736040115356445,10.537423133850098
232,referees,113,,,
232,referees,133,,22.436908721923828,30.430824279785156
232,referees,7,,,
232,referees,118,,17.727060317993164,10.569992065429688
233,referees,113,,,
233,referees,133,,22.5047607421875,30.178653717041016
233,referees,7,,,
233,referees,118,,17.69696617126465,10.434308052062988
234,referees,113,,,
234,referees,133,,22.520769119262695,30.431987762451172
234,referees,7,,,
234,referees,118,,17.669883728027344,10.738200187683105
235,referees,113,,,
235,referees,133,,22.54277992248535,30.514251708984375
235,referees,118,,17.642295837402344,10.917110443115234
235,referees,7,,,
236,referees,113,,,
236,referees,133,,22.604351043701172,30.517770767211914
236,referees,118,,17.630168914794922,10.896106719970703
237,referees,113,,,
237,referees,118,,17.646793365478516,10.819730758666992
237,referees,133,,22.621652603149414,30.456302642822266
238,referees,113,,,
238,referees,133,,22.61764907836914,30.52001953125
238,referees,118,,17.646251678466797,10.751839637756348
239,referees,113,,,
239,referees,133,,22.62986946105957,30.547828674316406
239,referees,118,,17.637210845947266,10.695127487182617
240,referees,113,,,
240,referees,133,,22.64227294921875,30.528623580932617
240,referees,118,,17.618680953979492,10.761627197265625
241,referees,133,,22.63536834716797,30.646879196166992
241,referees,113,,,
241,referees,118,,17.584354400634766,10.995981216430664
242,referees,113,,,
242,referees,133,,22.680702209472656,30.599763870239258
242,referees,118,,17.549118041992188,11.285392761230469
243,referees,113,,,
243,referees,133,,22.68726921081543,30.59716796875
243,referees,118,,17.56195068359375,11.150747299194336
244,referees,113,,,
244,referees,133,,22.718528747558594,30.505146026611328
245,referees,113,,,
245,referees,133,,22.780961990356445,30.50754737854004
246,referees,113,,,
246,referees,133,,22.796815872192383,30.567401885986328
247,referees,113,,,
248,referees,113,,,
248,referees,133,,22.88569450378418,30.62287712097168
249,referees,113,,,
250,referees,113,,,
251,referees,113,,,
252,referees,113,,,
253,referees,113,,,
254,referees,113,,,
255,referees,113,,,
256,referees,113,,,
257,referees,113,,,
258,referees,113,,,
259,referees,113,,,
260,referees,113,,,
260,referees,133,,23.273088455200195,30.82318687438965
261,referees,113,,,
262,referees,113,,,
263,referees,113,,,
264,referees,113,,,
265,referees,113,,,
266,referees,113,,,
266,referees,133,,,
267,referees,113,,,
267,referees,133,,,
268,referees,113,,,
269,referees,113,,,
270,referees,113,,,
270,referees,133,,,
271,referees,113,,,
271,referees,133,,,
272,referees,113,,,
272,referees,133,,,
273,referees,113,,,
273,referees,133,,,
274,referees,113,,,
274,referees,133,,,
275,referees,113,,,
275,referees,133,,,
276,referees,113,,,
277,referees,113,,,
277,referees,133,,,
278,referees,113,,,
279,referees,113,,,
279,referees,133,,,
280,referees,113,,,
280,referees,133,,,
281,referees,113,,,
281,referees,133,,,
282,referees,113,,,
282,referees,133,,,
283,referees,113,,,
283,referees,133,,,
284,referees,113,,,
284,referees,133,,,
285,referees,113,,,
285,referees,133,,,
286,referees,113,,,
286,referees,133,,,
287,referees,113,,,
287,referees,133,,,
288,referees,133,,,
288,referees,113,,,
289,referees,133,,,
289,referees,113,,,
290,referees,133,,,
290,referees,113,,,
291,referees,133,,,
291,referees,113,,,
292,referees,133,,,
292,referees,113,,,
293,referees,113,,,
293,referees,133,,,
294,referees,113,,,
294,referees,133,,,
295,referees,133,,,
295,referees,113,,,
295,referees,146,,17.61924934387207,10.936156272888184
296,referees,113,,,
296,referees,133,,,
296,referees,146,,17.627599716186523,10.939654350280762
297,referees,113,,,
297,referees,133,,,
297,referees,146,,17.615623474121094,11.029237747192383
298,referees,113,,,
298,referees,133,,,
298,referees,146,,17.597320556640625,11.139052391052246
299,referees,113,,,
299,referees,146,,17.600805282592773,11.155961036682129
299,referees,133,,,
300,referees,113,,,
300,referees,146,,17.609521865844727,11.34000015258789
301,referees,113,,,
301,referees,146,,17.61188507080078,11.407435417175293
302,referees,113,,,
302,referees,146,,17.64433479309082,11.347423553466797
303,referees,113,,,
303,referees,133,,,
303,referees,146,,17.688499450683594,11.32186508178711
304,referees,113,,,
304,referees,133,,,
305,referees,113,,,
305,referees,133,,,
305,referees,146,,17.761497497558594,11.447789192199707
306,referees,113,,,
306,referees,133,,,
306,referees,146,,17.73544692993164,11.701752662658691
307,referees,113,,,
307,referees,133,,,
307,referees,146,,17.75754165649414,11.770792007446289
308,referees,113,,,
308,referees,133,,,
308,referees,146,,17.774879455566406,11.777286529541016
309,referees,113,,,
309,referees,133,,,
309,referees,146,,17.790910720825195,11.493069648742676
310,referees,113,,,
310,referees,146,,17.7487850189209,11.599907875061035
311,referees,113,,,
311,referees,133,,,
311,referees,146,,17.701705932617188,11.735555648803711
312,referees,113,,,
312,referees,133,,,
312,referees,146,,17.670875549316406,11.65931510925293
313,referees,113,,,
313,referees,133,,,
313,referees,146,,17.63386344909668,11.647026062011719
314,referees,113,,,
314,referees,146,,17.61734390258789,11.537281036376953
315,referees,113,,,
315,referees,146,,17.58536720275879,11.644319534301758
316,referees,113,,,
316,referees,133,,,
316,referees,146,,17.5496826171875,11.737642288208008
317,referees,113,,,
317,referees,133,,,
318,referees,113,,,
318,referees,133,,,
319,referees,113,,,
319,referees,133,,,
320,referees,113,,,
320,referees,133,,,
321,referees,113,,,
321,referees,133,,,
322,referees,113,,,
322,referees,133,,,
323,referees,113,,,
323,referees,133,,,
324,referees,113,,,
324,referees,133,,,
325,referees,113,,,
325,referees,133,,,
325,referees,162,,17.1688175201416,11.373895645141602
326,referees,113,,,
326,referees,133,,,
326,referees,162,,17.089675903320312,11.534744262695312
327,referees,133,,,
327,referees,113,,,
327,referees,162,,17.07125473022461,11.60197639465332
328,referees,113,,,
328,referees,133,,,
328,referees,162,,16.98157501220703,11.669997215270996
329,referees,133,,,
329,referees,113,,,
330,referees,113,,,
330,referees,133,,,
331,referees,113,,,
331,referees,133,,,
331,referees,162,,16.828027725219727,11.990606307983398
332,referees,113,,,
332,referees,133,,,
332,referees,162,,16.813243865966797,11.901942253112793
333,referees,113,,,
333,referees,133,,,
334,referees,113,,,
334,referees,133,,,
335,referees,113,,,
335,referees,133,,,
336,referees,133,,,
336,referees,113,,,
336,referees,162,,16.586484909057617,11.694252967834473
337,referees,133,,,
337,referees,113,,,
337,referees,162,,16.555877685546875,11.735329627990723
338,referees,113,,,
338,referees,133,,,
338,referees,162,,16.493732452392578,11.577859878540039
339,referees,113,,,
339,referees,162,,16.479907989501953,11.520711898803711
339,referees,133,,,
340,referees,113,,,
340,referees,133,,,
340,referees,162,,16.462759017944336,11.163339614868164
341,referees,113,,,
341,referees,162,,16.383378982543945,11.236030578613281
341,referees,133,,,
342,referees,113,,,
342,referees,166,,,
342,referees,162,,16.296045303344727,11.338526725769043
343,referees,113,,,
343,referees,133,,,
343,referees,162,,16.257003784179688,11.10251522064209
344,referees,113,,,
345,referees,113,,,
345,referees,133,,,
346,referees,113,,,
346,referees,162,,15.970048904418945,10.610417366027832
347,referees,113,,,
347,referees,162,,15.937057495117188,10.297487258911133
348,referees,113,,,
348,referees,162,,15.881514549255371,10.387900352478027
348,referees,133,,,
349,referees,113,,,
349,referees,133,,,
349,referees,162,,15.734687805175781,10.280827522277832
350,referees,113,,,
350,referees,133,,,
350,referees,162,,15.610103607177734,10.112394332885742
351,referees,113,,,
351,referees,133,,23.305801391601562,30.96619415283203
352,referees,113,,,
352,referees,133,,23.244592666625977,30.840389251708984
353,referees,113,,,
353,referees,133,,23.170230865478516,30.75657081604004
353,referees,162,,15.258566856384277,9.256195068359375
354,referees,113,,,
354,referees,133,,23.1058292388916,30.786361694335938
354,referees,162,,15.192357063293457,9.25558090209961
355,referees,113,,,
355,referees,133,,23.05358123779297,30.84522247314453
355,referees,162,,15.068373680114746,9.379382133483887
356,referees,133,,22.984243392944336,30.890483856201172
356,referees,113,,,
356,referees,162,,14.899906158447266,9.081564903259277
357,referees,113,,,
357,referees,162,,14.774189949035645,9.00893783569336
357,referees,133,,22.90891456604004,30.769821166992188
358,referees,113,,,
358,referees,133,,22.78557014465332,30.775476455688477
358,referees,162,,14.542306900024414,9.161513328552246
359,referees,113,,,
359,referees,133,,22.637760162353516,30.804912567138672
359,referees,162,,14.412148475646973,8.86568546295166
360,referees,113,,,
360,referees,133,,22.564491271972656,30.801956176757812
360,referees,162,,14.209965705871582,8.940286636352539
361,referees,113,,,
361,referees,133,,22.415874481201172,30.83384132385254
361,referees,162,,14.08092975616455,8.590239524841309
362,referees,113,,,
362,referees,133,,22.303306579589844,30.80643653869629
363,referees,113,,,
363,referees,133,,22.199871063232422,30.7768611907959
363,referees,162,,13.720627784729004,8.35281753540039
364,referees,113,,,
364,referees,133,,22.155027389526367,30.77140235900879
364,referees,162,,13.569518089294434,8.403700828552246
365,referees,113,,,
365,referees,133,,22.1207275390625,30.814985275268555
365,referees,162,,13.435770988464355,8.247949600219727
366,referees,113,,,
366,referees,133,,22.039400100708008,30.73813819885254
366,referees,162,,13.262367248535156,7.9751715660095215
367,referees,113,,,
367,referees,133,,21.916202545166016,30.7608585357666
367,referees,162,,13.16659927368164,7.694138050079346
368,referees,113,,,
368,referees,133,,21.87941551208496,30.611061096191406
368,referees,162,,12.98499584197998,7.852346897125244
369,referees,113,,,
369,referees,133,,21.73589515686035,30.755041122436523
369,referees,162,,12.800610542297363,7.537973403930664
370,referees,113,,,
370,referees,133,,21.616378784179688,30.818344116210938
370,referees,162,,12.648842811584473,7.328517913818359
371,referees,113,,,
371,referees,133,,21.542646408081055,30.77056884765625
372,referees,133,,21.495092391967773,30.611495971679688
372,referees,113,,,
372,referees,162,,12.284492492675781,7.140633583068848
373,referees,133,,21.42544174194336,30.761539459228516
373,referees,113,,,
373,referees,162,,12.175052642822266,6.98664665222168
374,referees,113,,,
374,referees,133,,21.392518997192383,30.573389053344727
374,referees,162,,12.078206062316895,6.525934219360352
375,referees,113,,,
375,referees,133,,21.345111846923828,30.447385787963867
375,referees,162,,11.874189376831055,6.562691688537598
376,referees,113,,,
376,referees,162,,11.728147506713867,6.680521011352539
376,referees,133,,21.249568939208984,30.622896194458008
377,referees,113,,,
377,referees,162,,11.487996101379395,6.374539852142334
377,referees,133,,21.131591796875,30.525543212890625
378,referees,162,,11.376876831054688,6.565129280090332
378,referees,113,,,
379,referees,133,,20.954917907714844,30.57373809814453
379,referees,162,,11.13438606262207,6.417085647583008
380,referees,133,,20.86982536315918,30.57196807861328
380,referees,113,,,
380,referees,162,,10.99020004272461,5.977612018585205
381,referees,133,,20.808246612548828,30.53394317626953
381,referees,113,,,
381,referees,162,,10.722907066345215,6.643527030944824
382,referees,133,,20.6624698638916,30.708280563354492
382,referees,113,,,
382,referees,162,,10.679850578308105,5.246795654296875
383,referees,113,,,
383,referees,133,,20.55805206298828,30.651432037353516
383,referees,162,,10.447547912597656,5.221775531768799
384,referees,113,,,
384,referees,133,,20.425941467285156,30.70482063293457
384,referees,162,,10.31789779663086,5.2902703285217285
385,referees,113,,,
385,referees,162,,10.13256549835205,4.663309097290039
385,referees,133,,20.33384132385254,30.610334396362305
386,referees,113,,,
386,referees,162,,9.977831840515137,4.95137882232666
386,referees,133,,20.289958953857422,30.605913162231445
387,referees,113,,,
387,referees,162,,9.825966835021973,5.028753757476807
387,referees,133,,20.14094352722168,30.708450317382812
388,referees,133,,20.04228401184082,30.60361671447754
388,referees,113,,,
388,referees,162,,9.629920959472656,4.576565265655518
389,referees,113,,,
389,referees,133,,19.972949981689453,30.582399368286133
389,referees,162,,9.495376586914062,4.6471405029296875
390,referees,113,,,
390,referees,133,,19.853839874267578,30.63890266418457
391,referees,113,,,
391,referees,133,,19.76226043701172,30.70904541015625
391,referees,162,,9.154370307922363,4.246709823608398
392,referees,113,,,
392,referees,162,,9.048107147216797,3.8478944301605225
392,referees,133,,19.68073844909668,30.637331008911133
393,referees,113,,,
393,referees,162,,8.85179328918457,4.00089693069458
393,referees,133,,19.577608108520508,30.426877975463867
394,referees,133,,19.436420440673828,30.935993194580078
394,referees,113,,,
394,referees,162,,8.721315383911133,3.9330790042877197
395,referees,133,,19.357831954956055,30.704357147216797
395,referees,162,,8.547258377075195,3.443511486053467
395,referees,113,,,
396,referees,133,,19.284442901611328,30.5382022857666
396,referees,113,,,
396,referees,162,,8.33425521850586,3.3215460777282715
397,referees,113,,,
397,referees,133,,19.14977264404297,30.6356201171875
397,referees,162,,8.241238594055176,3.013780355453491
398,referees,113,,,
398,referees,162,,8.004571914672852,3.0697357654571533
398,referees,133,,19.002592086791992,30.83452033996582
399,referees,113,,,
399,referees,162,,7.887449741363525,2.8221004009246826
399,referees,133,,18.978910446166992,30.575773239135742
400,referees,113,,,
400,referees,133,,18.792339324951172,30.757492065429688
401,referees,113,,,
401,referees,133,,18.69060707092285,30.58754539489746
401,referees,162,,7.5105414390563965,2.103059768676758
402,referees,113,,,
402,referees,133,,18.633350372314453,30.584104537963867
402,referees,162,,7.433296203613281,2.2969353199005127
403,referees,113,,,
403,referees,133,,18.527217864990234,30.566390991210938
403,referees,162,,7.229081153869629,1.9725329875946045
404,referees,113,,,
404,referees,162,,7.136008262634277,1.6124873161315918
404,referees,133,,18.3929500579834,30.67218780517578
405,referees,113,,,
405,referees,133,,18.244199752807617,30.57735252380371
405,referees,162,,6.837856769561768,1.6981651782989502
406,referees,113,,,
406,referees,133,,18.08310890197754,30.628175735473633
406,referees,162,,6.655179023742676,1.4800909757614136
407,referees,113,,,
407,referees,133,,17.94869041442871,30.81101417541504
407,referees,162,,6.423272609710693,0.8846102356910706
408,referees,113,,,
408,referees,133,,17.811609268188477,30.732683181762695
408,referees,162,,6.28557014465332,0.6954906582832336
409,referees,113,,,
409,referees,133,,17.6712646484375,30.781850814819336
409,referees,162,,6.16453218460083,0.39416831731796265
410,referees,113,,,
410,referees,162,,5.981106758117676,0.472663938999176
410,referees,133,,17.610485076904297,30.97195053100586
411,referees,113,,,
411,referees,133,,17.545137405395508,30.704832077026367
411,referees,162,,,
412,referees,113,,,
412,referees,133,,17.446475982666016,30.315654754638672
412,referees,162,,,
413,referees,113,,,
413,referees,133,,17.406137466430664,30.273942947387695
413,referees,162,,,
414,referees,113,,,
414,referees,133,,17.33582305908203,30.431060791015625
414,referees,162,,,
415,referees,113,,,
415,referees,133,,17.305383682250977,30.353336334228516
415,referees,162,,,
416,referees,113,,,
416,referees,133,,17.283946990966797,30.30112075805664
416,referees,162,,,
417,referees,113,,,
417,referees,133,,17.246437072753906,30.388715744018555
417,referees,162,,,
418,referees,113,,,
418,referees,133,,17.248794555664062,30.32149314880371
418,referees,162,,,
419,referees,113,,,
419,referees,162,,,
419,referees,133,,17.253173828125,30.327320098876953
420,referees,113,,,
420,referees,162,,,
420,referees,133,,17.197526931762695,30.6427001953125
421,referees,113,,,
421,referees,133,,17.189960479736328,30.663965225219727
421,referees,162,,,
422,referees,113,,,
422,referees,162,,,
422,referees,133,,17.17616844177246,30.67721939086914
423,referees,113,,,
423,referees,133,,17.160076141357422,30.803430557250977
423,referees,162,,,
424,referees,113,,,
424,referees,133,,17.18914794921875,30.796846389770508
424,referees,162,,,
425,referees,113,,,
425,referees,133,,17.203744888305664,30.795528411865234
425,referees,162,,,
426,referees,113,,,
426,referees,133,,17.1971492767334,30.869182586669922
426,referees,162,,,
427,referees,133,,17.214414596557617,30.77975845336914
427,referees,113,,,
427,referees,162,,,
428,referees,133,,17.216279983520508,30.825862884521484
428,referees,113,,,
428,referees,162,,,
429,referees,133,,17.259872436523438,30.798809051513672
429,referees,113,,,
429,referees,162,,,
430,referees,113,,,
430,referees,133,,17.23076629638672,30.85711097717285
430,referees,162,,,
431,referees,113,,,
431,referees,133,,17.262638092041016,30.7545223236084
431,referees,162,,,
432,referees,113,,,
432,referees,133,,17.232295989990234,30.792640686035156
432,referees,162,,,
433,referees,113,,,
433,referees,133,,17.23396110534668,30.646940231323242
433,referees,162,,,
434,referees,113,,,
434,referees,133,,17.164859771728516,30.80843734741211
434,referees,162,,,
435,referees,113,,,
435,referees,133,,17.101318359375,30.966283798217773
436,referees,113,,,
436,referees,133,,17.05449676513672,30.959917068481445
436,referees,162,,,
437,referees,113,,,
437,referees,133,,17.00621795654297,31.041505813598633
437,referees,162,,,
438,referees,113,,,
438,referees,133,,16.96738624572754,30.996593475341797
438,referees,162,,,
439,referees,113,,,
439,referees,133,,16.913124084472656,31.01449966430664
439,referees,162,,,
440,referees,113,,,
440,referees,133,,16.883182525634766,30.99367332458496
440,referees,162,,,
441,referees,113,,,
441,referees,133,,16.856962203979492,30.962797164916992
441,referees,162,,,
442,referees,113,,,
442,referees,133,,16.875595092773438,30.734567642211914
442,referees,162,,,
443,referees,113,,,
443,referees,133,,16.91156768798828,30.809972763061523
443,referees,162,,,
444,referees,113,,,
444,referees,133,,16.870100021362305,30.93535614013672
444,referees,162,,,
445,referees,113,,,
445,referees,133,,16.807172775268555,30.99793815612793
445,referees,162,,,
446,referees,113,,,
446,referees,133,,16.758296966552734,30.875844955444336
446,referees,162,,,
447,referees,133,,16.657958984375,30.989965438842773
447,referees,113,,,
448,referees,133,,16.541048049926758,31.116165161132812
448,referees,113,,,
449,referees,133,,16.4671630859375,31.274965286254883
449,referees,113,,,
449,referees,162,,,
450,referees,133,,16.373504638671875,31.417264938354492
450,referees,113,,,
451,referees,113,,,
451,referees,133,,16.330917358398438,31.261863708496094
451,referees,162,,,
452,referees,113,,,
452,referees,133,,16.34375762939453,31.214418411254883
452,referees,162,,,
453,referees,113,,,
453,referees,133,,16.336536407470703,31.12852668762207
453,referees,162,,,
454,referees,113,,,
454,referees,133,,16.2988338470459,31.197134017944336
454,referees,162,,,
455,referees,113,,,
455,referees,133,,16.2063045501709,31.197853088378906
455,referees,162,,,
456,referees,113,,,
456,referees,162,,,
456,referees,133,,16.147436141967773,31.11646842956543
457,referees,113,,,
457,referees,133,,16.082279205322266,31.272653579711914
457,referees,162,,,
458,referees,113,,,
458,referees,133,,15.973734855651855,31.3337459564209
458,referees,162,,,
459,referees,113,,,
459,referees,162,,,
459,referees,133,,15.937609672546387,31.315580368041992
460,referees,113,,,
460,referees,133,,15.859302520751953,31.382299423217773
460,referees,162,,,
461,referees,113,,,
461,referees,133,,15.8267183303833,31.341449737548828
461,referees,162,,,
462,referees,133,,15.82664966583252,31.381196975708008
462,referees,113,,,
462,referees,162,,,
463,referees,133,,15.8475980758667,31.55312156677246
463,referees,162,,,
463,referees,113,,,
464,referees,113,,,
464,referees,133,,15.883833885192871,31.327543258666992
464,referees,162,,,
465,referees,113,,,
465,referees,133,,15.80424690246582,31.44672393798828
465,referees,162,,,
466,referees,113,,,
466,referees,133,,15.732291221618652,31.551528930664062
466,referees,162,,,
467,referees,113,,,
467,referees,133,,15.683971405029297,31.650707244873047
467,referees,162,,,
468,referees,113,,,
468,referees,133,,15.649803161621094,31.770877838134766
468,referees,162,,,
469,referees,113,,,
469,referees,133,,15.595491409301758,31.773469924926758
469,referees,162,,,
470,referees,113,,,
470,referees,133,,15.539266586303711,31.85257339477539
470,referees,162,,,
471,referees,113,,,
471,referees,133,,15.561531066894531,31.86237335205078
471,referees,162,,,
472,referees,113,,,
472,referees,133,,15.595699310302734,31.791275024414062
472,referees,162,,,
473,referees,113,,,
473,referees,162,,,
473,referees,133,,15.602978706359863,31.831403732299805
474,referees,113,,,
474,referees,162,,,
474,referees,133,,15.549034118652344,31.908550262451172
475,referees,113,,,
475,referees,162,,,
475,referees,133,,15.462210655212402,31.900962829589844
476,referees,113,,,
476,referees,162,,,
477,referees,133,,15.439262390136719,31.722379684448242
477,referees,113,,,
477,referees,162,,,
478,referees,133,,15.360413551330566,31.858339309692383
478,referees,162,,,
479,referees,133,,15.300421714782715,31.9991455078125
479,referees,162,,,
480,referees,113,,,
480,referees,133,,15.225828170776367,31.92161750793457
480,referees,162,,,
481,referees,113,,,
481,referees,133,,15.208266258239746,31.906171798706055
481,referees,162,,,
482,referees,133,,15.176939010620117,32.01848602294922
482,referees,113,,,
482,referees,162,,0.8834103345870972,0.2496339976787567
483,referees,133,,15.152918815612793,32.09218978881836
483,referees,113,,,
483,referees,162,,0.79677414894104,0.16793416440486908
484,referees,133,,15.059883117675781,32.2182502746582
484,referees,113,,,
484,referees,162,,0.4994924068450928,0.2021048367023468
485,referees,133,,14.8869047164917,31.786054611206055
485,referees,113,,,
485,referees,162,,,
486,referees,133,,14.767509460449219,32.01518249511719
486,referees,113,,,
486,referees,162,,0.20207546651363373,0.27566972374916077
487,referees,133,,14.665285110473633,32.027366638183594
487,referees,113,,,
487,referees,162,,0.091002456843853,0.879591703414917
488,referees,133,,14.537755966186523,32.22447204589844
488,referees,113,,,
488,referees,162,,,
489,referees,113,,,
489,referees,133,,14.373331069946289,32.35458755493164
489,referees,162,,,
490,referees,113,,,
490,referees,133,,14.273924827575684,32.20525360107422
490,referees,162,,,
491,referees,113,,,
491,referees,133,,14.205098152160645,32.248939514160156
491,referees,162,,,
492,referees,113,,,
492,referees,133,,14.149062156677246,32.19945526123047
493,referees,113,,,
493,referees,133,,14.063370704650879,32.32559585571289
493,referees,162,,,
494,referees,113,,,
494,referees,133,,13.966397285461426,32.17906951904297
494,referees,162,,,
495,referees,113,,,
495,referees,133,,13.836153984069824,32.148624420166016
495,referees,162,,,
496,referees,113,,,
496,referees,133,,13.696405410766602,32.407859802246094
496,referees,162,,,
497,referees,113,,,
497,referees,133,,13.656283378601074,32.51927185058594
497,referees,162,,,
498,referees,113,,,
498,referees,162,,,
498,referees,133,,13.513378143310547,32.68588638305664
499,referees,113,,,
499,referees,133,,13.410823822021484,32.86846923828125
499,referees,162,,,
500,referees,113,,,
500,referees,133,,13.33273983001709,32.939918518066406
500,referees,162,,,
501,referees,113,,,
501,referees,162,,,
501,referees,133,,13.265239715576172,32.963565826416016
502,referees,113,,,
502,referees,162,,,
502,referees,133,,13.279129028320312,33.07393264770508
503,referees,113,,,
503,referees,162,,,
503,referees,133,,13.179986953735352,33.068172454833984
504,referees,113,,,
504,referees,133,,13.155229568481445,32.973270416259766
504,referees,162,,,
505,referees,133,,13.070035934448242,33.0392951965332
505,referees,113,,,
506,referees,133,,13.03520393371582,33.11729431152344
506,referees,113,,,
507,referees,133,,13.001954078674316,33.09317398071289
507,referees,113,,,
507,referees,252,,,
508,referees,133,,12.970782279968262,33.0901985168457
508,referees,113,,,
508,referees,252,,,
509,referees,113,,,
509,referees,133,,12.9627046585083,33.346134185791016
509,referees,252,,,
510,referees,113,,,
510,referees,133,,12.971311569213867,33.170623779296875
510,referees,252,,,
511,referees,113,,,
511,referees,133,,12.976277351379395,33.31001281738281
511,referees,252,,,
512,referees,113,,,
512,referees,133,,12.99967098236084,33.40663528442383
512,referees,252,,,
513,referees,133,,12.952370643615723,33.29353332519531
513,referees,113,,,
513,referees,252,,,
514,referees,133,,12.941922187805176,33.34544372558594
514,referees,113,,,
514,referees,252,,,
515,referees,133,,12.90774154663086,33.5322151184082
515,referees,113,,,
515,referees,252,,,
516,referees,133,,12.944244384765625,33.55369567871094
516,referees,113,,,
516,referees,252,,,
517,referees,133,,12.954957008361816,33.58028793334961
517,referees,113,,,
517,referees,252,,,
518,referees,113,,,
518,referees,133,,12.906905174255371,33.588218688964844
518,referees,252,,,
519,referees,113,,,
519,referees,133,,12.914663314819336,33.7686767578125
519,referees,252,,,
520,referees,113,,,
520,referees,133,,12.990384101867676,33.94940185546875
521,referees,113,,,
521,referees,133,,13.024879455566406,34.03022003173828
521,referees,252,,,
522,referees,113,,,
522,referees,133,,13.034574508666992,34.09556579589844
522,referees,252,,,
523,referees,113,,,
523,referees,133,,13.089964866638184,34.07093811035156
523,referees,252,,,
524,referees,133,,13.19234848022461,34.18830490112305
524,referees,113,,,
524,referees,252,,,
525,referees,113,,,
525,referees,133,,13.164462089538574,34.47538757324219
525,referees,252,,,
526,referees,113,,,
526,referees,133,,13.19841480255127,34.5109977722168
527,referees,113,,,
527,referees,133,,13.180017471313477,34.46625518798828
528,referees,113,,,
528,referees,133,,13.172151565551758,34.51626205444336
529,referees,113,,,
529,referees,133,,13.264935493469238,34.53070068359375
530,referees,113,,,
531,referees,133,,13.370840072631836,34.63576889038086
531,referees,113,,,
532,referees,133,,13.38840389251709,34.53317642211914
532,referees,113,,,
533,referees,113,,,
533,referees,133,,13.439980506896973,34.296241760253906
534,referees,113,,,
534,referees,133,,13.420340538024902,34.452457427978516
535,referees,133,,13.46932315826416,34.382415771484375
535,referees,113,,,
536,referees,113,,,
536,referees,133,,13.485308647155762,34.397003173828125
537,referees,133,,13.485440254211426,34.3455810546875
537,referees,113,,,
538,referees,113,,,
538,referees,133,,13.519112586975098,34.475162506103516
538,referees,269,,,
539,referees,113,,,
539,referees,133,,13.563323974609375,34.666683197021484
539,referees,269,,,
540,referees,113,,,
540,referees,269,,,
541,referees,113,,,
541,referees,269,,,
542,referees,113,,,
542,referees,269,,,
543,referees,113,,,
543,referees,133,,13.709735870361328,34.454734802246094
544,referees,113,,,
544,referees,133,,13.686059951782227,34.53928756713867
545,referees,113,,,
545,referees,133,,13.73189640045166,34.41156005859375
546,referees,113,,,
546,referees,133,,13.741148948669434,34.448490142822266
547,referees,133,,13.752785682678223,34.48788070678711
547,referees,113,,,
548,referees,113,,,
548,referees,133,,13.764067649841309,34.467750549316406
549,referees,113,,,
549,referees,133,,13.804747581481934,34.517234802246094
550,referees,113,,,
550,referees,133,,13.954509735107422,34.271202087402344
551,referees,113,,,
551,referees,133,,13.942959785461426,34.495948791503906
551,referees,269,,,
552,referees,113,,,
552,referees,133,,13.950736999511719,34.456398010253906
552,referees,269,,,
553,referees,113,,,
553,referees,133,,13.975991249084473,34.2427978515625
553,referees,269,,,
554,referees,113,,,
554,referees,133,,14.031535148620605,34.20401382446289
554,referees,269,,,
555,referees,113,,,
555,referees,133,,14.045877456665039,34.248226165771484
556,referees,113,,,
557,referees,113,,,
558,referees,113,,,
558,referees,133,,13.942192077636719,34.37323760986328
559,referees,133,,13.987964630126953,34.1772346496582
559,referees,113,,,
560,referees,113,,,
560,referees,133,,13.977471351623535,34.322654724121094
561,referees,113,,,
561,referees,133,,13.977144241333008,34.27619934082031
562,referees,113,,,
562,referees,133,,13.924901008605957,34.44707107543945
563,referees,113,,,
563,referees,133,,13.90043830871582,34.36626052856445
563,referees,277,,,
564,referees,133,,13.900595664978027,34.46669387817383
564,referees,113,,,
564,referees,277,,,
565,referees,133,,13.90301513671875,34.40668869018555
565,referees,113,,,
565,referees,277,,,
566,referees,133,,13.874676704406738,34.42317199707031
566,referees,113,,,
567,referees,133,,13.880784034729004,34.301815032958984
567,referees,113,,,
568,referees,133,,13.820232391357422,34.49031448364258
568,referees,113,,,
569,referees,113,,,
569,referees,133,,13.844656944274902,34.46794891357422
570,referees,113,,,
571,referees,113,,,
571,referees,277,,,
571,referees,133,,13.818070411682129,34.53521728515625
572,referees,113,,,
572,referees,277,,,
573,referees,113,,,
573,referees,277,,,
574,referees,133,,13.8211669921875,34.690006256103516
574,referees,113,,,
574,referees,277,,,
575,referees,133,,13.835829734802246,34.63885498046875
575,referees,113,,,
575,referees,277,,,
576,referees,133,,13.851005554199219,34.74755096435547
576,referees,113,,,
576,referees,277,,,
577,referees,133,,13.855233192443848,34.7427864074707
577,referees,277,,,
577,referees,113,,,
578,referees,133,,13.863901138305664,34.7215576171875
578,referees,277,,,
578,referees,113,,,
578,referees,280,,,
579,referees,277,,,
579,referees,133,,13.883971214294434,34.79784393310547
579,referees,113,,,
579,referees,280,,,
580,referees,277,,,
580,referees,113,,,
580,referees,280,,,
581,referees,277,,,
581,referees,113,,,
581,referees,280,,,
582,referees,113,,,
582,referees,133,,13.902999877929688,34.99642562866211
582,referees,277,,,
582,referees,280,,,
583,referees,133,,13.914883613586426,34.95914077758789
583,referees,113,,,
583,referees,280,,,
584,referees,133,,13.95422649383545,34.91242218017578
584,referees,113,,,
584,referees,277,,,
584,referees,280,,,
585,referees,133,,13.954059600830078,35.00250244140625
585,referees,113,,,
585,referees,277,,,
586,referees,133,,13.956125259399414,35.157962799072266
586,referees,113,,,
586,referees,277,,,
587,referees,133,,13.972112655639648,35.082862854003906
587,referees,113,,,
587,referees,277,,,
588,referees,113,,,
588,referees,133,,14.019932746887207,35.0582275390625
588,referees,277,,,
589,referees,113,,,
589,referees,133,,14.039950370788574,35.05597686767578
589,referees,277,,,
590,referees,113,,,
590,referees,133,,14.089768409729004,35.07782745361328
590,referees,277,,,
591,referees,113,,,
592,referees,113,,,
592,referees,133,,14.117990493774414,35.30937957763672
593,referees,113,,,
594,referees,113,,,
595,referees,113,,,
596,referees,113,,,
597,referees,277,,,
597,referees,113,,,
598,referees,277,,,
598,referees,113,,,
599,referees,277,,,
599,referees,113,,,
600,referees,277,,,
600,referees,113,,,
601,referees,113,,,
601,referees,277,,,
602,referees,113,,,
602,referees,133,,14.494834899902344,35.24700927734375
602,referees,277,,,
603,referees,113,,,
603,referees,277,,,
604,referees,113,,,
604,referees,133,,14.546217918395996,35.23006820678711
604,referees,277,,,
605,referees,133,,14.609951972961426,35.096466064453125
605,referees,277,,,
605,referees,113,,,
606,referees,133,,14.603071212768555,35.34926223754883
606,referees,113,,,
606,referees,277,,,
607,referees,113,,,
607,referees,277,,,
608,referees,113,,,
608,referees,277,,,
609,referees,113,,,
609,referees,277,,,
610,referees,113,,,
610,referees,277,,,
611,referees,113,,,
611,referees,277,,,
611,referees,133,,14.812359809875488,35.04979705810547
612,referees,277,,,
612,referees,113,,,
612,referees,133,,14.877144813537598,34.98591995239258
613,referees,113,,,
613,referees,277,,,
613,referees,133,,14.910820960998535,34.970298767089844
614,referees,133,,14.964937210083008,34.84232711791992
614,referees,113,,,
614,referees,277,,,
615,referees,113,,,
616,referees,113,,,
616,referees,133,,15.06948184967041,34.697322845458984
617,referees,113,,,
618,referees,113,,,
618,referees,133,,15.165255546569824,34.431182861328125
619,referees,113,,,
619,referees,133,,15.159201622009277,34.66222381591797
619,referees,277,,,
620,referees,113,,,
620,referees,133,,15.16209602355957,34.77099609375
620,referees,277,,,
621,referees,113,,,
621,referees,133,,15.232380867004395,34.51750946044922
621,referees,277,,,
622,referees,113,,,
622,referees,277,,,
622,referees,133,,15.209990501403809,34.80979919433594
623,referees,113,,,
623,referees,277,,,
623,referees,133,,15.2994966506958,34.32123947143555
624,referees,113,,,
624,referees,133,,15.305827140808105,34.32204818725586
624,referees,277,,,
625,referees,113,,,
625,referees,133,,15.337625503540039,34.37101364135742
625,referees,277,,,
626,referees,113,,,
626,referees,277,,,
626,referees,133,,15.401153564453125,34.254940032958984
627,referees,113,,,
627,referees,133,,15.412267684936523,34.330108642578125
627,referees,277,,,
628,referees,113,,,
628,referees,133,,15.463526725769043,34.285789489746094
628,referees,277,,,
629,referees,113,,,
629,referees,133,,15.487497329711914,34.3995475769043
629,referees,277,,,
630,referees,113,,,
630,referees,133,,15.531777381896973,34.44171905517578
630,referees,277,,,
631,referees,113,,,
631,referees,277,,,
631,referees,133,,15.540037155151367,34.457054138183594
632,referees,113,,,
632,referees,277,,,
633,referees,113,,,
633,referees,277,,,
633,referees,133,,15.597540855407715,34.31515884399414
634,referees,113,,,
634,referees,277,,,
634,referees,294,,,
635,referees,113,,,
635,referees,294,,,
635,referees,277,,,
636,referees,113,,,
636,referees,277,,,
637,referees,113,,,
637,referees,277,,,
638,referees,113,,,
638,referees,277,,,
639,referees,113,,,
639,referees,277,,,
640,referees,113,,,
640,referees,277,,,
641,referees,113,,,
641,referees,277,,,
642,referees,113,,,
642,referees,277,,,
643,referees,113,,,
643,referees,133,,15.492262840270996,34.4538459777832
643,referees,277,,,
644,referees,113,,,
644,referees,133,,15.528093338012695,34.40098190307617
644,referees,277,,,
645,referees,113,,,
645,referees,133,,15.535673141479492,34.5210075378418
645,referees,277,,,
646,referees,113,,,
646,referees,133,,15.54532241821289,34.45774459838867
646,referees,277,,,
647,referees,113,,,
647,referees,133,,15.5660982131958,34.45954132080078
647,referees,277,,,
648,referees,113,,,
648,referees,133,,15.610877990722656,34.211891174316406
648,referees,277,,,
649,referees,113,,,
649,referees,277,,,
650,referees,113,,,
650,referees,277,,,
650,referees,133,,15.536537170410156,34.263389587402344
651,referees,113,,,
651,referees,133,,15.516965866088867,34.2850341796875
651,referees,277,,,
652,referees,113,,,
652,referees,133,,15.492047309875488,34.36129379272461
652,referees,277,,,
653,referees,113,,,
653,referees,133,,15.523664474487305,34.33330154418945
653,referees,277,,,
654,referees,113,,,
655,referees,113,,,
655,referees,277,,,
656,referees,113,,,
656,referees,133,,15.56087589263916,34.38021469116211
656,referees,277,,,
657,referees,113,,,
657,referees,133,,15.547513008117676,34.47283172607422
657,referees,277,,,
658,referees,113,,,
658,referees,133,,15.562647819519043,34.487728118896484
659,referees,113,,,
660,referees,113,,,
661,referees,113,,,
662,referees,133,,15.517271995544434,34.31760025024414
662,referees,113,,,
663,referees,113,,,
663,referees,277,,,
664,referees,113,,,
664,referees,277,,,
665,referees,113,,,
665,referees,277,,,
665,referees,133,,15.454352378845215,34.29167556762695
666,referees,113,,,
666,referees,277,,,
667,referees,113,,,
667,referees,133,,15.429113388061523,34.341529846191406
667,referees,277,,0.04673672094941139,13.077107429504395
668,referees,113,,,
668,referees,133,,15.406384468078613,34.45881652832031
668,referees,277,,0.1169738620519638,13.21979808807373
669,referees,113,,,
669,referees,277,,0.2352282702922821,13.285231590270996
669,referees,133,,15.417842864990234,34.54563903808594
670,referees,133,,15.485288619995117,34.484622955322266
670,referees,113,,,
670,referees,277,,0.3163764476776123,13.189186096191406
671,referees,133,,15.50893497467041,34.51024627685547
671,referees,113,,,
671,referees,277,,0.4166741371154785,13.089815139770508
672,referees,113,,,
672,referees,133,,15.517592430114746,34.41683578491211
672,referees,277,,0.5412082076072693,13.063972473144531
673,referees,113,,,
673,referees,133,,15.548917770385742,34.434200286865234
673,referees,277,,0.6977115869522095,13.007426261901855
674,referees,113,,,
674,referees,133,,15.537853240966797,34.36748123168945
674,referees,277,,0.8075018525123596,12.960110664367676
675,referees,113,,,
675,referees,277,,0.9164833426475525,13.166265487670898
676,referees,113,,,
676,referees,133,,15.49941635131836,34.34913635253906
677,referees,113,,,
677,referees,133,,15.499612808227539,34.36798858642578
678,referees,113,,,
678,referees,277,,1.3132178783416748,13.005558967590332
678,referees,133,,15.511028289794922,34.30589294433594
679,referees,113,,,
679,referees,277,,1.4322959184646606,13.066624641418457
679,referees,133,,15.568854331970215,34.292823791503906
680,referees,133,,15.540700912475586,34.595375061035156
680,referees,113,,,
680,referees,277,,1.5595613718032837,13.038347244262695
681,referees,113,,,
681,referees,133,,15.55303955078125,34.57927703857422
681,referees,277,,1.6658986806869507,13.444209098815918
682,referees,113,,,
682,referees,133,,15.575516700744629,34.49196243286133
682,referees,277,,1.7806154489517212,13.544137001037598
683,referees,113,,,
683,referees,277,,1.8813706636428833,13.282047271728516
684,referees,113,,,
684,referees,133,,15.511907577514648,34.54756164550781
684,referees,277,,1.9934996366500854,13.044177055358887
685,referees,113,,,
685,referees,133,,15.498217582702637,34.53065872192383
685,referees,277,,2.094517230987549,13.257895469665527
686,referees,113,,,
686,referees,277,,2.209355354309082,13.328557014465332
686,referees,133,,15.492674827575684,34.711490631103516
687,referees,113,,,
687,referees,133,,15.517448425292969,34.7704963684082
687,referees,277,,2.2940101623535156,13.125340461730957
688,referees,113,,,
688,referees,133,,15.508216857910156,34.93048858642578
688,referees,277,,2.3641347885131836,13.121794700622559
689,referees,113,,,
689,referees,133,,15.500341415405273,34.98723220825195
690,referees,113,,,
690,referees,133,,15.520306587219238,35.0163688659668
691,referees,113,,,
691,referees,133,,15.549960136413574,34.93538284301758
692,referees,113,,,
692,referees,133,,15.52371597290039,35.08815002441406
693,referees,113,,,
693,referees,133,,15.49160099029541,35.186771392822266
693,referees,277,,2.9061026573181152,13.131678581237793
694,referees,113,,,
694,referees,133,,15.45855712890625,35.212310791015625
694,referees,277,,3.0128567218780518,13.196057319641113
695,referees,113,,,
695,referees,133,,15.463480949401855,35.2098388671875
695,referees,277,,3.122101068496704,13.356005668640137
696,referees,113,,,
696,referees,133,,15.473264694213867,35.35118103027344
696,referees,277,,3.235435962677002,13.295771598815918
697,referees,113,,,
697,referees,133,,15.519087791442871,35.3569221496582
697,referees,277,,3.360504627227783,13.238901138305664
698,referees,113,,,
698,referees,133,,15.549428939819336,35.2949104309082
698,referees,277,,3.5051326751708984,13.150785446166992
699,referees,113,,,
699,referees,133,,15.519842147827148,35.488861083984375
699,referees,277,,3.6265807151794434,13.043336868286133
700,referees,113,,,
700,referees,133,,15.53268814086914,35.580963134765625
700,referees,277,,3.7265963554382324,13.01437759399414
701,referees,113,,,
701,referees,133,,15.559469223022461,35.49616241455078
701,referees,277,,3.81834077835083,13.113380432128906
702,referees,113,,,
702,referees,133,,15.684292793273926,35.41520309448242
703,referees,113,,,
703,referees,133,,15.523526191711426,35.43162536621094
703,referees,277,,4.092257499694824,13.134599685668945
704,referees,113,,,
704,referees,133,,15.53060245513916,35.4833984375
704,referees,277,,4.18970251083374,13.02957820892334
705,referees,113,,,
705,referees,277,,4.277311325073242,13.008720397949219
705,referees,133,,15.576045989990234,35.43491744995117
706,referees,113,,,
706,referees,133,,15.593283653259277,35.66804885864258
707,referees,133,,15.62463665008545,35.702064514160156
707,referees,113,,,
708,referees,133,,15.556441307067871,36.118831634521484
708,referees,113,,,
709,referees,133,,15.569100379943848,36.147735595703125
709,referees,113,,,
710,referees,133,,15.566929817199707,36.18476867675781
710,referees,113,,,
711,referees,133,,15.580411911010742,36.18333435058594
711,referees,113,,,
712,referees,113,,,
712,referees,133,,15.559243202209473,36.18800354003906
712,referees,277,,5.00204610824585,12.501882553100586
713,referees,113,,,
713,referees,133,,15.5625,36.02426528930664
714,referees,113,,,
714,referees,133,,15.609898567199707,35.999332427978516
714,referees,277,,5.201469421386719,12.512031555175781
715,referees,113,,,
715,referees,133,,15.632853507995605,36.13668441772461
715,referees,277,,5.326025009155273,12.624760627746582
716,referees,133,,15.62344741821289,36.25211715698242
716,referees,113,,,
716,referees,277,,5.327592372894287,12.74433422088623
717,referees,113,,,
717,referees,133,,15.614875793457031,36.36176681518555
718,referees,113,,,
718,referees,133,,15.57641315460205,36.647186279296875
719,referees,113,,,
719,referees,133,,15.595169067382812,36.58686828613281
720,referees,113,,,
720,referees,133,,15.600890159606934,36.39668273925781
721,referees,113,,,
721,referees,133,,15.528728485107422,36.56266403198242
721,referees,277,,5.659627437591553,12.61646842956543
722,referees,113,,,
722,referees,133,,15.540915489196777,36.42473602294922
723,referees,113,,,
723,referees,133,,15.560009956359863,36.4439582824707
724,referees,113,,,
724,referees,133,,15.574861526489258,36.5399055480957
724,referees,277,,5.939929962158203,12.59692096710205
725,referees,133,,15.549054145812988,36.80052185058594
725,referees,113,,,
725,referees,277,,6.007804870605469,12.613539695739746
726,referees,133,,15.531375885009766,36.95811462402344
726,referees,113,,,
727,referees,133,,15.473665237426758,37.22802734375
727,referees,113,,,
727,referees,277,,6.2085652351379395,12.530900955200195
728,referees,133,,15.472001075744629,37.27983856201172
728,referees,113,,,
729,referees,133,,15.498390197753906,37.216827392578125
729,referees,113,,,
730,referees,113,,,
730,referees,133,,15.474366188049316,36.97486877441406
731,referees,113,,,
731,referees,133,,15.451277732849121,37.0078239440918
731,referees,277,,6.617722034454346,12.687894821166992
732,referees,113,,,
732,referees,133,,15.437019348144531,36.955745697021484
732,referees,277,,6.74319314956665,12.603494644165039
733,referees,113,,,
733,referees,133,,15.462132453918457,37.05754089355469
733,referees,277,,6.841139793395996,12.679516792297363
734,referees,113,,,
734,referees,133,,15.482038497924805,37.06915283203125
735,referees,113,,,
735,referees,133,,15.425756454467773,37.38676071166992
736,referees,113,,,
736,referees,133,,15.36325740814209,37.521522521972656
737,referees,113,,,
737,referees,133,,15.358329772949219,37.61000442504883
737,referees,277,,7.067866802215576,12.19021987915039
738,referees,113,,,
738,referees,133,,15.282999992370605,37.60763931274414
738,referees,277,,7.192488193511963,12.279125213623047
739,referees,113,,,
739,referees,133,,15.266989707946777,37.44139099121094
739,referees,277,,7.273822784423828,12.123516082763672
740,referees,113,,,
740,referees,133,,15.259467124938965,37.20517349243164
740,referees,277,,7.343418121337891,12.255990982055664
741,referees,113,,,
741,referees,133,,15.268853187561035,37.26435470581055
741,referees,277,,7.408357620239258,11.94526195526123
742,referees,113,,,
742,referees,133,,15.279415130615234,37.3125114440918
742,referees,277,,7.40922212600708,12.103545188903809
743,referees,113,,,
743,referees,133,,15.25748062133789,37.670413970947266
743,referees,277,,7.582618236541748,12.21130084991455
744,referees,113,,,
744,referees,277,,7.572283744812012,12.546442031860352
745,referees,113,,,
745,referees,133,,15.253271102905273,37.76041793823242
745,referees,277,,7.570591449737549,12.325904846191406
746,referees,113,,,
746,referees,133,,15.249712944030762,37.621551513671875
747,referees,113,,,
747,referees,277,,7.652542591094971,12.457658767700195
748,referees,113,,,
748,referees,277,,7.670382022857666,12.336823463439941
749,referees,113,,,
749,referees,277,,7.751536846160889,12.194069862365723
0,ball,1,,17.01769256591797,64.1062240600586
1,ball,1,,17.01755714416504,64.10623168945312
92,ball,1,,1.660173773765564,57.50675582885742
93,ball,1,,1.6959303617477417,57.2813720703125
94,ball,1,,1.7262893915176392,57.11119079589844
97,ball,1,,1.8687320947647095,56.52613067626953
100,ball,1,,1.9966994524002075,55.901607513427734
101,ball,1,,2.0537374019622803,55.78860092163086
145,ball,1,,2.5396173000335693,42.4169807434082
151,ball,1,,1.987557291984558,40.75341033935547
152,ball,1,,1.8956536054611206,40.48457717895508
163,ball,1,,0.9186075925827026,38.37152862548828
164,ball,1,,0.8324980735778809,38.22119903564453
165,ball,1,,0.756219744682312,38.10829544067383
198,ball,1,,0.809204638004303,37.46357345581055
199,ball,1,,0.8092584609985352,37.474998474121094
200,ball,1,,0.8697906732559204,37.490447998046875
201,ball,1,,0.885513186454773,37.50166702270508
202,ball,1,,0.9154701828956604,37.389366149902344
204,ball,1,,0.9250314235687256,37.3648567199707
284,ball,1,,2.446345090866089,37.96561050415039
285,ball,1,,2.452061891555786,38.05107498168945
286,ball,1,,2.4705121517181396,38.085227966308594
287,ball,1,,2.48837947845459,38.106040954589844
288,ball,1,,2.470562696456909,38.2303581237793
289,ball,1,,2.476654529571533,38.26764678955078
290,ball,1,,2.503248691558838,38.24162673950195
291,ball,1,,2.4884891510009766,38.3635139465332
292,ball,1,,2.5275492668151855,38.286109924316406
293,ball,1,,2.5330142974853516,38.303306579589844
294,ball,1,,2.550179958343506,38.43949890136719
295,ball,1,,2.5357019901275635,38.458778381347656
